time,temperature,cloud_coverage
2024-12-19 02:08:22,13.8,100.0
2024-12-18 17:03:23,16.3,34.4
2024-12-18 19:05:23,15.0,53.9
2024-12-18 18:04:23,15.4,55.5
2024-12-18 19:29:21,15.0,53.9
2024-12-18 20:26:22,14.7,1.6
2024-12-18 21:23:22,14.4,8.6
2024-12-18 22:20:22,14.3,9.4
2024-12-18 23:17:22,14.5,26.6
2024-12-19 00:14:22,14.7,89.8
2024-12-19 01:11:22,14.2,99.2
2024-12-19 03:05:22,14.0,99.2
2024-12-19 04:02:22,13.9,99.2
2024-12-19 05:56:22,13.8,100.0
2024-12-19 06:53:22,13.6,100.0
2024-12-19 07:50:22,13.4,100.0
2024-12-19 08:47:22,13.1,99.2
2024-12-19 09:44:22,13.9,100.0
2024-12-19 10:41:22,15.7,100.0
2024-12-19 11:38:22,17.4,100.0
2024-12-19 12:35:22,18.3,98.4
2024-12-19 13:32:22,18.7,99.2
2024-12-20 07:35:22,6.9,10.2
2024-12-19 14:29:22,18.7,93.0
2024-12-19 15:26:22,18.8,46.1
2024-12-19 16:23:22,18.1,3.1
2024-12-19 17:20:22,16.9,3.1
2024-12-19 18:17:22,16.2,8.6
2024-12-19 19:14:22,15.1,7.8
2024-12-19 20:11:22,13.8,13.3
2024-12-19 21:08:22,12.6,3.9
2024-12-19 22:05:22,11.9,1.6
2024-12-19 23:02:22,11.3,2.3
2024-12-20 01:53:22,9.3,0.0
2024-12-20 00:56:22,10.3,1.6
2024-12-20 02:50:22,8.7,1.6
2024-12-20 03:47:22,8.3,8.6
2024-12-20 04:44:22,7.9,12.5
2024-12-20 05:41:22,7.6,9.4
2024-12-20 06:38:22,7.2,8.6
2024-12-20 08:32:22,6.8,8.6
2024-12-20 09:29:22,8.2,8.6
2024-12-20 10:26:22,9.8,4.7
2024-12-20 11:23:22,11.6,2.3
2024-12-20 12:20:22,13.1,0.8
2024-12-20 13:17:22,14.6,0.0
2024-12-20 14:14:22,15.1,0.0
2024-12-20 15:11:22,15.1,0.0
2024-12-20 16:08:22,13.6,0.0
2024-12-20 17:05:22,11.8,0.0
2024-12-20 18:02:22,10.8,0.0
2024-12-20 20:53:22,8.9,0.0
2024-12-20 19:56:22,10.0,0.0
2024-12-20 21:50:22,7.8,0.0
2024-12-20 22:47:22,6.7,0.0
2024-12-20 23:44:22,6.4,0.0
2024-12-21 00:41:22,6.4,0.0
2024-12-21 02:35:22,5.9,0.0
2024-12-21 03:32:22,5.5,0.0
2024-12-21 01:38:22,6.0,0.0
2024-12-21 05:26:22,4.5,0.0
2024-12-21 04:29:22,5.0,0.0
2024-12-21 06:23:22,4.0,0.0
2024-12-21 07:20:22,3.7,0.0
2024-12-21 08:17:22,3.9,0.0
2024-12-21 09:14:22,6.1,0.0
2024-12-21 10:11:22,9.1,0.0
2024-12-21 11:08:22,11.6,0.0
2024-12-21 12:05:22,13.0,0.0
2024-12-21 13:02:22,14.0,0.0
2024-12-21 13:59:22,14.1,0.0
2024-12-21 14:56:22,14.7,0.0
2024-12-22 09:56:22,8.9,65.6
2024-12-21 15:53:22,14.6,0.0
2024-12-21 16:50:22,13.6,0.0
2024-12-21 18:44:22,9.7,0.0
2024-12-21 17:47:22,11.5,0.0
2024-12-21 19:41:22,8.5,0.0
2024-12-21 20:38:22,7.7,0.0
2024-12-21 21:35:22,7.3,0.0
2024-12-21 23:29:22,6.6,0.0
2024-12-21 22:32:22,7.0,0.0
2024-12-22 00:26:22,6.4,0.0
2024-12-22 01:23:22,6.4,0.0
2024-12-22 02:20:22,6.3,3.9
2024-12-22 03:17:22,6.3,12.5
2024-12-22 04:14:22,6.2,47.7
2024-12-22 05:11:22,6.3,58.6
2024-12-22 06:08:22,6.2,11.7
2024-12-22 07:05:22,6.4,8.6
2024-12-22 08:02:22,6.8,49.2
2024-12-22 10:53:22,11.7,15.6
2024-12-22 11:50:22,14.5,81.2
2024-12-22 12:47:22,16.8,75.8
2024-12-22 13:44:22,18.0,50.8
2024-12-22 14:41:22,18.6,13.3
2024-12-22 15:38:22,18.3,5.5
2024-12-22 16:35:22,17.4,61.7
2024-12-22 17:32:22,16.0,80.5
2024-12-22 18:29:22,14.9,98.4
2024-12-22 19:26:22,15.9,78.1
2024-12-22 20:23:22,14.2,22.7
2024-12-22 21:20:22,12.8,27.3
2024-12-22 22:17:22,12.8,37.5
2024-12-22 23:14:22,12.8,14.8
2024-12-23 01:08:22,12.0,80.5
2024-12-23 00:11:22,12.2,19.5
2024-12-23 02:05:22,12.9,84.4
2024-12-23 03:02:22,12.6,96.9
2024-12-23 04:56:22,12.3,95.3
2024-12-23 05:53:22,11.1,91.4
2024-12-23 06:50:22,9.8,60.2
2024-12-23 07:47:22,11.1,98.4
2024-12-23 08:44:22,11.3,98.4
2024-12-23 10:38:22,13.6,95.3
2024-12-23 11:35:22,14.4,93.0
2024-12-23 12:32:22,14.6,92.2
2024-12-23 13:29:22,15.4,62.5
2024-12-23 14:26:22,15.4,26.6
2024-12-23 16:20:22,14.1,25.0
2024-12-23 17:17:22,12.5,20.3
2024-12-23 19:11:22,10.8,49.2
2024-12-23 20:08:22,10.0,60.9
2024-12-23 21:05:22,8.9,77.3
2024-12-23 22:02:22,8.3,50.8
2024-12-24 07:32:22,5.0,1.6
2024-12-24 10:23:22,11.0,8.6
2024-12-24 11:20:22,13.9,1.6
2024-12-24 15:08:23,19.0,1.6
2024-12-24 16:05:23,17.5,1.6
2024-12-24 18:56:23,13.9,3.1
2024-12-24 19:53:23,13.8,0.8
2024-12-24 20:50:23,12.9,0.0
2024-12-25 03:29:23,8.0,0.0
2024-12-25 02:32:23,8.5,0.0
2024-12-25 04:26:23,7.6,0.8
2024-12-25 05:23:23,7.2,0.0
2024-12-25 06:20:23,6.5,0.0
2024-12-25 10:08:23,13.9,0.0
2024-12-25 13:56:23,17.3,86.7
2024-12-23 09:41:22,12.3,97.7
2024-12-23 15:23:22,15.1,15.6
2024-12-23 18:14:22,11.6,34.4
2024-12-23 23:56:22,8.3,40.6
2024-12-24 00:53:22,8.2,48.4
2024-12-24 01:50:22,8.4,18.0
2024-12-24 02:47:22,7.5,7.0
2024-12-24 03:44:22,6.3,0.8
2024-12-24 04:41:22,5.5,0.0
2024-12-24 05:38:22,5.2,0.0
2024-12-24 06:35:22,5.0,0.8
2024-12-24 08:29:22,5.5,2.3
2024-12-24 09:26:22,7.9,5.5
2024-12-24 12:17:22,16.1,0.0
2024-12-24 13:14:22,17.6,0.0
2024-12-24 14:11:22,19.0,0.0
2024-12-24 17:02:23,14.9,3.1
2024-12-24 22:44:23,10.6,0.0
2024-12-24 23:41:23,10.2,0.0
2024-12-24 21:47:23,11.4,0.0
2024-12-25 01:35:23,9.3,0.0
2024-12-25 00:38:23,9.6,0.0
2024-12-25 07:17:23,6.1,0.0
2024-12-25 08:14:23,6.9,0.0
2024-12-25 09:11:23,10.5,0.0
2024-12-25 11:05:23,15.9,18.0
2024-12-25 12:02:23,16.4,31.2
2024-12-25 15:50:23,15.7,88.3
2024-12-25 16:47:23,15.1,86.7
2024-12-25 17:44:23,14.6,91.4
2024-12-25 18:41:23,14.1,27.3
2024-12-25 19:38:23,13.3,73.4
2024-12-25 20:35:23,13.4,100.0
2024-12-25 21:32:23,13.0,96.9
2024-12-25 22:29:23,12.3,55.5
2024-12-25 23:26:23,11.4,21.1
2024-12-26 00:23:23,10.7,14.8
2024-12-26 01:20:23,11.0,18.0
2024-12-26 02:17:23,10.1,3.9
2024-12-26 03:14:23,9.5,3.1
2024-12-26 04:11:23,9.1,18.7
2024-12-26 05:08:23,8.8,68.0
2024-12-26 06:05:23,9.1,94.5
2024-12-26 07:02:23,9.5,100.0
2024-12-26 07:59:23,7.7,14.1
2024-12-26 08:56:23,7.8,21.1
2024-12-26 09:53:23,10.2,13.3
2024-12-26 10:50:23,13.1,5.5
2024-12-26 11:47:23,15.0,5.5
2024-12-26 12:44:23,15.9,4.7
2024-12-26 13:41:23,16.2,3.9
2024-12-26 14:38:23,16.2,3.1
2024-12-26 15:35:23,15.7,2.3
2024-12-26 16:32:23,14.8,3.1
2024-12-26 17:29:23,13.2,1.6
2024-12-26 18:26:23,12.7,0.8
2024-12-26 19:23:23,12.2,2.3
2024-12-26 20:20:23,11.4,1.6
2024-12-26 22:14:23,9.3,39.8
2024-12-26 23:11:23,9.1,87.5
2024-12-26 21:17:23,10.1,4.7
2024-12-27 02:02:23,7.7,20.3
2024-12-27 00:08:23,9.6,100.0
2024-12-27 01:05:23,9.4,96.1
2024-12-27 03:56:23,7.3,33.6
2024-12-27 04:53:23,7.3,41.4
2024-12-27 05:50:23,7.1,38.3
2024-12-27 06:47:23,6.8,33.6
2024-12-27 07:44:23,6.6,40.6
2024-12-27 08:41:23,6.6,49.2
2024-12-27 11:32:23,13.4,52.3
2024-12-27 12:29:23,14.5,53.9
2024-12-27 13:26:23,14.4,65.6
2024-12-27 16:17:23,14.0,50.0
2024-12-27 17:14:23,12.9,13.3
2024-12-27 18:11:23,11.9,4.7
2024-12-27 19:08:23,10.9,6.2
2024-12-27 20:05:23,10.3,24.2
2024-12-27 21:02:23,9.8,21.1
2024-12-28 04:38:23,5.7,7.8
2024-12-28 03:41:23,6.1,14.1
2024-12-28 05:35:23,5.2,7.0
2024-12-28 06:32:23,5.1,5.5
2024-12-28 07:29:23,5.3,1.6
2024-12-25 14:53:23,16.5,78.9
2024-12-30 00:20:23,5.9,24.2
2024-12-30 01:17:23,5.5,28.9
2024-12-30 02:14:23,5.6,64.8
2024-12-30 03:11:23,5.7,96.9
2024-12-30 04:08:23,5.7,99.2
2024-12-28 08:26:23,5.5,3.1
2024-12-28 09:23:23,7.8,4.7
2024-12-28 12:14:23,14.6,1.6
2024-12-28 13:11:23,15.2,0.8
2024-12-28 14:08:23,15.6,0.8
2024-12-28 15:05:23,15.4,0.0
2024-12-28 16:59:23,14.6,0.0
2024-12-28 17:56:23,12.8,0.0
2024-12-28 18:53:23,12.0,0.0
2024-12-28 19:50:23,11.1,0.0
2024-12-28 20:47:23,10.1,0.0
2024-12-29 02:29:23,5.8,0.0
2024-12-29 03:26:23,5.4,0.0
2024-12-29 04:23:23,5.2,0.0
2024-12-29 05:20:23,5.1,0.0
2024-12-29 06:17:23,5.1,0.0
2024-12-29 07:14:23,4.9,0.0
2024-12-29 10:05:23,10.2,1.6
2024-12-29 11:02:23,12.5,1.6
2024-12-29 12:56:23,14.0,0.0
2024-12-29 15:47:23,14.4,0.0
2024-12-29 16:44:23,13.4,0.0
2024-12-29 17:41:23,11.5,0.0
2024-12-29 18:38:23,10.8,0.0
2024-12-30 05:05:23,6.1,46.1
2024-12-30 06:02:23,5.9,7.0
2024-12-30 07:56:23,5.1,4.7
2024-12-30 08:53:23,5.3,3.1
2024-12-27 09:38:23,8.7,45.3
2024-12-27 10:35:23,11.4,51.6
2024-12-27 14:23:23,14.7,60.2
2024-12-27 15:20:23,14.5,72.7
2024-12-27 23:53:23,8.2,14.1
2024-12-27 22:56:23,9.1,17.2
2024-12-28 00:50:23,7.5,10.2
2024-12-28 01:47:23,6.5,10.2
2024-12-28 02:44:23,6.2,11.7
2024-12-28 10:20:23,10.6,3.1
2024-12-28 11:17:23,13.1,2.3
2024-12-28 16:02:23,14.6,0.0
2024-12-28 21:44:23,8.9,0.0
2024-12-28 22:41:23,8.0,0.0
2024-12-28 23:38:23,7.7,0.0
2024-12-29 00:35:23,6.8,0.0
2024-12-29 01:32:23,6.2,0.0
2024-12-29 08:11:23,5.4,0.8
2024-12-29 09:08:23,7.4,1.6
2024-12-29 13:53:23,14.5,0.0
2024-12-29 14:50:23,14.7,0.0
2024-12-29 19:35:23,10.4,0.0
2024-12-29 20:32:23,9.3,0.0
2024-12-29 21:29:23,7.6,3.1
2024-12-29 22:26:23,6.8,13.3
2024-12-29 23:23:23,6.2,32.0
2024-12-30 09:50:23,7.2,2.3
2024-12-30 10:47:23,10.1,2.3
2024-12-30 11:44:23,12.6,3.9
2024-12-30 12:41:23,13.8,2.3
2024-12-30 13:38:23,14.3,0.8
2024-12-30 14:35:23,14.4,1.6
2024-12-30 16:29:23,13.4,0.0
2024-12-30 17:26:23,11.6,0.0
2024-12-30 22:11:23,7.0,18.0
2024-12-30 23:08:23,6.6,29.7
2024-12-31 00:05:23,6.1,43.0
2024-12-31 01:59:23,6.1,84.4
2024-12-31 01:02:23,5.9,65.6
2024-12-31 02:56:23,6.4,88.3
2024-12-31 03:53:23,6.9,99.2
2024-12-31 04:50:23,7.3,91.4
2024-12-31 05:47:23,7.3,88.3
2024-12-31 06:44:23,7.5,99.2
2024-12-31 08:38:23,8.1,82.8
2024-12-31 09:35:23,9.3,96.1
2024-12-31 10:32:23,10.7,99.2
2024-12-31 11:29:23,12.2,98.4
2024-12-31 14:20:23,12.5,96.1
2024-12-31 15:17:23,12.8,86.7
2024-12-31 16:14:23,12.4,51.6
2024-12-31 20:02:23,9.7,99.2
2024-12-31 21:56:23,8.8,47.7
2024-12-31 22:53:23,8.2,60.2
2024-12-31 23:50:23,7.5,82.8
2025-01-01 01:44:23,7.2,68.7
2025-01-01 00:47:23,7.1,78.9
2025-01-01 02:41:23,6.8,59.4
2025-01-01 03:38:23,7.0,82.0
2025-01-01 08:23:23,6.5,58.6
2025-01-01 09:20:23,8.2,60.9
2025-01-01 10:17:23,10.4,82.8
2025-01-01 12:11:23,12.9,78.9
2025-01-01 13:08:23,13.0,53.9
2025-01-01 14:05:23,13.9,43.0
2025-01-01 15:02:23,13.6,54.7
2025-01-01 17:53:23,11.7,26.6
2025-01-01 18:50:23,10.9,32.0
2025-01-01 19:47:23,9.9,28.9
2025-01-01 20:44:23,9.0,32.0
2025-01-02 03:23:23,5.5,14.8
2025-01-02 05:17:23,4.9,16.4
2025-01-02 04:20:23,5.2,10.2
2025-01-02 06:14:23,4.9,21.1
2025-01-02 07:11:23,4.6,42.2
2025-01-02 08:08:23,5.6,29.7
2025-01-02 10:02:23,9.6,2.3
2025-01-02 11:56:23,12.2,0.0
2025-01-02 12:53:23,14.1,0.0
2025-01-02 15:44:23,15.4,1.6
2025-01-02 16:41:23,14.6,60.2
2025-01-02 17:38:23,12.5,100.0
2025-01-02 22:23:23,7.9,44.5
2025-01-02 23:20:23,7.5,51.6
2025-01-03 00:17:23,7.3,21.9
2025-01-03 01:14:23,7.1,39.8
2025-01-03 02:11:23,7.7,31.2
2025-01-03 03:08:23,7.6,28.9
2025-01-03 04:05:23,8.0,22.7
2025-01-03 05:02:23,8.5,17.2
2025-01-03 08:50:23,10.1,57.8
2025-01-03 09:47:23,11.8,34.4
2025-01-03 10:44:23,13.7,58.6
2025-01-03 12:38:23,16.5,25.8
2025-01-03 13:35:23,17.4,50.0
2025-01-03 14:32:23,18.0,44.5
2025-01-03 15:29:23,17.9,22.7
2025-01-03 18:20:23,14.3,73.4
2025-01-03 19:17:23,14.1,100.0
2025-01-03 20:14:23,13.8,91.4
2025-01-03 21:11:23,13.4,82.0
2025-01-03 22:08:23,12.8,42.2
2025-01-03 23:05:23,12.4,23.4
2025-01-04 00:02:23,12.1,51.6
2025-01-04 01:56:23,12.5,27.3
2025-01-04 06:41:23,9.8,60.2
2025-01-04 07:38:23,10.1,98.4
2025-01-04 08:35:23,10.1,100.0
2025-01-04 09:32:23,11.5,100.0
2025-01-04 12:23:23,16.4,42.2
2025-01-04 13:20:23,17.4,28.9
2025-01-04 14:17:23,17.9,6.2
2024-12-30 15:32:23,14.2,0.0
2024-12-30 18:23:23,10.9,0.0
2024-12-30 19:20:23,10.5,0.8
2024-12-30 20:17:23,9.6,10.2
2024-12-30 21:14:23,7.9,14.8
2024-12-31 07:41:23,8.1,98.4
2024-12-31 12:26:23,13.2,100.0
2024-12-31 13:23:23,11.6,100.0
2024-12-31 17:11:23,11.6,85.9
2024-12-31 18:08:23,10.7,94.5
2024-12-31 19:05:23,10.2,100.0
2025-01-01 04:35:23,6.8,57.0
2025-01-01 06:29:23,6.0,28.1
2025-01-01 05:32:23,6.4,46.1
2025-01-01 07:26:23,6.4,61.7
2025-01-01 11:14:23,11.9,65.6
2025-01-01 16:56:23,13.0,39.1
2025-01-01 21:41:23,8.4,28.9
2025-01-01 22:38:23,7.9,17.2
2025-01-01 23:35:23,7.3,0.8
2025-01-02 00:32:23,6.7,0.0
2025-01-02 02:26:23,6.0,21.9
2025-01-02 01:29:23,6.4,29.7
2025-01-02 09:05:23,7.4,21.9
2025-01-02 13:50:23,15.2,0.0
2025-01-02 14:47:23,15.5,0.0
2025-01-02 18:35:23,11.3,91.4
2025-01-02 20:29:23,9.8,18.7
2025-01-02 19:32:23,10.7,9.4
2025-01-02 21:26:23,8.7,37.5
2025-01-03 06:56:23,8.9,65.6
2025-01-03 07:53:23,9.7,60.2
2025-01-03 11:41:23,15.2,32.0
2025-01-03 16:26:23,16.8,39.1
2025-01-03 17:23:23,15.1,61.7
2025-01-04 02:53:23,12.2,32.8
2025-01-04 03:50:23,11.7,76.6
2025-01-04 04:47:23,11.0,81.2
2025-01-04 05:44:23,10.3,31.2
2025-01-04 10:29:23,13.6,100.0
2025-01-04 11:26:23,15.1,88.3
2025-01-04 16:11:23,16.6,10.2
2025-01-05 00:44:23,11.1,28.1
2025-01-04 23:47:23,11.2,25.8
2025-01-05 02:38:23,10.5,43.7
2025-01-05 01:41:23,10.7,39.1
2025-01-05 03:35:23,10.3,57.8
2025-01-05 07:23:23,10.3,99.2
2025-01-05 13:05:23,16.7,93.0
2025-01-05 14:02:23,17.5,98.4
2025-01-05 16:53:23,16.8,100.0
2025-01-05 17:50:23,14.8,99.2
2025-01-06 03:20:23,11.3,99.2
2025-01-06 05:14:23,11.4,93.7
2025-01-06 04:17:23,11.6,89.1
2025-01-06 06:11:23,11.3,72.7
2025-01-04 15:14:23,17.8,2.3
2025-01-04 17:08:23,14.6,20.3
2025-01-04 18:05:23,13.3,59.4
2025-01-04 19:02:23,12.6,95.3
2025-01-04 19:59:23,12.9,96.9
2025-01-04 20:56:23,12.1,64.8
2025-01-04 21:53:23,11.6,50.0
2025-01-04 22:50:23,11.2,87.5
2025-01-05 04:32:23,10.0,54.7
2025-01-05 05:29:23,9.9,90.6
2025-01-05 06:26:23,9.9,93.7
2025-01-05 08:20:23,10.5,92.2
2025-01-05 09:17:23,11.5,92.2
2025-01-05 10:14:23,14.0,96.1
2025-01-05 11:11:23,15.1,94.5
2025-01-05 12:08:23,16.2,94.5
2025-01-05 15:56:23,18.0,96.9
2025-01-05 18:47:23,13.6,98.4
2025-01-05 19:44:23,13.5,97.7
2025-01-05 20:41:23,12.8,95.3
2025-01-05 21:38:23,12.3,99.2
2025-01-05 22:35:23,11.3,100.0
2025-01-05 23:32:23,11.1,93.0
2025-01-06 00:29:23,11.0,100.0
2025-01-06 01:26:23,12.2,97.7
2025-01-06 02:23:23,11.7,93.7
2025-01-06 07:08:23,11.0,100.0
2025-01-06 08:05:23,11.3,79.7
2025-01-06 09:02:23,12.5,100.0
2025-01-06 11:53:23,16.8,100.0
2025-01-06 12:50:23,17.9,100.0
2025-01-06 13:47:23,17.1,100.0
2025-01-06 16:38:23,16.6,98.4
2025-01-06 17:35:23,15.1,91.4
2025-01-06 18:32:23,14.4,37.5
2025-01-06 19:29:23,13.7,56.2
2025-01-06 23:17:23,11.0,9.4
2025-01-07 00:14:23,10.8,2.3
2025-01-07 01:11:23,10.3,0.8
2025-01-07 02:08:23,10.0,0.0
2025-01-07 04:02:23,9.5,12.5
2025-01-07 03:05:23,9.7,0.0
2025-01-07 05:56:23,9.0,5.5
2025-01-07 07:50:23,8.5,1.6
2025-01-07 08:47:23,8.2,3.1
2025-01-07 09:44:23,9.7,13.3
2025-01-07 11:38:23,13.3,62.5
2025-01-07 12:35:23,14.8,36.7
2025-01-07 13:32:23,15.9,0.8
2025-01-07 14:29:23,16.3,0.8
2025-01-07 15:26:23,15.9,6.2
2025-01-07 16:23:23,15.6,58.6
2025-01-07 17:20:23,14.2,29.7
2025-01-07 18:17:23,13.4,32.0
2025-01-07 19:14:37,13.0,37.5
2025-01-07 20:11:37,12.4,39.1
2025-01-07 22:05:37,12.6,51.6
2025-01-07 21:08:37,12.5,34.4
2025-01-07 23:02:37,12.5,35.9
2025-01-08 00:56:37,12.5,29.7
2025-01-08 01:53:37,12.4,10.9
2025-01-08 02:50:37,12.7,3.9
2025-01-08 03:47:37,12.6,7.0
2025-01-08 05:41:37,12.3,0.8
2025-01-08 04:44:37,12.4,1.6
2025-01-08 06:38:37,12.2,27.3
2025-01-08 07:35:37,12.1,23.4
2025-01-08 08:32:37,12.0,62.5
2025-01-08 09:29:37,13.3,88.3
2025-01-08 12:20:37,16.4,97.7
2025-01-08 13:17:37,18.3,90.6
2025-01-08 16:08:37,19.0,100.0
2025-01-08 17:05:46,17.4,100.0
2025-01-08 20:53:47,15.7,93.7
2025-01-08 21:50:47,15.3,96.9
2025-01-08 22:47:47,15.1,99.2
2025-01-08 23:44:47,15.0,97.7
2025-01-09 00:41:47,15.0,95.3
2025-01-09 05:26:47,14.0,82.0
2025-01-09 04:29:47,14.0,68.7
2025-01-09 06:23:47,13.8,90.6
2025-01-09 08:17:59,14.1,86.7
2025-01-09 10:11:59,16.4,36.7
2025-01-09 11:08:59,17.7,22.7
2025-01-09 12:05:59,18.6,12.5
2025-01-09 13:02:59,19.3,6.2
2025-01-09 14:56:59,20.5,5.5
2025-01-09 15:53:59,20.6,27.3
2025-01-09 18:44:59,17.9,11.7
2025-01-09 19:41:59,16.3,2.3
2025-01-09 20:38:59,15.6,0.0
2025-01-09 21:35:59,15.2,0.0
2025-01-09 22:32:59,15.1,7.8
2025-01-10 00:26:59,13.8,27.3
2025-01-09 23:29:59,14.6,18.7
2025-01-10 02:20:59,13.2,8.6
2025-01-10 01:23:59,13.7,0.0
2025-01-10 07:05:59,12.3,18.7
2025-01-10 08:02:59,12.7,28.9
2025-01-10 11:50:59,17.9,25.0
2025-01-10 12:47:59,19.5,47.7
2025-01-10 15:38:59,21.1,35.2
2025-01-10 16:35:59,20.1,30.5
2025-01-10 17:32:59,18.3,2.3
2025-01-10 18:29:59,17.1,0.0
2025-01-10 22:17:59,14.5,6.2
2025-01-11 00:11:59,14.0,7.0
2025-01-10 23:14:59,13.8,17.2
2025-01-11 01:08:59,14.4,10.9
2025-01-11 02:05:59,14.7,6.2
2025-01-11 03:02:59,14.7,46.9
2025-01-11 04:56:59,14.8,98.4
2025-01-06 10:56:23,15.0,100.0
2025-01-06 14:44:23,17.5,100.0
2025-01-06 15:41:23,17.5,88.3
2025-01-06 20:26:23,13.3,20.3
2025-01-06 21:23:23,12.3,7.8
2025-01-06 22:20:23,11.4,8.6
2025-01-07 06:53:23,8.4,14.8
2025-01-07 10:41:23,11.7,17.2
2025-01-08 10:26:37,14.9,85.9
2025-01-08 11:23:37,16.0,96.9
2025-01-08 14:14:37,19.4,96.9
2025-01-08 15:11:37,19.9,100.0
2025-01-08 18:02:47,16.7,100.0
2025-01-08 19:56:47,16.9,84.4
2025-01-09 01:38:47,14.2,89.8
2025-01-09 02:35:47,14.1,90.6
2025-01-09 03:32:47,14.1,66.4
2025-01-09 09:14:59,15.1,96.1
2025-01-09 13:59:59,19.8,12.5
2025-01-09 16:50:59,19.9,26.6
2025-01-09 17:47:59,18.6,8.6
2025-01-10 04:14:59,12.4,7.0
2025-01-10 03:17:59,12.7,3.9
2025-01-10 05:11:59,12.1,0.8
2025-01-10 06:08:59,12.2,2.3
2025-01-10 09:56:59,14.4,59.4
2025-01-10 10:53:59,16.1,40.6
2025-01-10 13:44:59,21.1,35.2
2025-01-12 17:02:59,14.2,0.0
2025-01-13 00:38:59,9.6,13.3
2025-01-13 01:35:59,8.2,35.9
2025-01-11 07:47:59,16.2,100.0
2025-01-11 08:44:59,16.5,100.0
2025-01-11 09:41:59,17.1,100.0
2025-01-11 11:35:59,20.5,24.2
2025-01-11 12:32:59,21.7,3.9
2025-01-11 13:29:59,22.7,17.2
2025-01-11 16:20:59,22.1,7.8
2025-01-11 17:17:59,20.7,3.1
2025-01-11 22:02:59,15.4,56.2
2025-01-11 23:56:59,14.5,75.0
2025-01-12 01:50:59,14.1,100.0
2025-01-12 07:32:59,11.7,3.1
2025-01-12 02:47:59,13.1,99.2
2025-01-12 03:44:59,12.5,92.2
2025-01-12 06:35:59,11.6,4.7
2025-01-12 08:29:59,11.5,4.7
2025-01-12 10:23:59,15.0,16.4
2025-01-12 11:20:59,15.6,6.2
2025-01-13 02:32:59,7.5,8.6
2025-01-12 14:11:59,18.1,0.0
2025-01-12 15:08:59,16.1,0.0
2025-01-12 16:05:59,15.1,0.0
2025-01-12 21:47:59,11.2,10.2
2025-01-12 22:44:59,10.6,70.3
2025-01-13 03:29:59,6.6,7.0
2025-01-13 04:26:59,5.9,2.3
2025-01-12 23:41:59,10.6,48.4
2025-01-13 07:17:59,5.0,2.3
2025-01-10 14:41:59,21.5,30.5
2025-01-10 19:26:59,16.1,0.8
2025-01-10 20:23:59,15.4,0.8
2025-01-10 21:20:59,14.9,6.2
2025-01-11 05:53:59,15.1,100.0
2025-01-11 06:50:59,15.4,100.0
2025-01-11 10:38:59,18.6,13.3
2025-01-11 14:26:59,23.4,13.3
2025-01-11 15:23:59,22.6,5.5
2025-01-11 18:14:59,19.5,1.6
2025-01-11 19:11:59,18.2,3.9
2025-01-11 20:08:59,17.5,41.4
2025-01-11 21:05:59,16.5,39.8
2025-01-12 00:53:59,14.1,96.1
2025-01-12 04:41:59,11.8,85.2
2025-01-12 05:38:59,11.4,62.5
2025-01-12 09:26:59,13.4,25.8
2025-01-12 12:17:59,16.5,0.8
2025-01-12 13:14:59,18.4,0.0
2025-01-12 18:56:59,13.6,1.6
2025-01-12 19:53:59,12.4,14.8
2025-01-12 20:50:59,12.0,7.8
2025-01-13 08:14:59,5.2,0.8
2025-01-13 13:56:59,13.8,0.0
2025-01-13 17:44:59,10.7,0.0
2025-01-13 19:38:59,9.8,0.0
2025-01-13 18:41:59,10.0,0.0
2025-01-14 04:11:59,3.3,0.0
2025-01-13 09:11:59,7.0,0.0
2025-01-13 10:08:59,9.9,0.0
2025-01-13 11:05:59,12.1,0.0
2025-01-13 12:02:59,13.2,0.0
2025-01-13 14:53:59,13.9,0.0
2025-01-13 15:50:59,13.3,0.0
2025-01-13 16:47:59,12.2,0.0
2025-01-14 10:50:59,8.7,0.0
2025-01-13 20:35:59,9.0,0.0
2025-01-13 21:32:59,8.1,0.0
2025-01-13 22:29:59,6.9,0.0
2025-01-13 23:26:59,5.9,0.0
2025-01-14 00:23:59,5.1,0.8
2025-01-14 01:20:59,4.8,0.0
2025-01-14 02:17:59,4.4,0.0
2025-01-14 03:14:59,4.0,0.0
2025-01-14 07:59:59,2.4,0.0
2025-01-14 08:56:59,2.4,0.0
2025-01-14 12:44:59,12.5,0.0
2025-01-14 13:41:59,12.8,0.0
2025-01-14 14:38:59,13.0,0.0
2025-01-14 16:33:11,12.1,0.0
2025-01-14 17:30:11,9.9,0.0
2025-01-16 02:45:13,3.3,0.0
2025-01-14 18:27:11,9.0,0.0
2025-01-14 19:24:11,8.4,0.0
2025-01-14 20:21:11,7.5,0.0
2025-01-15 01:06:12,3.5,0.0
2025-01-15 02:03:12,3.2,0.0
2025-01-15 03:00:12,2.4,0.0
2025-01-15 04:54:12,2.0,0.0
2025-01-15 05:51:12,1.7,0.0
2025-01-15 06:48:12,1.6,0.0
2025-01-15 08:42:12,1.9,0.0
2025-01-15 09:39:12,4.3,0.0
2025-01-15 10:36:12,7.5,0.0
2025-01-15 11:33:13,10.4,0.0
2025-01-15 13:27:13,13.0,29.7
2025-01-15 14:24:13,13.6,0.0
2025-01-15 15:21:13,13.6,7.0
2025-01-16 03:42:13,2.7,0.0
2025-01-15 17:15:13,10.7,96.9
2025-01-15 18:12:13,9.7,85.9
2025-01-15 19:09:13,8.8,57.8
2025-01-15 20:06:13,7.5,0.8
2025-01-15 21:03:13,5.4,9.4
2025-01-15 22:00:13,4.1,94.5
2025-01-16 06:33:13,3.0,0.8
2025-01-16 07:30:13,4.6,21.1
2025-01-16 08:27:13,6.6,1.6
2025-01-16 11:18:13,12.7,22.7
2025-01-16 12:15:13,12.9,26.6
2025-01-16 13:12:13,12.9,59.4
2025-01-16 15:06:13,11.4,96.1
2025-01-16 16:03:13,10.0,86.7
2025-01-16 17:00:13,9.0,53.1
2025-01-16 18:54:13,8.6,100.0
2025-01-14 06:05:59,2.5,0.0
2025-01-14 05:08:59,3.0,0.0
2025-01-14 07:02:59,1.8,0.0
2025-01-14 09:53:59,5.1,0.0
2025-01-14 11:47:59,11.2,0.0
2025-01-14 21:18:11,6.6,5.5
2025-01-14 22:15:11,5.2,0.8
2025-01-14 23:12:11,4.4,5.5
2025-01-15 00:09:11,4.0,0.0
2025-01-15 07:45:12,1.3,0.0
2025-01-15 12:30:13,12.1,0.0
2025-01-15 16:18:13,13.2,62.5
2025-01-15 23:54:13,3.8,31.2
2025-01-16 00:51:13,3.5,12.5
2025-01-16 01:48:13,3.9,0.0
2025-01-16 04:39:13,2.3,0.0
2025-01-16 05:36:13,2.3,0.0
2025-01-16 09:24:13,9.3,2.3
2025-01-16 10:21:13,11.6,2.3
2025-01-16 14:09:13,12.0,26.6
2025-01-16 21:45:13,8.1,93.0
2025-01-16 22:42:13,8.2,99.2
2025-01-16 23:39:13,8.6,98.4
2025-01-17 00:36:13,8.8,100.0
2025-01-17 01:33:13,8.5,99.2
2025-01-17 08:12:13,9.4,81.2
2025-01-17 12:00:13,10.6,91.4
2025-01-17 13:54:28,11.9,98.4
2025-01-13 05:23:59,5.5,3.1
2025-01-13 06:20:59,5.2,8.6
2025-01-18 01:18:28,5.1,10.2
2025-01-18 02:15:28,4.8,19.5
2025-01-18 07:57:28,5.0,0.0
2025-01-18 11:45:28,13.5,95.3
2025-01-18 16:30:28,13.4,100.0
2025-01-18 19:21:28,9.6,84.4
2025-01-18 20:18:28,8.9,60.9
2025-01-18 21:15:28,8.5,48.4
2025-01-16 19:51:13,8.5,100.0
2025-01-16 20:48:13,8.3,97.7
2025-01-17 02:30:13,8.5,100.0
2025-01-17 04:24:13,8.6,91.4
2025-01-17 03:27:13,8.5,100.0
2025-01-17 05:21:13,8.5,64.8
2025-01-17 06:18:13,8.5,71.1
2025-01-17 07:15:13,8.7,36.7
2025-01-17 09:09:13,9.6,89.8
2025-01-17 10:06:13,10.0,99.2
2025-01-17 11:03:13,10.2,100.0
2025-01-17 14:51:28,11.9,99.2
2025-01-17 16:45:28,11.7,97.7
2025-01-17 17:42:28,11.8,68.0
2025-01-17 19:36:28,10.9,57.8
2025-01-17 20:33:28,9.8,72.7
2025-01-17 21:30:28,9.4,22.7
2025-01-17 22:27:28,8.7,10.2
2025-01-17 23:24:28,7.4,7.0
2025-01-18 00:21:28,5.8,7.0
2025-01-18 06:03:28,5.3,0.0
2025-01-18 07:00:28,5.2,0.0
2025-01-18 08:54:28,5.3,0.0
2025-01-18 12:42:28,15.0,98.4
2025-01-18 15:33:28,14.4,100.0
2025-01-18 17:27:28,11.3,100.0
2025-01-18 18:24:28,10.2,68.0
2025-01-19 02:00:28,4.6,71.9
2025-01-18 22:12:28,7.8,23.4
2025-01-20 01:45:28,5.0,100.0
2025-01-20 02:42:28,5.4,81.2
2025-01-20 03:39:28,5.7,33.6
2025-01-20 08:24:28,6.4,97.7
2025-01-20 09:21:28,7.8,96.1
2025-01-20 13:09:28,13.4,88.3
2025-01-20 20:45:28,11.4,100.0
2025-01-21 00:33:58,10.6,100.0
2025-01-21 01:30:58,10.6,100.0
2025-01-21 02:27:58,10.6,100.0
2025-01-19 03:54:28,4.3,79.7
2025-01-19 04:51:28,4.2,100.0
2025-01-19 05:48:28,4.1,100.0
2025-01-19 07:42:28,3.5,100.0
2025-01-19 08:39:28,3.3,86.7
2025-01-19 09:36:28,5.6,33.6
2025-01-19 10:33:28,9.0,83.6
2025-01-19 11:30:28,11.6,27.3
2025-01-19 13:24:28,13.8,0.0
2025-01-19 14:21:28,14.0,0.0
2025-01-19 15:18:28,14.0,0.0
2025-01-19 16:15:28,13.4,0.0
2025-01-19 17:12:28,11.2,24.2
2025-01-19 18:09:28,9.8,64.1
2025-01-19 19:06:28,9.1,96.9
2025-01-19 20:03:28,8.4,4.7
2025-01-19 21:00:28,7.0,98.4
2025-01-20 04:36:28,6.1,96.9
2025-01-20 05:33:28,6.6,1.6
2025-01-20 06:30:28,6.3,27.3
2025-01-20 12:12:28,14.1,100.0
2025-01-20 14:06:28,13.7,51.6
2025-01-20 15:03:28,13.7,61.7
2025-01-20 17:54:28,12.4,100.0
2025-01-20 18:51:28,12.0,100.0
2025-01-20 19:48:28,12.0,100.0
2025-01-20 23:36:58,10.6,100.0
2025-01-21 03:24:58,10.5,100.0
2025-01-17 15:48:28,11.8,100.0
2025-01-17 18:39:28,11.5,84.4
2025-01-18 03:12:28,5.1,34.4
2025-01-18 05:06:28,5.3,12.5
2025-01-18 04:09:28,5.2,35.9
2025-01-18 09:51:28,7.6,10.9
2025-01-18 10:48:28,10.8,59.4
2025-01-18 13:39:28,15.1,96.9
2025-01-18 14:36:28,15.0,100.0
2025-01-18 23:09:28,6.6,8.6
2025-01-19 00:06:28,5.1,50.8
2025-01-19 01:03:28,4.8,94.5
2025-01-19 06:45:28,3.8,99.2
2025-01-19 12:27:28,13.1,6.2
2025-01-19 22:54:28,6.6,57.8
2025-01-19 23:51:28,5.4,60.2
2025-01-20 00:48:28,4.7,66.4
2025-01-20 07:27:28,6.1,68.0
2025-01-20 10:18:28,9.8,96.9
2025-01-20 11:15:28,12.1,75.8
2025-01-20 16:00:28,13.5,73.4
2025-01-20 22:39:58,11.0,100.0
2025-01-21 06:15:58,9.5,100.0
2025-01-21 09:06:58,11.1,85.9
2025-01-21 10:03:58,12.9,100.0
2025-01-21 14:48:58,16.9,96.1
2025-01-21 15:45:58,17.0,95.3
2025-01-21 17:39:58,14.2,69.5
2025-01-22 12:15:53,19.0,24.2
2025-01-22 13:15:53,20.3,33.6
2025-01-22 17:15:53,17.1,43.0
2025-01-22 19:48:51,14.1,92.2
2025-01-22 20:48:51,13.3,89.1
2025-01-23 02:48:51,11.5,99.2
2025-01-21 05:18:58,10.1,100.0
2025-01-21 04:21:58,10.4,100.0
2025-01-21 07:12:58,9.3,100.0
2025-01-21 08:09:58,9.8,97.7
2025-01-21 11:00:58,14.5,100.0
2025-01-21 12:54:58,14.4,78.1
2025-01-21 13:51:58,16.0,100.0
2025-01-21 16:42:58,15.8,88.3
2025-01-21 18:36:58,13.3,89.1
2025-01-21 19:15:49,12.4,71.9
2025-01-21 21:15:50,10.6,78.1
2025-01-21 22:15:50,10.1,44.5
2025-01-21 23:15:50,9.7,89.8
2025-01-22 00:15:50,9.6,100.0
2025-01-22 03:15:50,9.8,95.3
2025-01-22 04:15:50,9.6,66.4
2025-01-22 06:15:50,9.0,60.9
2025-01-22 07:15:50,8.4,88.3
2025-01-22 09:15:50,10.6,14.8
2025-01-22 10:15:50,13.9,48.4
2025-01-22 14:15:53,19.7,99.2
2025-01-22 15:15:53,19.0,79.7
2025-01-22 18:15:53,17.1,58.6
2025-01-22 18:48:51,17.1,58.6
2025-01-22 21:48:51,12.1,100.0
2025-01-22 22:48:51,11.5,98.4
2025-01-22 23:48:51,11.1,43.0
2025-01-23 00:48:51,10.7,76.6
2025-01-23 03:48:51,11.0,99.2
2025-01-23 04:48:51,10.4,83.6
2025-01-24 00:48:51,13.2,0.0
2025-01-24 01:48:51,13.1,0.0
2025-01-24 02:48:51,13.0,0.0
2025-01-24 07:48:51,12.9,8.6
2025-01-24 10:48:51,16.5,6.2
2025-01-24 13:48:51,18.9,0.8
2025-01-24 16:48:51,20.0,0.0
2025-01-24 18:48:51,15.1,0.0
2025-01-24 19:48:51,14.8,0.0
2025-01-24 20:48:51,14.0,0.0
2025-01-25 06:48:51,11.9,20.3
2025-01-25 07:48:51,11.7,55.5
2025-01-25 10:48:51,16.1,100.0
2025-01-25 11:48:51,16.6,69.5
2025-01-25 16:48:51,17.2,100.0
2025-01-23 01:48:51,11.7,100.0
2025-01-23 07:48:51,11.0,90.6
2025-01-23 09:48:51,14.1,100.0
2025-01-23 10:48:51,16.3,86.7
2025-01-23 11:48:51,18.5,1.6
2025-01-23 12:48:51,20.0,1.6
2025-01-23 14:48:51,21.6,3.1
2025-01-23 15:48:51,21.7,18.7
2025-01-23 18:48:51,17.5,2.3
2025-01-23 21:48:51,14.8,0.0
2025-01-23 22:48:51,14.2,0.0
2025-01-23 23:48:51,13.6,0.0
2025-01-24 03:48:51,12.8,0.0
2025-01-24 04:48:51,12.9,0.0
2025-01-24 08:48:51,13.6,22.7
2025-01-24 09:48:51,15.4,27.3
2025-01-24 12:48:51,18.5,2.3
2025-01-24 14:48:51,19.6,0.8
2025-01-24 17:48:51,17.0,0.0
2025-01-25 01:48:51,11.9,0.0
2025-01-25 03:48:51,11.6,0.0
2025-01-25 02:48:51,11.6,0.0
2025-01-25 04:48:51,11.6,0.8
2025-01-25 05:48:51,11.6,21.9
2025-01-25 09:48:51,14.4,100.0
2025-01-25 12:48:51,18.3,88.3
2025-01-25 14:48:51,18.0,99.2
2025-01-25 15:48:51,17.2,100.0
2025-01-21 20:15:50,11.7,53.1
2025-01-22 01:15:50,9.3,44.5
2025-01-22 02:15:50,9.7,100.0
2025-01-22 05:15:50,9.2,53.1
2025-01-22 08:15:50,8.7,65.6
2025-01-22 11:15:50,16.9,55.5
2025-01-22 16:15:53,18.6,76.6
2025-01-23 05:48:51,10.2,75.8
2025-01-23 06:48:51,10.4,93.0
2025-01-23 08:48:51,11.7,100.0
2025-01-23 13:48:51,21.0,0.8
2025-01-23 16:48:51,20.7,8.6
2025-01-23 17:48:51,18.8,3.1
2025-01-23 19:48:51,16.9,0.8
2025-01-23 20:48:51,15.8,0.0
2025-01-24 05:48:51,12.7,0.0
2025-01-24 06:48:51,12.4,1.6
2025-01-24 11:48:51,17.6,1.6
2025-01-24 15:48:51,20.1,0.8
2025-01-24 21:48:51,13.2,0.0
2025-01-24 22:48:51,13.0,0.0
2025-01-24 23:48:51,12.6,0.0
2025-01-25 00:48:51,12.1,0.0
2025-01-25 08:48:51,12.6,100.0
2025-01-25 13:48:51,19.1,100.0
2025-01-25 18:48:51,15.8,100.0
2025-01-26 00:48:51,13.6,3.9
2025-01-26 01:48:51,13.2,0.8
2025-01-25 17:48:51,16.7,100.0
2025-01-27 15:48:52,23.8,46.9
2025-01-25 19:48:51,15.1,70.3
2025-01-25 20:48:51,14.1,14.8
2025-01-25 21:48:51,13.8,4.7
2025-01-25 22:48:51,13.8,1.6
2025-01-25 23:48:51,13.8,2.3
2025-01-26 03:48:51,11.5,0.0
2025-01-26 04:48:51,10.6,0.0
2025-01-26 05:48:51,9.9,19.5
2025-01-26 07:48:52,9.9,22.7
2025-01-26 08:48:52,10.6,48.4
2025-01-26 09:48:52,12.5,82.0
2025-01-26 10:48:52,13.6,76.6
2025-01-26 12:48:52,16.5,100.0
2025-01-26 13:48:52,17.8,100.0
2025-01-26 16:48:52,19.0,95.3
2025-01-26 17:48:52,17.2,98.4
2025-01-26 18:48:52,15.9,99.2
2025-01-26 21:48:52,15.0,96.1
2025-01-26 22:48:52,15.5,98.4
2025-01-26 23:48:52,15.8,98.4
2025-01-27 02:48:52,17.2,100.0
2025-01-27 03:48:52,17.6,96.1
2025-01-27 04:48:52,18.0,93.7
2025-01-27 07:48:52,18.1,43.0
2025-01-27 09:48:52,19.7,43.0
2025-01-27 10:48:52,21.3,25.8
2025-01-27 11:48:52,22.8,95.3
2025-01-27 12:48:52,23.2,68.0
2025-01-28 00:48:52,15.4,7.0
2025-01-28 01:48:52,14.6,9.4
2025-01-28 02:48:52,13.7,11.7
2025-01-28 03:48:52,13.0,16.4
2025-01-28 06:48:52,12.1,32.8
2025-01-28 07:48:52,12.4,33.6
2025-01-28 08:48:52,12.4,75.0
2025-01-28 09:48:52,13.1,82.0
2025-01-28 13:48:52,16.0,3.1
2025-01-28 14:48:52,16.5,3.9
2025-01-28 18:48:52,14.6,0.8
2025-01-28 19:48:52,14.0,3.1
2025-01-28 23:48:52,12.1,0.8
2025-01-29 04:48:52,10.3,82.0
2025-01-29 05:48:52,10.3,96.9
2025-01-29 06:48:52,10.2,94.5
2025-01-29 08:48:52,10.1,65.6
2025-01-29 11:48:52,12.5,100.0
2025-01-29 13:48:52,14.7,96.9
2025-01-29 15:48:52,17.3,100.0
2025-01-29 19:48:52,13.3,99.2
2025-01-29 23:48:52,12.5,28.9
2025-01-30 00:48:52,12.4,13.3
2025-01-30 01:48:52,11.7,9.4
2025-01-30 07:48:52,9.4,0.8
2025-01-30 09:48:52,11.7,70.3
2025-01-30 11:48:52,15.9,32.8
2025-01-26 02:48:51,12.7,0.8
2025-01-26 06:48:52,9.7,57.0
2025-01-26 11:48:52,15.1,98.4
2025-01-26 14:48:52,18.8,100.0
2025-01-26 15:48:52,19.2,100.0
2025-01-26 19:48:52,14.8,25.0
2025-01-26 20:48:52,14.4,60.2
2025-01-27 00:48:52,16.0,99.2
2025-01-27 01:48:52,16.5,100.0
2025-01-27 05:48:52,17.9,92.2
2025-01-27 06:48:52,18.6,23.4
2025-01-27 08:48:52,18.7,65.6
2025-01-27 17:48:52,21.4,10.2
2025-01-27 20:48:52,19.1,5.5
2025-01-27 22:48:52,17.4,13.3
2025-01-28 04:48:52,12.5,22.7
2025-01-28 12:48:52,15.1,45.3
2025-01-28 16:48:52,16.2,9.4
2025-01-28 22:48:52,12.5,6.2
2025-01-29 02:48:52,11.0,46.1
2025-01-29 03:48:52,10.6,36.7
2025-01-29 09:48:52,11.1,99.2
2025-01-29 12:48:52,13.0,100.0
2025-01-29 17:48:52,15.4,100.0
2025-01-29 22:48:52,13.6,70.3
2025-01-30 04:48:52,9.7,3.9
2025-01-30 05:48:52,9.5,3.9
2025-01-30 10:48:52,14.0,67.2
2025-01-27 13:48:52,23.6,22.7
2025-01-27 14:48:52,24.0,67.2
2025-01-27 16:48:52,22.8,35.9
2025-01-27 18:48:52,20.4,13.3
2025-01-27 19:48:52,19.9,28.1
2025-01-27 21:48:52,18.0,5.5
2025-01-27 23:48:52,16.2,22.7
2025-01-28 05:48:52,12.3,34.4
2025-01-28 10:48:52,13.7,68.0
2025-01-28 11:48:52,14.9,96.9
2025-01-28 15:48:52,16.5,85.2
2025-01-28 17:48:52,15.5,13.3
2025-01-28 20:48:52,13.5,0.8
2025-01-28 21:48:52,12.9,21.9
2025-01-29 00:48:52,11.7,23.4
2025-01-29 01:48:52,11.7,23.4
2025-01-29 07:48:52,9.9,71.1
2025-01-29 10:48:52,11.4,100.0
2025-01-29 14:48:52,16.4,100.0
2025-01-29 16:48:52,16.6,95.3
2025-01-29 18:48:52,14.2,100.0
2025-01-29 20:48:52,13.6,99.2
2025-01-29 21:48:52,13.9,100.0
2025-01-30 02:48:52,10.9,1.6
2025-01-30 03:48:52,10.0,0.8
2025-01-30 06:48:52,9.6,0.8
2025-01-30 08:48:52,9.9,4.7
2025-01-30 13:48:52,17.7,75.0
2025-01-31 19:49:22,12.2,0.0
2025-01-31 20:49:22,11.5,0.0
2025-02-01 03:49:22,6.6,28.1
2025-02-01 04:49:22,6.1,16.4
2025-02-01 08:49:22,5.8,1.6
2025-02-01 11:49:22,12.0,91.4
2025-02-01 12:49:22,12.0,61.7
2025-02-01 16:49:22,10.1,84.4
2025-02-01 21:49:22,8.6,96.1
2025-01-30 14:48:52,16.4,100.0
2025-01-30 16:48:52,14.6,100.0
2025-01-30 17:48:52,14.6,78.1
2025-01-30 21:49:22,12.3,69.5
2025-01-30 22:49:22,12.1,76.6
2025-01-30 23:49:22,12.1,39.1
2025-01-31 02:49:22,10.7,30.5
2025-01-31 03:49:22,10.5,20.3
2025-01-31 04:49:22,10.2,16.4
2025-01-31 05:49:22,10.0,18.7
2025-01-31 06:49:22,9.6,15.6
2025-01-31 08:49:22,9.6,14.1
2025-01-31 10:49:22,13.2,34.4
2025-01-31 11:49:22,15.3,9.4
2025-01-31 12:49:22,16.3,8.6
2025-01-31 14:49:22,16.8,0.0
2025-01-31 15:49:22,16.7,1.6
2025-01-31 16:49:22,15.8,0.0
2025-01-31 21:49:22,10.5,0.0
2025-01-31 22:49:22,9.2,3.1
2025-01-31 23:49:22,8.4,0.8
2025-02-01 00:49:22,7.6,7.0
2025-02-01 05:49:22,5.7,0.8
2025-02-01 06:49:22,5.2,0.8
2025-02-01 07:49:22,5.3,0.8
2025-02-01 13:49:22,14.0,77.3
2025-02-01 15:49:22,12.4,94.5
2025-02-01 18:49:22,8.7,37.5
2025-02-01 20:49:22,9.0,85.2
2025-02-01 22:49:22,8.2,15.6
2025-01-30 12:48:52,16.9,26.6
2025-01-30 15:48:52,13.6,90.6
2025-01-30 18:48:52,14.3,60.2
2025-01-30 19:48:52,13.7,100.0
2025-01-31 00:49:22,11.5,54.7
2025-01-31 01:49:22,10.9,46.9
2025-01-31 07:49:22,9.7,6.2
2025-01-31 09:49:22,11.3,29.7
2025-01-31 13:49:22,16.7,0.8
2025-01-31 17:49:22,14.0,0.8
2025-01-31 18:49:22,12.7,0.0
2025-02-01 01:49:22,7.4,10.9
2025-02-01 02:49:22,7.1,5.5
2025-02-01 09:49:22,8.3,81.2
2025-02-01 10:49:22,10.8,93.7
2025-02-01 14:49:22,12.7,34.4
2025-02-01 17:49:22,9.4,64.8
2025-02-02 02:49:22,7.3,100.0
2025-02-02 03:49:22,7.2,100.0
2025-02-02 04:49:22,7.2,18.0
2025-02-02 08:49:22,5.6,0.0
2025-02-02 09:49:22,7.6,0.0
2025-02-02 13:49:22,13.7,0.8
2025-02-02 14:49:22,13.8,0.8
2025-02-02 17:49:22,11.6,0.0
2025-02-02 18:49:22,10.2,0.0
2025-02-02 22:49:22,6.7,1.6
2025-02-02 23:49:22,6.0,0.8
2025-02-01 19:49:22,8.6,99.2
2025-02-01 23:49:22,7.1,16.4
2025-02-02 00:49:22,6.6,60.2
2025-02-02 01:49:22,7.4,100.0
2025-02-02 05:49:22,5.9,0.8
2025-02-02 06:49:22,5.1,0.0
2025-02-02 07:49:22,5.1,0.0
2025-02-02 10:49:22,10.2,0.8
2025-02-02 11:49:22,12.1,0.8
2025-02-02 12:49:22,13.2,0.0
2025-02-02 15:49:22,13.5,3.1
2025-02-02 16:49:22,12.8,0.0
2025-02-02 19:49:22,9.8,0.0
2025-02-02 20:49:22,8.9,0.8
2025-02-02 21:49:22,7.6,0.8
2025-02-03 00:49:22,5.4,51.6
2025-02-03 01:49:22,5.3,97.7
2025-02-03 02:49:22,5.6,81.2
2025-02-03 03:49:22,5.1,99.2
2025-02-03 04:49:22,5.0,100.0
2025-02-03 05:49:22,4.9,100.0
2025-02-03 07:49:22,4.4,20.3
2025-02-03 08:49:22,5.1,35.2
2025-02-03 09:49:22,7.9,9.4
2025-02-03 11:49:22,13.7,3.1
2025-02-03 12:49:22,14.8,5.5
2025-02-03 13:49:22,15.4,12.5
2025-02-03 15:49:22,15.1,1.6
2025-02-04 21:49:22,10.4,0.0
2025-02-04 22:49:22,9.3,0.0
2025-02-04 23:49:22,7.9,0.0
2025-02-05 07:49:22,3.7,0.0
2025-02-05 10:49:22,11.8,0.0
2025-02-05 14:49:52,16.6,0.0
2025-02-05 15:49:52,15.9,0.0
2025-02-05 20:49:52,10.0,0.0
2025-02-03 16:49:22,14.5,1.6
2025-02-03 19:49:22,10.8,7.0
2025-02-03 20:49:22,9.8,0.0
2025-02-03 21:49:22,8.7,0.0
2025-02-03 22:49:22,7.7,0.0
2025-02-03 23:49:22,7.2,0.0
2025-02-04 00:49:22,6.5,0.0
2025-02-04 01:49:22,5.8,1.6
2025-02-04 02:49:22,5.1,0.0
2025-02-04 03:49:22,5.0,0.0
2025-02-04 04:49:22,5.0,0.8
2025-02-04 05:49:22,4.9,0.0
2025-02-04 06:49:22,4.9,0.0
2025-02-04 08:49:22,5.6,0.0
2025-02-04 09:49:22,8.4,0.0
2025-02-04 12:49:22,16.6,0.0
2025-02-04 13:49:22,17.5,0.8
2025-02-04 15:49:22,18.0,0.0
2025-02-04 16:49:22,17.6,0.0
2025-02-04 19:49:22,12.0,0.0
2025-02-04 20:49:22,11.2,0.0
2025-02-05 00:49:22,6.8,0.0
2025-02-05 01:49:22,6.2,0.0
2025-02-05 05:49:22,5.2,0.0
2025-02-05 06:49:22,4.5,0.0
2025-02-05 08:49:22,4.6,0.0
2025-02-05 16:49:52,15.0,0.0
2025-02-05 18:49:52,11.4,0.8
2025-02-05 22:49:52,8.4,1.6
2025-02-05 21:49:52,9.2,0.0
2025-02-06 22:49:53,7.7,0.0
2025-02-06 23:49:53,7.1,0.0
2025-02-07 05:49:53,4.0,0.0
2025-02-07 06:49:53,3.8,0.0
2025-02-07 09:49:54,7.3,1.6
2025-02-03 06:49:22,4.8,71.9
2025-02-03 10:49:22,11.2,7.0
2025-02-03 14:49:22,15.4,5.5
2025-02-03 17:49:22,13.0,27.3
2025-02-03 18:49:22,11.4,81.2
2025-02-04 07:49:22,4.8,0.0
2025-02-04 10:49:22,11.6,0.0
2025-02-04 11:49:22,14.5,0.0
2025-02-04 14:49:22,17.9,0.0
2025-02-04 17:49:22,15.6,0.0
2025-02-04 18:49:22,13.8,0.0
2025-02-05 02:49:22,6.0,0.0
2025-02-05 03:49:22,6.0,0.0
2025-02-05 04:49:22,5.7,0.0
2025-02-05 09:49:22,8.1,0.0
2025-02-05 12:49:52,15.9,0.0
2025-02-05 13:49:52,16.7,0.0
2025-02-05 17:49:52,13.3,0.8
2025-02-06 02:49:52,6.0,30.5
2025-02-06 03:49:52,5.5,24.2
2025-02-06 04:49:52,5.2,7.8
2025-02-06 08:49:52,5.2,1.6
2025-02-06 10:49:53,11.8,1.6
2025-02-06 14:49:53,15.5,7.0
2025-02-06 16:49:53,14.0,0.8
2025-02-07 00:49:53,6.6,0.0
2025-02-07 01:49:53,6.1,0.0
2025-02-07 02:49:53,5.6,0.0
2025-02-07 08:49:54,4.4,22.7
2025-02-05 19:49:52,10.6,0.0
2025-02-05 23:49:52,7.6,32.0
2025-02-06 00:49:52,7.2,50.8
2025-02-06 01:49:52,6.9,34.4
2025-02-06 05:49:52,4.9,3.9
2025-02-06 06:49:52,4.6,2.3
2025-02-06 07:49:52,4.2,0.0
2025-02-06 09:49:53,8.4,1.6
2025-02-06 11:49:53,13.8,1.6
2025-02-06 12:49:53,14.7,4.7
2025-02-06 13:49:53,15.4,5.5
2025-02-06 15:49:53,14.9,6.2
2025-02-06 17:49:53,12.8,0.0
2025-02-06 18:49:53,11.3,0.0
2025-02-06 19:49:53,10.9,0.0
2025-02-06 20:49:53,9.9,0.0
2025-02-06 21:49:53,8.7,0.0
2025-02-07 03:49:53,5.0,0.0
2025-02-07 04:49:53,4.4,0.0
2025-02-07 07:49:53,3.3,18.0
2025-02-07 10:49:54,10.4,25.0
2025-02-07 12:49:54,15.3,27.3
2025-02-07 13:49:54,16.4,27.3
2025-02-07 15:49:54,17.4,99.2
2025-02-07 16:49:54,15.5,93.7
2025-02-07 18:49:54,13.3,100.0
2025-02-07 19:49:54,12.3,99.2
2025-02-07 20:49:54,12.6,98.4
2025-02-09 03:49:54,6.6,0.0
2025-02-09 04:49:54,6.4,0.0
2025-02-09 05:49:54,6.3,0.0
2025-02-09 10:49:54,12.3,0.0
2025-02-09 14:49:54,16.1,49.2
2025-02-09 15:49:54,15.4,63.3
2025-02-09 17:49:54,13.5,100.0
2025-02-09 18:49:54,12.4,84.4
2025-02-07 21:49:54,12.5,92.2
2025-02-08 02:49:54,10.4,77.3
2025-02-08 03:49:54,10.8,17.2
2025-02-08 04:49:54,10.9,3.1
2025-02-08 05:49:54,10.7,2.3
2025-02-08 06:49:54,10.5,16.4
2025-02-08 07:49:54,10.5,7.8
2025-02-08 08:49:54,11.6,1.6
2025-02-08 09:49:54,13.5,0.8
2025-02-08 11:49:54,16.3,0.0
2025-02-08 12:49:54,17.2,1.6
2025-02-08 14:49:54,17.9,0.0
2025-02-08 15:49:54,17.1,0.0
2025-02-08 17:49:54,13.8,10.9
2025-02-08 18:49:54,12.7,29.7
2025-02-08 19:49:54,12.5,78.1
2025-02-08 20:49:54,12.0,73.4
2025-02-09 00:49:54,8.5,13.3
2025-02-09 01:49:54,7.7,0.8
2025-02-09 02:49:54,7.1,0.0
2025-02-09 06:49:54,5.9,0.0
2025-02-09 09:49:54,9.1,0.0
2025-02-09 11:49:54,14.4,0.0
2025-02-09 12:49:54,15.5,10.9
2025-02-09 16:49:54,14.7,45.3
2025-02-09 22:49:54,9.8,35.2
2025-02-09 23:49:54,9.1,28.9
2025-02-10 00:49:54,8.4,41.4
2025-02-10 17:49:59,14.1,100.0
2025-02-10 18:49:59,13.2,100.0
2025-02-11 01:49:59,10.9,15.6
2025-02-11 02:49:59,10.1,21.1
2025-02-11 08:49:59,8.7,25.0
2025-02-11 12:49:59,16.2,3.1
2025-02-07 11:49:54,13.2,29.7
2025-02-07 14:49:54,17.3,95.3
2025-02-07 17:49:54,14.1,100.0
2025-02-07 22:49:54,12.0,76.6
2025-02-07 23:49:54,11.2,50.8
2025-02-08 00:49:54,10.7,100.0
2025-02-08 01:49:54,10.7,52.3
2025-02-08 10:49:54,15.1,0.8
2025-02-08 13:49:54,17.8,2.3
2025-02-08 16:49:54,15.5,0.0
2025-02-08 21:49:54,11.1,60.9
2025-02-08 22:49:54,9.9,64.1
2025-02-08 23:49:54,9.2,60.9
2025-02-09 07:49:54,5.8,0.0
2025-02-09 08:49:54,6.4,0.0
2025-02-09 13:49:54,16.3,15.6
2025-02-09 19:49:54,12.0,85.2
2025-02-09 20:49:54,11.5,82.0
2025-02-09 21:49:54,10.7,18.7
2025-02-10 04:49:54,7.0,83.6
2025-02-10 05:49:54,7.0,85.9
2025-02-10 08:49:58,8.7,100.0
2025-02-10 11:49:59,14.5,100.0
2025-02-10 19:49:59,13.0,88.3
2025-02-10 21:49:59,12.2,96.1
2025-02-10 20:49:59,12.7,90.6
2025-02-11 06:49:59,7.5,38.3
2025-02-11 14:49:59,16.9,10.2
2025-02-10 01:49:54,8.3,54.7
2025-02-10 02:49:54,7.8,17.2
2025-02-10 03:49:54,7.3,66.4
2025-02-10 06:49:54,7.0,98.4
2025-02-10 07:49:54,7.3,99.2
2025-02-10 09:49:58,10.8,100.0
2025-02-10 10:49:59,12.9,100.0
2025-02-10 12:49:59,15.2,100.0
2025-02-10 13:49:59,16.0,100.0
2025-02-10 14:49:59,15.9,100.0
2025-02-10 15:49:59,15.3,85.2
2025-02-10 16:49:59,14.7,59.4
2025-02-10 22:49:59,11.7,69.5
2025-02-10 23:49:59,11.1,57.0
2025-02-11 00:49:59,10.8,37.5
2025-02-11 03:49:59,9.7,20.3
2025-02-11 04:49:59,8.7,21.9
2025-02-11 05:49:59,8.0,26.6
2025-02-11 09:49:59,11.7,7.8
2025-02-11 11:49:59,15.2,3.9
2025-02-11 15:49:59,15.9,3.1
2025-02-11 16:49:59,15.0,0.8
2025-02-12 08:49:59,10.1,47.7
2025-02-11 17:49:59,13.8,23.4
2025-02-11 20:49:59,11.6,80.5
2025-02-11 21:49:59,11.1,100.0
2025-02-11 22:49:59,10.5,100.0
2025-02-11 23:49:59,10.1,100.0
2025-02-13 09:49:59,11.3,18.7
2025-02-13 11:49:59,15.9,1.6
2025-02-13 15:49:59,18.3,99.2
2025-02-13 17:49:59,15.5,98.4
2025-02-14 08:50:00,10.1,0.0
2025-02-13 18:50:00,14.1,97.7
2025-02-13 23:50:00,10.1,14.1
2025-02-12 02:49:59,9.3,91.4
2025-02-12 03:49:59,8.9,64.1
2025-02-12 04:49:59,8.8,60.9
2025-02-12 07:49:59,10.1,86.7
2025-02-12 09:49:59,11.5,79.7
2025-02-12 11:49:59,15.6,86.7
2025-02-12 12:49:59,16.9,100.0
2025-02-12 14:49:59,17.7,68.7
2025-02-12 15:49:59,13.8,93.0
2025-02-12 17:49:59,14.1,61.7
2025-02-12 18:49:59,13.6,20.3
2025-02-12 19:49:59,12.5,13.3
2025-02-12 22:49:59,11.4,67.2
2025-02-12 23:49:59,11.9,43.0
2025-02-13 00:49:59,11.3,35.9
2025-02-13 01:49:59,11.4,50.8
2025-02-13 03:49:59,10.7,62.5
2025-02-13 02:49:59,11.1,80.5
2025-02-13 06:49:59,9.1,35.2
2025-02-13 10:49:59,13.9,37.5
2025-02-13 12:49:59,17.2,7.8
2025-02-13 13:49:59,18.1,67.2
2025-02-13 14:49:59,18.3,75.8
2025-02-13 16:49:59,17.3,100.0
2025-02-13 19:50:00,13.1,95.3
2025-02-13 20:50:00,12.1,91.4
2025-02-13 21:50:00,11.4,53.1
2025-02-14 03:50:00,9.0,8.6
2025-02-13 22:50:00,10.8,47.7
2025-02-15 06:50:00,9.5,0.0
2025-02-11 10:49:59,13.8,18.7
2025-02-11 13:49:59,16.9,0.0
2025-02-11 18:49:59,12.8,91.4
2025-02-11 19:49:59,12.2,79.7
2025-02-12 00:49:59,9.9,97.7
2025-02-12 01:49:59,10.0,96.9
2025-02-12 05:49:59,8.8,5.5
2025-02-12 06:49:59,8.3,79.7
2025-02-12 10:49:59,13.4,49.2
2025-02-12 13:49:59,17.8,22.7
2025-02-12 16:49:59,14.5,43.7
2025-02-12 20:49:59,11.3,24.2
2025-02-12 21:49:59,10.9,43.7
2025-02-13 04:49:59,10.1,45.3
2025-02-13 05:49:59,9.5,58.6
2025-02-13 07:49:59,7.9,3.1
2025-02-13 08:49:59,8.7,7.0
2025-02-14 00:50:00,9.4,17.2
2025-02-14 01:50:00,9.2,69.5
2025-02-14 02:50:00,8.9,13.3
2025-02-14 07:50:00,8.9,0.0
2025-02-14 11:50:00,18.5,1.6
2025-02-14 14:50:00,22.2,2.3
2025-02-14 15:50:00,21.8,7.8
2025-02-14 19:50:00,15.6,20.3
2025-02-14 20:50:00,14.5,41.4
2025-02-14 21:50:00,13.5,58.6
2025-02-15 04:50:00,9.2,4.7
2025-02-14 04:50:00,8.8,0.8
2025-02-14 05:50:00,8.5,1.6
2025-02-14 06:50:00,8.4,0.0
2025-02-14 09:50:00,12.8,0.0
2025-02-14 10:50:00,16.1,0.0
2025-02-14 12:50:00,19.9,8.6
2025-02-14 13:50:00,21.5,0.0
2025-02-14 16:50:00,19.8,5.5
2025-02-14 17:50:00,17.6,1.6
2025-02-14 18:50:00,16.0,3.1
2025-02-14 22:50:00,12.2,1.6
2025-02-14 23:50:00,11.2,0.0
2025-02-15 00:50:00,10.8,0.8
2025-02-15 01:50:00,10.2,7.0
2025-02-15 02:50:00,9.9,3.9
2025-02-15 07:50:00,8.5,0.0
2025-02-15 10:50:00,15.2,29.7
2025-02-15 11:50:00,16.7,57.8
2025-02-15 12:50:00,17.6,68.0
2025-02-15 14:50:00,17.5,21.9
2025-02-15 15:50:00,16.9,65.6
2025-02-15 16:50:00,16.0,86.7
2025-02-15 18:50:00,14.6,91.4
2025-02-15 19:50:00,13.9,100.0
2025-02-15 20:50:00,13.5,100.0
2025-02-15 22:50:00,12.4,100.0
2025-02-15 21:50:00,12.8,100.0
2025-02-15 23:50:00,11.9,100.0
2025-02-17 11:50:00,17.6,0.0
2025-02-17 20:50:01,12.8,0.0
2025-02-17 12:50:00,18.7,0.0
2025-02-17 16:50:01,16.0,4.7
2025-02-17 23:50:01,10.7,85.2
2025-02-17 22:50:01,11.1,100.0
2025-02-16 00:50:00,11.5,100.0
2025-02-16 04:50:00,8.7,100.0
2025-02-16 05:50:00,8.4,100.0
2025-02-16 06:50:00,8.2,100.0
2025-02-16 08:50:00,9.4,10.2
2025-02-16 09:50:00,11.9,32.8
2025-02-16 10:50:00,14.7,18.7
2025-02-16 11:50:00,16.9,10.9
2025-02-16 13:50:00,19.3,2.3
2025-02-16 14:50:00,19.3,0.8
2025-02-16 16:50:00,17.0,2.3
2025-02-16 17:50:00,15.2,0.0
2025-02-16 20:50:00,12.0,5.5
2025-02-16 21:50:00,11.5,3.1
2025-02-16 22:50:00,11.2,11.7
2025-02-16 23:50:00,10.8,28.1
2025-02-17 00:50:00,10.5,85.2
2025-02-17 01:50:00,10.9,100.0
2025-02-17 04:50:00,10.9,63.3
2025-02-17 05:50:00,10.2,77.3
2025-02-17 06:50:00,9.6,22.7
2025-02-17 09:50:00,13.4,4.7
2025-02-17 10:50:00,15.8,0.8
2025-02-17 14:50:01,17.8,4.7
2025-02-17 15:50:01,16.9,10.9
2025-02-17 19:50:01,13.3,21.1
2025-02-17 21:50:01,11.9,46.9
2025-02-18 01:50:01,9.8,28.1
2025-02-15 03:50:00,9.5,2.3
2025-02-15 05:50:00,9.4,0.8
2025-02-15 08:50:00,9.9,0.0
2025-02-15 09:50:00,13.1,4.7
2025-02-15 13:50:00,17.6,6.2
2025-02-15 17:50:00,15.2,100.0
2025-02-16 01:50:00,10.8,93.7
2025-02-16 02:50:00,10.0,96.9
2025-02-16 03:50:00,9.3,100.0
2025-02-16 07:50:00,8.2,100.0
2025-02-16 12:50:00,18.5,6.2
2025-02-16 15:50:00,18.5,1.6
2025-02-16 18:50:00,13.9,10.9
2025-02-16 19:50:00,12.9,10.2
2025-02-17 02:50:00,10.9,94.5
2025-02-17 03:50:00,10.9,99.2
2025-02-17 07:50:00,9.6,57.8
2025-02-17 08:50:00,10.7,40.6
2025-02-17 13:50:01,18.6,0.8
2025-02-17 17:50:01,15.0,3.1
2025-02-17 18:50:01,13.8,4.7
2025-02-18 03:50:01,9.4,100.0
2025-02-18 04:50:01,9.0,99.2
2025-02-18 05:50:01,8.9,100.0
2025-02-18 06:50:01,8.9,100.0
2025-02-18 08:50:01,9.9,100.0
2025-02-18 12:50:01,16.0,97.7
2025-02-18 16:50:02,15.4,100.0
2025-02-18 00:50:01,10.3,13.3
2025-02-19 16:50:02,15.6,54.7
2025-02-19 21:50:02,11.9,0.8
2025-02-19 20:50:02,12.5,1.6
2025-02-19 22:50:02,11.2,2.3
2025-02-18 02:50:01,9.6,100.0
2025-02-18 07:50:01,8.7,100.0
2025-02-18 09:50:01,12.5,100.0
2025-02-18 10:50:01,13.6,100.0
2025-02-18 11:50:01,14.7,100.0
2025-02-18 13:50:02,16.5,82.8
2025-02-18 14:50:02,16.3,59.4
2025-02-18 15:50:02,16.1,99.2
2025-02-18 17:50:02,14.7,100.0
2025-02-18 19:50:02,13.5,96.1
2025-02-18 20:50:02,12.8,90.6
2025-02-18 21:50:02,12.1,96.1
2025-02-18 23:50:02,10.8,100.0
2025-02-19 00:50:02,10.3,100.0
2025-02-19 01:50:02,10.2,100.0
2025-02-19 02:50:02,9.9,100.0
2025-02-19 03:50:02,10.0,100.0
2025-02-19 06:50:02,9.0,82.0
2025-02-19 08:50:02,10.3,99.2
2025-02-19 09:50:02,12.3,100.0
2025-02-19 10:50:02,13.9,100.0
2025-02-19 13:50:02,17.6,64.1
2025-02-19 15:50:02,16.8,99.2
2025-02-19 17:50:02,14.5,21.1
2025-02-19 18:50:02,13.7,12.5
2025-02-19 23:50:02,10.6,3.1
2025-02-20 00:50:02,10.1,6.2
2025-02-20 01:50:02,9.9,0.0
2025-02-20 05:50:02,9.0,11.7
2025-02-21 04:50:04,12.7,100.0
2025-02-21 05:50:04,12.6,100.0
2025-02-21 09:50:04,13.6,100.0
2025-02-21 11:50:04,16.0,100.0
2025-02-21 14:50:04,16.9,100.0
2025-02-21 15:50:04,16.0,100.0
2025-02-21 21:50:04,13.3,100.0
2025-02-22 01:50:04,10.5,91.4
2025-02-22 02:50:04,9.7,97.7
2025-02-18 18:50:02,13.9,99.2
2025-02-18 22:50:02,11.4,100.0
2025-02-19 04:50:02,10.1,100.0
2025-02-19 05:50:02,9.5,99.2
2025-02-19 07:50:02,8.7,76.6
2025-02-19 11:50:02,15.6,93.7
2025-02-19 12:50:02,16.9,46.9
2025-02-19 14:50:02,17.5,95.3
2025-02-19 19:50:02,12.9,3.9
2025-02-20 02:50:02,9.4,0.0
2025-02-20 04:50:02,8.9,0.8
2025-02-20 03:50:02,9.1,3.9
2025-02-20 07:50:02,10.8,100.0
2025-02-20 10:50:02,14.7,96.9
2025-02-20 13:50:03,18.1,12.5
2025-02-20 14:50:03,17.3,11.7
2025-02-20 16:50:03,15.6,30.5
2025-02-20 22:50:04,12.9,100.0
2025-02-20 21:50:04,12.9,82.0
2025-02-20 23:50:04,13.3,100.0
2025-02-21 00:50:04,13.3,100.0
2025-02-21 07:50:04,12.7,100.0
2025-02-21 08:50:04,13.0,100.0
2025-02-21 13:50:04,17.2,100.0
2025-02-21 17:50:04,14.7,100.0
2025-02-21 18:50:04,14.1,100.0
2025-02-22 04:50:04,9.2,99.2
2025-02-22 05:50:04,9.6,100.0
2025-02-20 06:50:02,8.7,28.9
2025-02-20 08:50:02,11.5,99.2
2025-02-20 09:50:02,13.0,98.4
2025-02-20 11:50:03,15.9,87.5
2025-02-20 12:50:03,17.2,25.8
2025-02-20 15:50:03,16.2,26.6
2025-02-20 17:50:04,14.7,71.9
2025-02-20 18:50:04,14.2,89.8
2025-02-20 19:50:04,13.6,68.7
2025-02-20 20:50:04,13.3,72.7
2025-02-21 01:50:04,13.1,97.7
2025-02-21 03:50:04,12.6,100.0
2025-02-21 02:50:04,12.6,100.0
2025-02-21 06:50:04,12.7,100.0
2025-02-21 10:50:04,14.7,91.4
2025-02-22 12:50:04,18.5,100.0
2025-02-21 12:50:04,16.4,100.0
2025-02-21 16:50:04,15.2,100.0
2025-02-21 19:50:04,13.9,100.0
2025-02-21 20:50:04,13.6,100.0
2025-02-21 22:50:04,12.7,77.3
2025-02-21 23:50:04,11.8,7.0
2025-02-22 00:50:04,10.9,38.3
2025-02-22 06:50:04,10.0,100.0
2025-02-22 07:50:04,9.1,100.0
2025-02-22 09:50:04,12.0,100.0
2025-02-22 10:50:04,14.1,100.0
2025-02-22 11:50:04,17.0,100.0
2025-02-22 03:50:04,9.1,100.0
2025-02-24 07:50:04,6.9,63.3
2025-02-24 11:50:04,17.2,100.0
2025-02-24 17:50:04,18.7,100.0
2025-02-22 14:50:04,18.4,100.0
2025-02-22 15:50:04,17.4,100.0
2025-02-22 17:50:04,14.8,100.0
2025-02-22 18:50:04,13.8,100.0
2025-02-22 19:50:04,12.9,100.0
2025-02-22 22:50:04,12.1,100.0
2025-02-22 23:50:04,11.7,100.0
2025-02-23 00:50:04,11.6,100.0
2025-02-23 01:50:04,11.4,100.0
2025-02-23 02:50:04,11.0,100.0
2025-02-23 03:50:04,10.6,100.0
2025-02-23 04:50:04,11.0,94.5
2025-02-23 06:50:04,10.1,71.1
2025-02-23 07:50:04,10.4,46.9
2025-02-23 10:50:04,14.9,8.6
2025-02-23 11:50:04,16.2,0.0
2025-02-23 12:50:04,16.9,2.3
2025-02-23 15:50:04,16.6,57.0
2025-02-23 17:50:04,15.5,0.0
2025-02-23 18:50:04,13.9,0.0
2025-02-23 19:50:04,12.4,5.5
2025-02-24 00:50:04,9.2,1.6
2025-02-24 02:50:04,8.4,38.3
2025-02-24 01:50:04,8.7,0.8
2025-02-24 03:50:04,8.1,75.0
2025-02-24 08:50:04,8.7,93.0
2025-02-24 12:50:04,19.3,100.0
2025-02-24 13:50:04,20.5,100.0
2025-02-22 08:50:04,10.6,100.0
2025-02-22 13:50:04,19.4,100.0
2025-02-22 16:50:04,16.5,100.0
2025-02-22 20:50:04,12.8,100.0
2025-02-22 21:50:04,12.5,100.0
2025-02-23 05:50:04,10.6,93.7
2025-02-23 08:50:04,11.1,18.0
2025-02-23 09:50:04,13.0,11.7
2025-02-23 13:50:04,17.4,66.4
2025-02-23 14:50:04,16.8,35.9
2025-02-23 16:50:04,16.2,0.0
2025-02-23 20:50:04,12.0,0.0
2025-02-23 21:50:04,11.4,0.0
2025-02-23 22:50:04,10.7,17.2
2025-02-23 23:50:04,9.9,55.5
2025-02-24 04:50:04,8.2,99.2
2025-02-24 05:50:04,7.8,90.6
2025-02-24 06:50:04,7.2,100.0
2025-02-24 09:50:04,11.5,100.0
2025-02-24 10:50:04,14.6,100.0
2025-02-24 15:50:04,20.4,100.0
2025-02-24 16:50:04,19.5,100.0
2025-02-24 22:50:04,15.3,18.0
2025-02-24 23:50:04,14.9,53.9
2025-02-25 05:50:04,14.6,100.0
2025-02-25 06:50:04,14.8,100.0
2025-02-25 08:50:04,15.1,100.0
2025-02-25 11:50:04,17.1,100.0
2025-02-26 10:50:04,12.7,7.0
2025-02-24 14:50:04,21.0,100.0
2025-02-24 18:50:04,16.8,2.3
2025-02-24 19:50:04,15.6,28.9
2025-02-24 21:50:04,15.4,96.9
2025-02-24 20:50:04,15.0,100.0
2025-02-25 00:50:04,14.5,14.1
2025-02-25 01:50:04,14.4,67.2
2025-02-25 02:50:04,14.2,75.8
2025-02-25 03:50:04,14.2,99.2
2025-02-25 04:50:04,14.4,100.0
2025-02-25 07:50:04,14.6,100.0
2025-02-25 18:50:04,15.1,100.0
2025-02-25 09:50:04,16.1,100.0
2025-02-25 10:50:04,16.6,100.0
2025-02-25 12:50:04,17.9,100.0
2025-02-25 13:50:04,19.4,100.0
2025-02-25 14:50:04,19.7,100.0
2025-02-25 15:50:04,19.2,100.0
2025-02-25 17:50:04,16.1,100.0
2025-02-25 22:50:04,12.1,21.9
2025-02-25 23:50:04,10.9,0.8
2025-02-26 00:50:04,10.3,1.6
2025-02-26 01:50:04,10.0,0.0
2025-02-26 05:50:04,6.4,14.8
2025-02-26 06:50:04,5.9,49.2
2025-02-26 08:50:04,7.4,0.0
2025-02-26 09:50:04,10.1,7.0
2025-02-26 11:50:04,14.7,0.8
2025-02-27 12:50:04,15.7,100.0
2025-02-27 14:50:04,15.9,96.9
2025-02-27 15:50:04,14.9,13.3
2025-02-28 02:50:04,7.9,90.6
2025-02-28 03:50:04,7.6,100.0
2025-02-28 07:50:04,7.0,95.3
2025-02-28 10:50:04,14.7,100.0
2025-02-28 15:50:04,14.5,87.5
2025-02-28 17:50:04,13.6,84.4
2025-02-26 13:50:04,17.3,22.7
2025-02-26 14:50:04,17.6,26.6
2025-02-26 17:50:04,14.5,21.1
2025-02-26 18:50:04,12.9,85.9
2025-02-26 19:50:04,12.3,68.0
2025-02-26 23:50:04,9.1,28.9
2025-02-27 00:50:04,8.3,100.0
2025-02-27 03:50:04,7.7,100.0
2025-02-27 04:50:04,7.4,100.0
2025-02-27 05:50:04,7.2,100.0
2025-02-27 06:50:04,7.2,100.0
2025-02-27 08:50:04,8.6,100.0
2025-02-27 09:50:04,11.1,100.0
2025-02-27 10:50:04,13.0,100.0
2025-02-27 13:50:04,15.8,81.2
2025-02-27 16:50:04,15.0,0.8
2025-02-27 18:50:04,12.4,3.1
2025-02-27 19:50:04,12.0,28.1
2025-02-27 23:50:04,9.6,100.0
2025-02-28 00:50:04,9.4,100.0
2025-02-28 01:50:04,8.5,86.7
2025-02-28 04:50:04,7.5,100.0
2025-02-28 05:50:04,7.2,100.0
2025-02-28 08:50:04,9.6,89.8
2025-02-28 09:50:04,12.9,100.0
2025-02-28 11:50:04,15.2,99.2
2025-02-28 13:50:04,14.2,100.0
2025-02-28 14:50:04,14.6,99.2
2025-02-25 16:50:04,18.6,100.0
2025-02-25 19:50:04,13.8,99.2
2025-02-25 20:50:04,13.7,84.4
2025-02-25 21:50:04,12.9,67.2
2025-02-26 02:50:04,9.6,0.0
2025-02-26 03:50:04,9.0,0.0
2025-02-26 04:50:04,7.5,7.0
2025-02-26 07:50:04,5.8,69.5
2025-02-26 12:50:04,16.0,0.0
2025-02-26 15:50:04,17.7,33.6
2025-02-26 16:50:04,16.3,7.8
2025-02-26 20:50:04,11.3,92.2
2025-02-26 21:50:04,10.5,100.0
2025-02-26 22:50:04,9.6,100.0
2025-02-27 01:50:04,8.1,100.0
2025-02-27 02:50:04,7.8,100.0
2025-02-27 07:50:04,7.4,100.0
2025-02-27 11:50:04,14.6,100.0
2025-02-27 17:50:04,14.1,0.0
2025-02-27 20:50:04,11.2,12.5
2025-02-27 22:50:04,10.0,75.8
2025-02-27 21:50:04,10.5,49.2
2025-02-28 06:50:04,7.3,99.2
2025-02-28 12:50:04,14.7,100.0
2025-02-28 20:50:04,12.1,99.2
2025-02-28 21:50:04,11.9,100.0
2025-02-28 22:50:04,11.5,100.0
2025-02-28 23:50:04,11.4,100.0
2025-02-28 16:50:04,14.3,98.4
2025-03-01 00:50:04,11.3,89.8
2025-03-01 01:50:04,11.6,57.0
2025-03-01 05:50:04,11.1,71.1
2025-03-01 06:50:04,10.8,99.2
2025-03-01 07:50:04,10.9,100.0
2025-03-01 09:50:04,12.0,96.9
2025-03-01 10:50:04,13.1,88.3
2025-03-01 11:50:04,13.9,100.0
2025-03-01 14:50:04,14.2,100.0
2025-03-01 15:50:04,13.7,100.0
2025-03-01 16:50:04,13.3,100.0
2025-03-01 18:50:04,12.5,100.0
2025-03-01 19:50:04,12.0,100.0
2025-03-01 20:50:04,12.0,100.0
2025-03-01 21:50:04,12.0,100.0
2025-03-01 22:50:04,11.7,100.0
2025-03-02 02:50:04,10.4,100.0
2025-03-02 03:50:23,10.1,99.2
2025-03-02 04:50:24,9.8,98.4
2025-03-02 06:50:24,9.7,100.0
2025-03-02 07:50:24,10.5,100.0
2025-03-02 11:50:24,12.4,100.0
2025-03-02 12:50:24,12.9,100.0
2025-03-02 15:50:24,12.3,100.0
2025-03-02 16:50:24,11.5,100.0
2025-03-02 19:50:24,11.5,100.0
2025-03-02 20:50:24,11.7,100.0
2025-03-02 21:50:24,11.7,100.0
2025-02-28 18:50:04,12.8,46.1
2025-02-28 19:50:04,12.2,100.0
2025-03-04 04:50:25,12.9,94.5
2025-03-04 05:50:25,12.9,97.7
2025-03-04 08:50:25,13.2,93.0
2025-03-04 12:50:25,14.8,98.4
2025-03-01 02:50:04,11.3,91.4
2025-03-01 03:50:04,11.0,100.0
2025-03-01 04:50:04,11.1,88.3
2025-03-01 08:50:04,11.3,98.4
2025-03-01 12:50:04,14.1,100.0
2025-03-01 13:50:04,14.5,100.0
2025-03-01 17:50:04,12.9,100.0
2025-03-01 23:50:04,11.5,100.0
2025-03-02 00:50:04,11.3,100.0
2025-03-02 01:50:04,10.6,100.0
2025-03-02 05:50:24,9.7,100.0
2025-03-02 08:50:24,10.8,100.0
2025-03-02 09:50:24,11.5,100.0
2025-03-02 10:50:24,12.1,100.0
2025-03-02 13:50:24,12.7,100.0
2025-03-02 14:50:24,12.5,100.0
2025-03-02 17:50:24,11.5,99.2
2025-03-02 18:50:24,11.3,100.0
2025-03-03 00:50:24,11.9,100.0
2025-03-03 01:50:24,11.5,100.0
2025-03-03 02:50:24,11.5,100.0
2025-03-03 07:50:24,11.7,100.0
2025-03-03 10:50:24,12.6,100.0
2025-03-03 12:50:24,14.3,100.0
2025-03-03 16:50:25,13.4,100.0
2025-03-03 21:50:25,13.0,98.4
2025-03-03 22:50:25,12.9,91.4
2025-03-03 23:50:25,12.8,77.3
2025-03-04 07:50:25,12.6,98.4
2025-03-02 22:50:24,11.8,100.0
2025-03-02 23:50:24,11.7,100.0
2025-03-03 03:50:24,11.6,100.0
2025-03-03 04:50:24,11.7,100.0
2025-03-03 05:50:24,11.6,100.0
2025-03-03 06:50:24,11.2,100.0
2025-03-03 08:50:24,12.0,100.0
2025-03-03 09:50:24,12.5,100.0
2025-03-03 11:50:24,13.1,100.0
2025-03-03 13:50:24,13.7,100.0
2025-03-03 14:50:24,13.3,100.0
2025-03-03 15:50:25,13.1,100.0
2025-03-03 17:50:25,13.0,100.0
2025-03-03 18:50:25,12.8,100.0
2025-03-03 19:50:25,12.5,100.0
2025-03-03 20:50:25,12.5,100.0
2025-03-04 00:50:25,12.7,96.1
2025-03-04 01:50:25,12.8,91.4
2025-03-04 02:50:25,12.9,98.4
2025-03-04 03:50:25,13.0,97.7
2025-03-04 06:50:25,13.0,87.5
2025-03-04 09:50:25,13.7,99.2
2025-03-04 10:50:25,14.3,89.8
2025-03-04 13:50:25,14.4,92.2
2025-03-04 14:50:25,14.6,98.4
2025-03-04 15:50:25,14.1,88.3
2025-03-04 16:50:25,14.1,78.9
2025-03-04 18:50:25,13.4,100.0
2025-03-04 19:50:25,13.2,100.0
2025-03-04 20:50:25,13.1,100.0
2025-03-04 21:50:25,13.1,100.0
2025-03-04 22:50:25,12.8,100.0
2025-03-05 02:50:25,13.0,100.0
2025-03-05 03:50:25,12.9,98.4
2025-03-05 04:50:25,12.8,99.2
2025-03-05 05:50:25,12.9,100.0
2025-03-05 07:50:25,13.1,100.0
2025-03-05 08:50:25,13.2,100.0
2025-03-05 09:50:25,13.6,100.0
2025-03-05 12:50:25,13.4,100.0
2025-03-05 14:50:25,13.4,100.0
2025-03-05 15:50:25,13.4,100.0
2025-03-05 16:50:25,13.3,100.0
2025-03-05 17:50:25,13.2,100.0
2025-03-05 18:50:25,13.1,100.0
2025-03-05 19:50:25,13.1,100.0
2025-03-05 20:50:25,13.2,100.0
2025-03-05 21:50:25,13.3,100.0
2025-03-05 22:50:25,13.4,100.0
2025-03-05 23:50:25,13.6,100.0
2025-03-06 00:50:25,13.3,100.0
2025-03-06 01:50:25,13.4,100.0
2025-03-06 04:50:25,12.9,100.0
2025-03-06 05:50:25,13.0,100.0
2025-03-06 06:50:25,12.9,100.0
2025-03-06 07:50:25,12.7,100.0
2025-03-06 09:50:25,13.7,100.0
2025-03-06 10:50:25,14.2,100.0
2025-03-07 18:36:17,13.5,100.0
2025-03-08 00:18:17,12.0,78.9
2025-03-08 06:00:17,12.0,100.0
2025-03-08 09:48:17,14.4,97.7
2025-03-08 10:45:17,15.4,93.7
2025-03-08 13:36:17,16.4,100.0
2025-03-06 11:50:25,15.0,100.0
2025-03-06 13:50:25,14.8,100.0
2025-03-06 14:50:25,15.4,100.0
2025-03-06 15:50:25,15.1,100.0
2025-03-06 16:50:25,14.8,93.7
2025-03-06 18:50:25,13.6,78.9
2025-03-06 20:50:25,13.0,89.8
2025-03-07 00:50:25,12.5,100.0
2025-03-07 01:50:25,12.7,82.8
2025-03-07 02:50:25,12.4,96.1
2025-03-07 03:50:25,11.8,100.0
2025-03-07 04:50:25,12.5,100.0
2025-03-07 06:50:25,11.2,98.4
2025-03-07 09:06:16,13.5,100.0
2025-03-07 12:54:16,15.9,75.8
2025-03-07 15:45:17,15.3,100.0
2025-03-07 16:42:17,14.8,100.0
2025-03-07 19:33:17,13.2,100.0
2025-03-07 20:30:17,13.1,99.2
2025-03-07 21:27:17,12.6,96.1
2025-03-07 22:24:17,12.2,88.3
2025-03-07 23:21:17,12.1,64.1
2025-03-08 01:15:17,12.0,100.0
2025-03-08 02:12:17,11.3,100.0
2025-03-08 03:09:17,11.4,100.0
2025-03-08 07:54:17,12.2,100.0
2025-03-08 11:42:17,16.0,95.3
2025-03-08 12:39:17,16.0,100.0
2025-03-04 11:50:25,15.2,92.2
2025-03-04 17:50:25,13.7,100.0
2025-03-04 23:50:25,12.9,97.7
2025-03-05 00:50:25,12.9,100.0
2025-03-05 01:50:25,13.0,100.0
2025-03-05 06:50:25,13.0,100.0
2025-03-05 10:50:25,13.7,100.0
2025-03-05 11:50:25,13.3,100.0
2025-03-05 13:50:25,13.6,100.0
2025-03-06 02:50:25,13.0,100.0
2025-03-06 03:50:25,13.0,100.0
2025-03-06 08:50:25,13.3,100.0
2025-03-06 12:50:25,14.4,100.0
2025-03-06 17:50:25,14.4,66.4
2025-03-06 19:50:25,13.2,97.7
2025-03-06 21:50:25,12.8,84.4
2025-03-06 22:50:25,12.6,56.2
2025-03-06 23:50:25,12.4,99.2
2025-03-07 05:50:25,12.4,95.3
2025-03-07 10:03:16,14.1,100.0
2025-03-07 11:00:16,14.9,89.8
2025-03-07 13:51:16,15.9,49.2
2025-03-07 14:48:16,15.4,51.6
2025-03-07 17:39:17,14.1,100.0
2025-03-08 04:06:17,11.7,100.0
2025-03-08 05:03:17,12.0,100.0
2025-03-08 08:51:17,13.3,100.0
2025-03-08 14:33:17,16.3,100.0
2025-03-08 18:21:17,14.6,100.0
2025-03-10 09:18:18,13.0,39.8
2025-03-08 15:30:17,15.7,100.0
2025-03-08 16:27:17,15.7,100.0
2025-03-08 17:24:17,15.0,100.0
2025-03-08 19:18:17,14.3,100.0
2025-03-08 20:15:17,13.9,100.0
2025-03-08 23:06:17,13.0,100.0
2025-03-09 01:57:17,12.2,97.7
2025-03-09 02:54:17,11.5,99.2
2025-03-09 03:51:17,11.1,100.0
2025-03-09 04:48:17,10.9,75.0
2025-03-09 06:42:17,9.6,10.2
2025-03-09 07:39:17,9.7,15.6
2025-03-09 10:30:17,14.4,16.4
2025-03-09 11:27:17,15.6,86.7
2025-03-09 12:24:17,16.4,29.7
2025-03-09 13:21:17,17.2,10.2
2025-03-09 14:18:17,17.6,21.1
2025-03-09 15:15:17,17.6,57.0
2025-03-09 18:06:17,14.4,100.0
2025-03-09 19:03:17,13.1,100.0
2025-03-09 20:00:17,13.1,1.6
2025-03-09 22:51:17,10.6,100.0
2025-03-09 23:48:17,10.5,68.0
2025-03-10 00:45:17,10.1,100.0
2025-03-10 01:42:17,9.2,98.4
2025-03-10 02:39:17,8.9,96.9
2025-03-10 03:36:17,8.5,98.4
2025-03-10 04:33:17,8.7,100.0
2025-03-10 07:24:17,9.5,84.4
2025-03-11 09:03:18,13.4,78.9
2025-03-11 13:48:18,19.2,100.0
2025-03-11 16:39:18,16.8,99.2
2025-03-11 20:59:12,13.7,35.2
2025-03-11 22:02:12,12.2,89.8
2025-03-12 05:23:12,11.2,3.1
2025-03-12 06:26:12,10.9,3.1
2025-03-08 21:12:17,13.7,100.0
2025-03-08 22:09:17,13.4,100.0
2025-03-09 00:03:17,12.4,100.0
2025-03-09 01:00:17,11.3,99.2
2025-03-09 05:45:17,10.2,7.0
2025-03-09 08:36:17,11.0,18.0
2025-03-09 09:33:17,12.7,1.6
2025-03-09 16:12:17,17.0,36.7
2025-03-09 17:09:17,15.7,91.4
2025-03-09 21:54:17,11.7,63.3
2025-03-10 05:30:17,9.4,100.0
2025-03-10 06:27:17,9.5,100.0
2025-03-10 10:15:18,14.6,71.9
2025-03-10 11:12:18,15.5,18.7
2025-03-10 13:06:18,17.5,95.3
2025-03-10 16:54:18,17.6,70.3
2025-03-10 21:39:18,12.4,98.4
2025-03-10 22:36:18,11.7,100.0
2025-03-10 23:33:18,11.4,100.0
2025-03-11 02:24:18,11.0,99.2
2025-03-11 03:21:18,10.3,75.0
2025-03-11 08:06:18,11.7,100.0
2025-03-11 12:51:18,18.4,44.5
2025-03-11 18:33:18,15.1,55.5
2025-03-11 18:53:12,15.1,55.5
2025-03-12 02:14:12,12.2,14.8
2025-03-12 03:17:12,12.2,6.2
2025-03-12 04:20:12,11.8,6.2
2025-03-12 09:35:12,14.7,0.0
2025-03-12 11:41:12,17.9,7.0
2025-03-12 14:50:12,21.2,68.0
2025-03-12 16:56:12,18.4,100.0
2025-03-12 20:05:12,14.5,100.0
2025-03-13 01:20:12,11.7,68.0
2025-03-13 05:32:12,10.3,69.5
2025-03-13 06:35:12,10.0,98.4
2025-03-13 08:41:12,11.6,100.0
2025-03-13 10:47:19,14.2,100.0
2025-03-13 16:03:19,14.0,100.0
2025-03-13 18:09:19,12.6,100.0
2025-03-14 07:48:19,10.1,100.0
2025-03-13 22:21:19,9.8,99.2
2025-03-13 23:24:19,10.1,79.7
2025-03-14 00:27:19,10.0,100.0
2025-03-14 04:39:19,9.9,100.0
2025-03-14 05:42:19,10.0,100.0
2025-03-14 08:51:19,10.0,100.0
2025-03-14 13:03:19,11.1,100.0
2025-03-14 14:06:19,10.7,100.0
2025-03-14 17:15:19,10.0,100.0
2025-03-14 21:27:19,9.1,100.0
2025-03-15 03:45:19,7.0,14.1
2025-03-15 04:48:19,5.8,12.5
2025-03-15 07:57:19,4.5,0.0
2025-03-15 09:00:19,9.1,0.0
2025-03-15 12:09:19,14.3,0.0
2025-03-15 14:15:19,16.5,44.5
2025-03-10 08:21:17,10.7,20.3
2025-03-10 12:09:18,16.9,84.4
2025-03-10 14:03:18,17.7,60.2
2025-03-10 15:00:18,18.2,69.5
2025-03-10 17:51:18,15.8,86.7
2025-03-10 18:48:18,14.4,100.0
2025-03-10 19:45:18,13.1,100.0
2025-03-10 20:42:18,13.0,100.0
2025-03-11 00:30:18,11.1,100.0
2025-03-11 01:27:18,10.8,100.0
2025-03-11 04:18:18,9.6,71.1
2025-03-11 05:15:18,10.2,80.5
2025-03-11 06:12:18,10.7,100.0
2025-03-11 07:09:18,11.5,100.0
2025-03-11 10:00:18,16.0,76.6
2025-03-11 11:54:18,17.5,91.4
2025-03-11 14:45:18,18.0,100.0
2025-03-11 15:42:18,15.7,96.1
2025-03-11 17:36:18,16.9,98.4
2025-03-11 19:56:12,14.0,36.7
2025-03-11 23:05:12,12.1,4.7
2025-03-12 00:08:12,12.1,4.7
2025-03-12 01:11:12,11.8,6.2
2025-03-12 07:29:12,10.7,5.5
2025-03-12 08:32:12,12.6,1.6
2025-03-12 10:38:12,16.3,0.0
2025-03-12 12:44:12,19.3,71.1
2025-03-12 13:47:12,20.1,34.4
2025-03-12 15:53:12,19.6,95.3
2025-03-12 17:59:12,17.3,99.2
2025-03-12 19:02:12,15.4,99.2
2025-03-12 21:08:12,13.9,100.0
2025-03-12 22:11:12,13.4,98.4
2025-03-12 23:14:12,12.8,82.8
2025-03-13 00:17:12,12.2,96.9
2025-03-13 02:23:12,11.0,58.6
2025-03-13 03:26:12,10.7,99.2
2025-03-13 04:29:12,10.9,68.7
2025-03-13 07:38:12,10.4,100.0
2025-03-13 09:44:19,13.4,100.0
2025-03-13 11:50:19,14.7,100.0
2025-03-13 15:00:19,13.7,100.0
2025-03-13 17:06:19,13.6,100.0
2025-03-13 19:12:19,12.0,61.7
2025-03-13 20:15:19,10.2,70.3
2025-03-13 21:18:19,9.6,98.4
2025-03-14 01:30:19,9.6,78.9
2025-03-14 02:33:19,9.9,100.0
2025-03-14 03:36:19,9.8,100.0
2025-03-14 06:45:19,10.3,100.0
2025-03-14 09:54:19,10.2,100.0
2025-03-14 10:57:19,10.5,100.0
2025-03-14 12:00:19,11.1,100.0
2025-03-14 15:09:19,10.7,100.0
2025-03-14 16:12:19,10.5,100.0
2025-03-14 18:18:19,9.7,100.0
2025-03-14 19:21:19,9.3,100.0
2025-03-14 20:24:19,9.3,100.0
2025-03-14 22:30:19,9.0,100.0
2025-03-14 23:33:19,9.1,100.0
2025-03-15 00:36:19,9.3,100.0
2025-03-15 01:39:19,9.1,75.0
2025-03-15 02:42:19,8.2,10.9
2025-03-15 05:51:19,4.9,0.0
2025-03-15 06:54:19,4.3,0.0
2025-03-15 10:03:19,11.4,0.0
2025-03-15 11:06:19,13.1,0.0
2025-03-15 13:12:19,15.5,11.7
2025-03-15 15:18:19,15.8,93.7
2025-03-16 09:09:20,10.9,96.9
2025-03-15 16:21:19,14.5,72.7
2025-03-15 17:24:19,14.1,39.8
2025-03-15 19:30:19,11.2,0.0
2025-03-15 20:33:19,9.9,0.8
2025-03-15 21:36:19,8.5,0.0
2025-03-15 22:39:19,7.3,0.0
2025-03-15 23:42:19,6.5,0.0
2025-03-16 02:51:19,6.2,0.0
2025-03-16 03:54:19,5.9,0.0
2025-03-16 04:57:19,5.7,4.7
2025-03-16 06:00:19,5.4,16.4
2025-03-16 08:06:20,8.6,76.6
2025-03-16 10:12:20,12.8,99.2
2025-03-16 14:24:20,12.2,35.9
2025-03-16 15:27:20,13.5,24.2
2025-03-16 16:30:20,14.1,15.6
2025-03-16 18:36:20,12.7,13.3
2025-03-16 19:39:20,12.2,2.3
2025-03-16 20:42:20,11.3,0.0
2025-03-16 23:51:20,7.3,72.7
2025-03-17 00:54:20,6.8,41.4
2025-03-17 01:57:20,5.7,50.0
2025-03-17 03:00:20,6.1,100.0
2025-03-17 04:03:20,6.5,100.0
2025-03-17 07:12:20,6.6,100.0
2025-03-17 08:15:20,8.9,100.0
2025-03-17 10:21:20,10.3,100.0
2025-03-17 11:24:20,10.3,100.0
2025-03-17 12:27:20,10.9,100.0
2025-03-17 14:33:20,11.0,100.0
2025-03-17 15:36:20,10.7,100.0
2025-03-17 16:39:20,11.0,100.0
2025-03-17 18:45:20,10.5,100.0
2025-03-17 19:48:20,10.1,100.0
2025-03-17 20:51:20,9.9,100.0
2025-03-18 01:03:20,9.9,100.0
2025-03-18 02:06:20,9.6,100.0
2025-03-18 03:09:20,9.6,100.0
2025-03-18 04:12:20,9.6,100.0
2025-03-18 06:18:20,10.1,100.0
2025-03-18 07:21:20,10.5,100.0
2025-03-18 08:24:20,10.7,100.0
2025-03-19 07:30:20,11.5,71.1
2025-03-19 08:33:20,13.1,38.3
2025-03-19 10:39:20,15.3,100.0
2025-03-19 11:42:20,15.5,98.4
2025-03-19 12:45:20,16.0,88.3
2025-03-19 14:51:20,16.5,78.1
2025-03-19 15:54:20,16.4,54.7
2025-03-19 16:57:20,15.8,99.2
2025-03-19 19:03:20,13.7,99.2
2025-03-19 20:06:20,13.5,100.0
2025-03-19 21:09:20,13.5,100.0
2025-03-19 22:12:20,13.7,100.0
2025-03-19 23:15:20,13.9,100.0
2025-03-20 02:24:20,13.9,100.0
2025-03-20 03:27:20,13.8,100.0
2025-03-20 04:30:20,13.8,100.0
2025-03-20 06:36:20,13.6,100.0
2025-03-20 07:39:20,13.8,100.0
2025-03-20 08:42:20,14.2,100.0
2025-03-20 10:48:20,15.2,100.0
2025-03-20 11:51:20,16.3,97.7
2025-03-20 13:57:20,17.9,93.7
2025-03-20 15:00:20,17.8,57.8
2025-03-20 17:06:20,16.5,14.1
2025-03-20 18:09:20,15.5,99.2
2025-03-20 19:12:20,14.9,95.3
2025-03-20 22:21:20,13.9,67.2
2025-03-20 23:24:20,13.4,87.5
2025-03-15 18:27:19,12.3,5.5
2025-03-16 00:45:19,6.1,0.0
2025-03-16 01:48:19,6.3,4.7
2025-03-16 07:03:19,6.1,67.2
2025-03-16 11:15:20,13.0,100.0
2025-03-16 12:18:20,12.0,71.9
2025-03-16 13:21:20,12.2,63.3
2025-03-16 17:33:20,13.9,15.6
2025-03-16 21:45:20,10.1,2.3
2025-03-16 22:48:20,8.5,75.8
2025-03-17 05:06:20,6.5,100.0
2025-03-17 06:09:20,6.3,100.0
2025-03-17 09:18:20,9.8,100.0
2025-03-17 13:30:20,11.4,100.0
2025-03-17 17:42:20,10.8,100.0
2025-03-17 21:54:20,9.7,100.0
2025-03-18 00:00:20,9.8,100.0
2025-03-17 22:57:20,9.6,100.0
2025-03-18 05:15:20,9.8,100.0
2025-03-18 09:27:20,11.2,100.0
2025-03-18 10:30:20,11.8,100.0
2025-03-18 11:33:20,12.0,100.0
2025-03-18 12:36:20,11.9,100.0
2025-03-18 13:39:20,12.8,100.0
2025-03-18 14:42:20,12.5,100.0
2025-03-18 15:45:20,11.8,100.0
2025-03-18 16:48:20,12.0,100.0
2025-03-18 17:51:20,12.2,100.0
2025-03-18 18:54:20,12.1,100.0
2025-03-18 19:57:20,11.9,100.0
2025-03-18 21:00:20,11.7,100.0
2025-03-18 22:03:20,11.6,100.0
2025-03-18 23:06:20,11.5,100.0
2025-03-19 00:09:20,11.5,100.0
2025-03-19 01:12:20,11.6,100.0
2025-03-19 02:15:20,11.7,100.0
2025-03-19 03:18:20,11.3,100.0
2025-03-19 04:21:20,11.5,100.0
2025-03-19 05:24:20,11.3,100.0
2025-03-19 06:27:20,11.5,97.7
2025-03-19 09:36:20,14.7,98.4
2025-03-19 13:48:20,16.8,88.3
2025-03-19 18:00:20,14.4,100.0
2025-03-20 00:18:20,13.9,100.0
2025-03-20 01:21:20,13.9,100.0
2025-03-20 05:33:20,13.7,100.0
2025-03-20 09:45:20,14.6,100.0
2025-03-20 12:54:20,17.1,90.6
2025-03-20 16:03:20,17.2,50.8
2025-03-20 20:15:20,14.4,31.2
2025-03-20 21:18:20,14.1,35.2
2025-03-21 01:30:20,13.1,99.2
2025-03-21 05:42:20,11.8,100.0
2025-03-21 07:48:20,13.1,100.0
2025-03-21 13:03:20,20.3,25.0
2025-03-21 15:09:20,19.9,100.0
2025-03-21 18:18:20,17.2,100.0
2025-03-22 00:36:21,13.4,35.2
2025-03-22 14:15:21,17.0,49.2
2025-03-22 22:39:21,12.2,100.0
2025-03-21 00:27:20,13.1,96.1
2025-03-21 02:33:20,13.1,91.4
2025-03-21 03:36:20,12.5,79.7
2025-03-21 04:39:20,12.5,100.0
2025-03-21 06:45:20,11.6,100.0
2025-03-21 08:51:20,13.7,100.0
2025-03-21 09:54:20,14.7,100.0
2025-03-21 10:57:20,16.1,66.4
2025-03-21 12:00:20,19.4,2.3
2025-03-21 14:06:20,20.8,98.4
2025-03-21 16:12:20,19.3,100.0
2025-03-21 17:15:20,18.2,100.0
2025-03-21 19:21:20,16.6,97.7
2025-03-21 20:24:21,16.4,68.7
2025-03-21 21:27:21,15.7,51.6
2025-03-21 22:30:21,15.2,43.0
2025-03-21 23:33:21,14.5,34.4
2025-03-22 02:42:21,12.3,25.8
2025-03-22 03:45:21,11.5,23.4
2025-03-22 05:51:21,12.9,39.1
2025-03-22 06:54:21,12.5,100.0
2025-03-22 07:57:21,12.0,86.7
2025-03-22 09:00:21,13.2,49.2
2025-03-22 10:03:21,14.5,100.0
2025-03-23 02:51:21,11.0,99.2
2025-03-22 13:12:21,17.2,66.4
2025-03-22 15:18:21,16.5,78.1
2025-03-22 17:24:21,16.3,44.5
2025-03-23 13:21:21,16.5,39.8
2025-03-23 14:24:21,16.8,10.9
2025-03-23 17:33:21,16.1,30.5
2025-03-23 18:36:21,12.7,28.1
2025-03-23 22:48:21,9.2,71.9
2025-03-23 23:51:21,8.5,27.3
2025-03-24 06:09:21,8.1,99.2
2025-03-24 08:15:21,11.5,98.4
2025-03-22 19:30:21,14.3,83.6
2025-03-22 20:33:21,13.5,74.2
2025-03-22 21:36:21,12.7,100.0
2025-03-23 00:45:21,11.6,93.7
2025-03-23 01:48:21,11.3,100.0
2025-03-23 03:54:21,10.9,95.3
2025-03-23 04:57:21,10.4,59.4
2025-03-23 07:03:21,9.8,78.9
2025-03-23 08:06:21,11.4,16.4
2025-03-23 09:09:21,12.8,11.7
2025-03-23 10:12:21,14.2,18.0
2025-03-23 19:39:21,11.4,10.9
2025-03-23 20:42:21,10.6,57.8
2025-03-23 21:45:21,9.9,62.5
2025-03-24 00:54:21,8.0,28.1
2025-03-24 01:57:21,7.8,10.2
2025-03-24 04:03:21,7.4,29.7
2025-03-24 09:18:21,13.1,2.3
2025-03-24 11:24:21,16.9,27.3
2025-03-24 13:30:51,18.1,59.4
2025-03-24 15:36:52,17.0,57.8
2025-03-24 16:39:52,16.1,86.7
2025-03-24 17:42:52,14.7,65.6
2025-03-24 19:48:52,12.6,41.4
2025-03-24 20:51:52,11.9,53.9
2025-03-24 21:54:52,11.1,36.7
2025-03-22 01:39:21,12.5,68.0
2025-03-22 04:48:21,12.0,47.7
2025-03-22 11:06:21,14.9,25.8
2025-03-22 12:09:21,17.3,79.7
2025-03-22 16:21:21,15.9,59.4
2025-03-22 18:27:21,15.6,16.4
2025-03-22 23:42:21,12.1,81.2
2025-03-23 06:00:21,9.7,84.4
2025-03-23 11:15:21,15.2,19.5
2025-03-23 12:18:21,16.2,36.7
2025-03-23 15:27:21,17.1,5.5
2025-03-23 16:30:21,16.9,7.8
2025-03-24 03:00:21,7.4,17.2
2025-03-24 05:06:21,7.7,78.1
2025-03-24 07:12:21,8.9,81.2
2025-03-24 10:21:21,15.3,1.6
2025-03-24 14:33:51,18.1,49.2
2025-03-24 18:45:52,13.6,99.2
2025-03-24 22:57:52,10.3,60.2
