sensor.sensor_temperatura_1_humidity,sensor.sensor_temperatura_1_pressure,sensor.sensor_temperatura_1_temperature,sensor_puerta_1 Puerta,suma_ventanas_arriba,suma_ventanas_abajo,azimuth_mean,elevacion_sol,temperatura_exterior,porcentaje_nubes,temperatura_calefaccion_y,hora,part_of_day,mes,season,hora_sin,hora_cos,dia_1,dia_2,dia_3,dia_4,dia_5,dia_6,predic temperatura aula
43.7,1012.05,17.27,0.0,3600.0,3600.0,145.21,43.01,9.0,83.0,19.1,10,3,3,3,0.3984010898462414,-0.917211301505453,False,False,False,False,False,True,19.098598
74.94,1010.5,17.52,0.0,3600.0,3600.0,306.26,-35.26,14.6,56.0,18.5,21,1,3,3,-0.5195839500354336,0.8544194045464886,False,False,True,False,False,False,18.14744
54.65,1023.45,20.87,0.0,0.0,0.0,168.57,28.95,9.8,93.0,22.0,11,3,1,3,0.1361666490962471,-0.9906859460363306,False,False,False,True,False,False,22.713242
54.11,992.57,19.64,0.0,3600.0,3600.0,76.07,-19.88,9.3,100.0,21.3,4,0,3,1,0.8878852184023752,0.4600650377311522,False,False,False,True,False,False,21.301678
40.8,1015.2,16.93,0.0,7200.0,7200.0,151.13,28.62,6.0,0.0,19.0,10,3,2,3,0.3984010898462414,-0.917211301505453,False,False,False,False,False,True,19.04658
47.92,1016.6,18.53,0.0,0.0,0.0,105.68,-17.86,8.8,93.0,20.5,5,0,12,1,0.9790840876823228,0.2034560130526337,False,False,False,True,False,False,20.312683
67.39,1012.9,20.18,3600.0,14400.0,14400.0,248.06,14.96,14.2,100.0,20.9,16,2,3,3,-0.9422609221188204,-0.3348796121709864,False,False,False,False,False,False,21.206388
38.9,1023.27,19.0,0.0,0.0,0.0,119.64,1.67,6.0,4.0,19.1,7,3,1,2,0.9422609221188204,-0.3348796121709861,False,False,False,False,False,False,18.62184
33.73,1023.2,20.49,0.0,0.0,0.0,246.19,-4.76,13.6,0.0,21.6,17,2,1,3,-0.9976687691905392,-0.0682424133646704,False,False,False,False,False,False,21.324638
56.42,1023.13,21.27,0.0,0.0,0.0,184.85,29.62,10.1,99.0,21.6,12,2,1,0,-0.1361666490962464,-0.9906859460363308,False,False,False,True,False,False,22.477377
39.18,1019.3,15.95,0.0,0.0,0.0,246.21,-8.04,19.3,0.0,17.3,17,2,12,3,-0.9976687691905392,-0.0682424133646704,True,False,False,False,False,False,17.151886
56.6,1017.1,20.23,3528.0,7200.0,7200.0,242.83,9.43,15.2,100.0,21.8,16,2,2,3,-0.9422609221188204,-0.3348796121709864,False,False,False,False,False,False,22.182123
75.17,1011.7,17.69,0.0,3600.0,3600.0,293.27,-25.24,15.0,79.0,18.5,20,1,3,3,-0.730835964278124,0.6825531432186542,False,False,True,False,False,False,18.233027
44.59,1007.13,18.16,0.0,3600.0,3600.0,103.88,13.21,5.3,0.0,20.6,7,3,3,2,0.9422609221188204,-0.3348796121709861,False,False,False,False,True,False,20.5334
64.01,1006.58,18.74,0.0,3600.0,3600.0,165.37,49.85,14.8,100.0,19.5,11,3,3,3,0.1361666490962471,-0.9906859460363306,False,False,False,True,False,False,19.577782
49.28,1009.1,20.7,0.0,14400.0,14400.0,252.22,1.54,21.8,5.0,23.0,17,2,2,3,-0.9976687691905392,-0.0682424133646704,False,False,False,True,False,False,23.298704
36.97,1019.15,18.68,0.0,0.0,0.0,227.49,12.8,18.6,0.0,19.7,15,2,1,3,-0.816969893010442,-0.5766803221148672,False,False,False,False,False,True,19.77212
42.34,1007.95,17.96,0.0,3600.0,3600.0,115.31,24.57,4.9,0.0,20.4,8,3,3,2,0.8169698930104421,-0.5766803221148671,False,False,False,False,True,False,20.319344
54.32,1025.7,13.46,0.0,0.0,0.0,71.29,-56.11,6.7,46.0,14.6,2,0,12,0,0.5195839500354336,0.8544194045464886,True,False,False,False,False,False,14.773809
75.26,1012.2,16.44,0.0,14400.0,14400.0,51.99,-43.67,13.6,100.0,18.5,2,0,3,0,0.5195839500354336,0.8544194045464886,False,False,True,False,False,False,18.52784
49.1,1034.7,19.98,0.0,0.0,0.0,172.57,26.7,7.9,0.0,20.4,11,3,12,3,0.1361666490962471,-0.9906859460363306,False,False,False,False,False,False,20.849318
53.82,1013.5,20.04,0.0,0.0,0.0,309.71,-54.26,12.9,20.0,22.5,22,1,2,3,-0.2697967711570252,0.962917287347799,False,True,False,False,False,False,22.622782
39.0,1026.6,17.79,316.0,7200.0,7200.0,96.87,-16.85,6.4,0.0,19.6,5,0,2,1,0.9790840876823228,0.2034560130526337,False,True,False,False,False,False,19.618542
56.64,1021.7,21.4,286.0,14400.0,14400.0,147.7,34.19,13.2,100.0,22.4,10,3,2,3,0.3984010898462414,-0.917211301505453,False,False,False,True,False,False,21.880491
44.47,1015.2,17.49,0.0,7200.0,7200.0,87.65,-29.69,8.3,100.0,19.5,4,0,2,1,0.8878852184023752,0.4600650377311522,False,False,False,False,False,True,19.461977
37.51,1024.4,18.83,0.0,0.0,0.0,84.41,-45.03,6.5,0.0,21.2,3,0,12,1,0.730835964278124,0.6825531432186541,False,False,False,False,True,False,21.068394
46.41,1015.93,19.75,1675.0,9748.0,9748.0,111.97,5.4,9.9,6.0,21.0,7,3,2,2,0.9422609221188204,-0.3348796121709861,False,False,True,False,False,False,20.329702
38.8,1021.68,18.71,0.0,0.0,0.0,255.13,-16.11,15.7,1.0,19.7,18,1,1,3,-0.979084087682323,0.2034560130526333,False,False,False,False,False,True,19.785313
37.74,1024.7,17.98,0.0,0.0,0.0,237.28,1.93,15.4,0.0,20.1,16,2,12,3,-0.9422609221188204,-0.3348796121709864,False,False,False,False,True,False,20.019135
52.34,1025.73,14.38,0.0,0.0,0.0,171.39,26.7,8.3,4.0,15.7,11,3,12,3,0.1361666490962471,-0.9906859460363306,False,False,False,False,True,False,15.644071
46.01,1010.55,17.22,0.0,3600.0,3600.0,226.57,37.9,11.8,79.0,19.0,14,2,3,3,-0.6310879443260528,-0.7757112907044198,False,False,False,False,False,True,18.91739
46.14,1015.9,20.01,0.0,14400.0,14400.0,310.41,-54.15,12.5,96.0,22.7,22,1,2,3,-0.2697967711570252,0.962917287347799,False,False,True,False,False,False,22.814201
44.1,1014.67,20.39,0.0,0.0,0.0,228.87,9.35,19.8,100.0,22.0,15,2,12,3,-0.816969893010442,-0.5766803221148672,False,False,True,False,False,False,22.39768
42.23,1025.32,17.64,0.0,0.0,0.0,256.14,-20.41,13.7,100.0,19.7,18,1,12,3,-0.979084087682323,0.2034560130526333,False,False,False,False,True,False,19.642725
47.56,1012.2,20.62,0.0,0.0,0.0,98.47,-68.9,14.1,0.0,22.7,0,0,1,3,0.0,1.0,False,False,False,False,True,False,22.416748
35.94,1015.08,18.38,0.0,7200.0,7200.0,184.55,33.34,10.9,87.0,20.3,12,2,2,0,-0.1361666490962464,-0.9906859460363308,False,False,False,False,True,False,20.099192
48.1,1025.4,18.01,0.0,0.0,0.0,76.45,-52.6,5.8,88.0,20.1,2,0,12,0,0.5195839500354336,0.8544194045464886,False,True,False,False,False,False,20.020416
54.52,1013.35,20.88,0.0,7200.0,7200.0,261.41,-11.29,14.9,15.0,22.9,18,1,2,3,-0.979084087682323,0.2034560130526333,True,False,False,False,False,False,22.760878
43.01,1011.9,17.3,0.0,3600.0,3600.0,103.95,13.87,7.2,27.0,19.2,7,3,3,2,0.9422609221188204,-0.3348796121709861,False,False,False,False,False,True,19.090853
68.82,1013.3,20.7,2466.0,14400.0,14400.0,185.07,43.62,12.8,100.0,20.8,12,2,3,0,-0.1361666490962464,-0.9906859460363308,False,False,False,False,False,False,21.002625
34.78,1018.6,18.69,288.0,7200.0,7200.0,216.48,25.75,14.9,4.0,20.6,14,2,2,3,-0.6310879443260528,-0.7757112907044198,False,False,False,False,False,False,20.318808
42.83,1015.4,21.71,0.0,0.0,0.0,246.16,-8.04,19.2,86.0,22.4,17,2,12,3,-0.9976687691905392,-0.0682424133646704,False,False,True,False,False,False,22.862675
60.07,1026.43,13.17,0.0,0.0,0.0,51.19,-66.2,8.3,96.0,14.3,1,0,1,0,0.2697967711570243,0.9629172873477992,False,True,False,False,False,False,14.521903
55.39,1016.45,22.42,425.0,0.0,0.0,139.16,20.2,13.4,2.0,22.4,9,3,1,3,0.631087944326053,-0.7757112907044197,False,False,False,True,False,False,22.604433
57.5,1010.35,21.8,583.0,14400.0,14400.0,244.87,11.26,15.7,88.0,22.7,16,2,2,3,-0.9422609221188204,-0.3348796121709864,True,False,False,False,False,False,22.33145
45.15,1018.62,19.42,0.0,0.0,0.0,254.92,-16.1,22.9,2.0,21.0,18,1,1,3,-0.979084087682323,0.2034560130526333,False,False,False,False,True,False,20.773493
39.8,1014.9,21.52,91.0,14400.0,14400.0,202.53,34.36,16.1,1.0,22.5,13,2,2,3,-0.3984010898462415,-0.9172113015054528,False,False,True,False,False,False,22.787733
41.9,1011.0,17.51,0.0,3600.0,3600.0,48.84,-40.52,6.9,0.0,19.4,2,0,3,0,0.5195839500354336,0.8544194045464886,False,False,False,False,False,True,19.38309
36.62,1022.0,15.88,0.0,0.0,0.0,143.53,17.69,5.4,1.0,17.3,9,3,12,3,0.631087944326053,-0.7757112907044197,True,False,False,False,False,False,17.225977
70.9,996.45,17.78,0.0,14400.0,14400.0,303.34,-39.47,14.5,100.0,19.3,21,1,3,3,-0.5195839500354336,0.8544194045464886,False,False,False,False,True,False,19.457403
46.06,998.45,20.75,798.0,10800.0,10800.0,260.7,5.38,18.4,57.0,20.9,17,2,3,3,-0.9976687691905392,-0.0682424133646704,False,False,False,False,False,False,20.905998
53.38,1021.32,20.56,0.0,0.0,0.0,246.2,-8.06,19.6,95.0,22.3,17,2,12,3,-0.9976687691905392,-0.0682424133646704,False,True,False,False,False,False,21.62275
50.54,998.73,19.33,0.0,10800.0,10800.0,116.8,23.7,12.0,99.0,20.4,8,3,3,2,0.8169698930104421,-0.5766803221148671,True,False,False,False,False,False,20.447817
43.53,1020.7,17.66,0.0,7200.0,7200.0,74.74,-39.8,8.8,0.0,20.0,3,0,2,1,0.730835964278124,0.6825531432186541,False,False,False,False,False,True,19.715395
68.74,1014.6,17.18,0.0,14400.0,14400.0,267.01,-5.95,14.0,96.0,19.7,18,1,3,3,-0.979084087682323,0.2034560130526333,True,False,False,False,False,False,19.756712
53.1,1025.1,14.57,0.0,0.0,0.0,262.97,-29.35,13.8,0.0,15.8,19,1,12,3,-0.8878852184023756,0.4600650377311516,False,False,False,False,True,False,15.689015
60.22,1026.4,13.13,0.0,0.0,0.0,71.17,-56.06,7.7,80.0,14.3,2,0,1,0,0.5195839500354336,0.8544194045464886,False,True,False,False,False,False,14.535394
57.01,1020.7,19.52,0.0,14400.0,14400.0,36.08,-55.24,11.9,100.0,21.1,1,0,2,0,0.2697967711570243,0.9629172873477992,False,False,False,False,False,True,21.32347
59.0,1007.95,18.69,0.0,0.0,0.0,13.43,-69.42,10.5,55.0,21.3,0,0,1,3,0.0,1.0,False,True,False,False,False,False,21.55582
44.2,1002.0,17.77,0.0,0.0,0.0,73.76,-17.0,11.6,98.0,19.1,4,0,3,1,0.8878852184023752,0.4600650377311522,False,False,False,False,False,True,19.134714
47.82,1006.1,19.67,0.0,0.0,0.0,272.65,-2.09,19.9,100.0,20.8,18,1,3,3,-0.979084087682323,0.2034560130526333,False,False,False,True,False,False,20.384954
41.36,1015.93,16.95,0.0,7200.0,7200.0,259.52,-13.52,12.8,0.0,18.7,18,1,2,3,-0.979084087682323,0.2034560130526333,False,False,False,False,False,True,18.641855
51.1,1013.52,17.13,0.0,3600.0,3600.0,127.94,-51.39,9.2,51.0,18.8,0,0,3,3,0.0,1.0,False,False,False,False,False,False,18.883429
51.8,1023.47,15.62,0.0,0.0,0.0,104.69,-19.46,9.5,1.0,16.8,5,0,12,1,0.9790840876823228,0.2034560130526337,False,False,True,False,False,False,16.698202
45.9,1002.2,18.07,0.0,0.0,0.0,265.2,7.36,17.6,27.0,19.3,17,2,3,3,-0.9976687691905392,-0.0682424133646704,False,False,False,False,True,False,19.194696
38.47,1023.4,19.5,0.0,0.0,0.0,275.3,-44.72,11.9,0.0,23.0,20,1,12,3,-0.730835964278124,0.6825531432186542,False,False,False,True,False,False,22.156597
48.36,1015.2,16.82,0.0,0.0,0.0,92.91,-32.81,13.2,2.0,19.0,4,0,1,1,0.8878852184023752,0.4600650377311522,False,True,False,False,False,False,18.706667
50.02,1005.8,19.08,0.0,3600.0,3600.0,209.93,46.78,18.3,2.0,20.0,13,2,3,3,-0.3984010898462415,-0.9172113015054528,False,False,False,True,False,False,20.071203
42.71,1022.7,20.61,1974.0,7200.0,7200.0,249.46,-0.21,18.3,0.0,22.0,17,2,2,3,-0.9976687691905392,-0.0682424133646704,True,False,False,False,False,False,22.550117
46.64,1012.5,20.82,68.0,0.0,0.0,265.89,-25.66,18.3,0.0,23.5,19,1,1,3,-0.8878852184023756,0.4600650377311516,False,False,False,True,False,False,23.452686
51.08,1014.56,19.92,0.0,0.0,0.0,246.08,-6.12,15.5,24.0,20.6,17,2,1,3,-0.9976687691905392,-0.0682424133646704,True,False,False,False,False,False,20.886179
43.42,1006.3,20.68,0.0,14400.0,14400.0,289.86,-48.43,13.3,93.0,21.8,21,1,1,3,-0.5195839500354336,0.8544194045464886,False,True,False,False,False,False,21.904617
48.86,1014.4,20.2,0.0,0.0,0.0,238.19,1.42,12.9,74.0,21.8,16,2,12,3,-0.9422609221188204,-0.3348796121709864,False,False,True,False,False,False,21.35542
42.4,1016.9,16.44,0.0,0.0,0.0,67.49,-54.38,6.2,52.0,18.9,2,0,1,0,0.5195839500354336,0.8544194045464886,False,False,False,False,False,True,18.867683
43.76,1018.8,20.08,0.0,14400.0,14400.0,313.21,-49.65,11.9,98.0,22.3,22,1,2,3,-0.2697967711570252,0.962917287347799,False,True,False,False,False,False,22.105677
31.96,1013.1,20.3,3089.0,0.0,0.0,228.38,16.56,16.0,18.0,20.7,15,2,1,3,-0.816969893010442,-0.5766803221148672,True,False,False,False,False,False,20.391455
56.27,1024.4,19.11,0.0,14400.0,14400.0,184.72,40.63,14.9,14.0,20.6,12,2,2,0,-0.1361666490962464,-0.9906859460363308,False,False,False,False,False,True,20.734978
39.7,1017.75,19.55,346.0,0.0,0.0,106.97,-7.5,11.4,99.0,20.7,6,3,1,2,0.9976687691905392,-0.0682424133646708,False,True,False,False,False,False,20.884338
48.89,1007.65,19.01,0.0,0.0,0.0,65.28,-53.01,16.4,100.0,20.4,2,0,1,0,0.5195839500354336,0.8544194045464886,False,False,False,False,False,False,20.474825
37.02,1026.25,18.34,0.0,0.0,0.0,131.53,9.66,4.2,0.0,20.7,8,3,12,2,0.8169698930104421,-0.5766803221148671,False,False,False,False,True,False,20.40206
42.02,1016.9,16.94,0.0,7200.0,7200.0,279.43,-37.21,11.2,0.0,18.7,20,1,2,3,-0.730835964278124,0.6825531432186542,False,False,False,False,False,True,18.557259
51.75,1013.2,16.22,0.0,3600.0,3600.0,320.48,-44.05,10.3,100.0,17.9,22,1,3,3,-0.2697967711570252,0.962917287347799,False,False,False,False,False,False,18.065458
37.51,1013.4,21.1,2577.0,14400.0,14400.0,204.51,39.12,14.8,100.0,21.6,13,2,2,3,-0.3984010898462415,-0.9172113015054528,False,False,True,False,False,False,22.251326
74.74,1013.5,16.5,0.0,14400.0,14400.0,301.38,-39.72,13.1,100.0,18.7,21,1,3,3,-0.5195839500354336,0.8544194045464886,False,True,False,False,False,False,18.61427
38.07,1018.45,20.26,0.0,0.0,0.0,255.84,-16.12,13.7,55.0,21.8,18,1,1,3,-0.979084087682323,0.2034560130526333,False,True,False,False,False,False,21.928492
57.22,1012.35,20.19,0.0,14400.0,14400.0,130.23,-61.55,11.8,100.0,21.6,0,0,2,3,0.0,1.0,True,False,False,False,False,False,21.697144
51.82,1025.4,13.62,0.0,0.0,0.0,263.15,-29.36,12.7,1.0,14.8,19,1,12,3,-0.8878852184023756,0.4600650377311516,False,False,False,False,False,False,14.540699
51.16,1025.4,13.66,0.0,0.0,0.0,103.61,-20.51,6.3,24.0,14.9,5,0,12,1,0.9790840876823228,0.2034560130526337,False,False,False,False,False,False,14.687729
57.58,1019.07,19.68,0.0,14400.0,14400.0,286.0,-33.19,13.6,100.0,21.3,20,1,2,3,-0.730835964278124,0.6825531432186542,False,False,False,False,True,False,21.336515
38.52,1007.47,19.28,0.0,14400.0,14400.0,88.45,-30.19,11.6,1.0,20.6,4,0,1,1,0.8878852184023752,0.4600650377311522,False,False,True,False,False,False,20.69816
58.67,1012.7,15.67,0.0,3600.0,3600.0,252.94,18.58,12.9,100.0,17.4,16,2,3,3,-0.9422609221188204,-0.3348796121709864,True,False,False,False,False,False,17.277405
70.0,1016.6,15.84,0.0,3600.0,3600.0,321.87,-43.69,13.8,100.0,17.0,22,1,3,3,-0.2697967711570252,0.962917287347799,False,True,False,False,False,False,16.921228
54.56,1016.47,13.04,0.0,0.0,0.0,70.76,-55.89,12.7,63.0,14.0,2,0,1,0,0.5195839500354336,0.8544194045464886,False,False,False,False,True,False,13.754227
53.59,1025.6,14.49,0.0,0.0,0.0,300.18,-63.04,11.0,0.0,15.7,22,1,12,3,-0.2697967711570252,0.962917287347799,False,False,False,False,True,False,15.665911
70.45,1015.2,15.79,0.0,3600.0,3600.0,271.84,-2.35,15.7,99.0,17.0,18,1,3,3,-0.979084087682323,0.2034560130526333,False,True,False,False,False,False,16.858599
57.11,999.59,18.97,0.0,10800.0,10800.0,128.36,-53.74,12.1,100.0,20.9,0,0,3,3,0.0,1.0,True,False,False,False,False,False,20.85738
52.84,1012.5,19.73,74.0,14400.0,14400.0,274.9,-17.89,13.7,67.0,22.8,19,1,2,3,-0.8878852184023756,0.4600650377311516,False,False,False,True,False,False,22.920908
41.52,1028.4,19.84,811.0,7200.0,7200.0,123.97,13.33,5.3,0.0,19.7,8,3,2,2,0.8169698930104421,-0.5766803221148671,False,True,False,False,False,False,19.40457
39.33,1022.55,18.74,0.0,0.0,0.0,265.41,-29.43,14.9,0.0,19.8,19,1,1,3,-0.8878852184023756,0.4600650377311516,False,False,False,False,False,True,19.705687
54.88,1025.7,15.09,0.0,0.0,0.0,228.12,10.13,14.5,58.0,16.4,15,2,12,3,-0.816969893010442,-0.5766803221148672,False,False,False,True,False,False,15.91979
43.54,1020.15,20.51,0.0,14400.0,14400.0,301.15,-43.63,14.3,85.0,22.4,21,1,2,3,-0.5195839500354336,0.8544194045464886,True,False,False,False,False,False,22.353037
47.57,1011.7,19.89,0.0,0.0,0.0,247.74,-2.5,17.9,100.0,21.6,17,2,1,3,-0.9976687691905392,-0.0682424133646704,False,False,False,False,True,False,21.618074
68.91,1004.47,17.91,0.0,14400.0,14400.0,65.71,-33.18,12.5,75.0,20.1,3,0,3,1,0.730835964278124,0.6825531432186541,False,False,False,False,True,False,20.2103
49.88,996.28,20.0,28.0,2590.0,2590.0,239.22,27.15,19.3,86.0,20.8,15,2,3,3,-0.816969893010442,-0.5766803221148672,True,False,False,False,False,False,20.59043
50.48,1013.7,21.68,599.0,14400.0,14400.0,149.36,32.12,10.1,0.0,22.4,10,3,2,3,0.3984010898462414,-0.917211301505453,False,False,False,True,False,False,22.03908
40.07,1028.8,16.47,0.0,0.0,0.0,188.14,26.67,10.6,0.0,18.5,12,2,12,0,-0.1361666490962464,-0.9906859460363308,False,False,False,False,False,True,18.388445
42.67,1003.0,17.56,0.0,0.0,0.0,127.3,37.7,10.3,22.0,19.0,9,3,3,3,0.631087944326053,-0.7757112907044197,False,False,False,False,False,True,18.945347
44.71,1016.7,19.53,754.0,14400.0,14400.0,100.53,-1.12,14.6,100.0,21.0,6,3,2,2,0.9976687691905392,-0.0682424133646708,True,False,False,False,False,False,20.889118
50.12,1012.5,16.76,0.0,3600.0,3600.0,114.95,25.37,8.4,100.0,18.5,8,3,3,2,0.8169698930104421,-0.5766803221148671,False,False,False,False,False,False,18.040232
47.67,994.9,17.34,0.0,14400.0,14400.0,237.79,27.21,16.8,29.0,18.5,15,2,3,3,-0.816969893010442,-0.5766803221148672,False,False,False,False,False,True,18.473173
39.98,1015.57,21.44,51.0,14400.0,14400.0,184.87,37.09,14.0,49.0,22.5,12,2,2,0,-0.1361666490962464,-0.9906859460363308,False,False,True,False,False,False,21.658974
53.46,1025.75,21.01,69.0,14400.0,14400.0,120.4,18.96,7.4,85.0,20.2,8,3,2,2,0.8169698930104421,-0.5766803221148671,False,False,False,False,False,False,20.284395
69.13,1012.97,17.99,0.0,14400.0,14400.0,78.53,-23.22,12.9,99.0,20.4,4,0,3,1,0.8878852184023752,0.4600650377311522,True,False,False,False,False,False,20.449217
42.93,1019.15,18.79,0.0,0.0,0.0,59.83,-63.34,15.1,31.0,21.0,1,0,12,0,0.2697967711570243,0.9629172873477992,False,False,True,False,False,False,20.776623
42.66,1015.7,15.63,0.0,0.0,0.0,327.14,-67.5,7.7,99.0,17.7,23,1,1,3,-2.4492935982947064e-16,1.0,False,False,False,False,False,True,17.25957
54.67,1016.45,13.04,0.0,0.0,0.0,83.54,-44.63,14.5,100.0,13.9,3,0,1,1,0.730835964278124,0.6825531432186541,False,False,False,False,True,False,13.704883
40.34,1026.6,18.06,0.0,7200.0,7200.0,96.5,-16.81,6.0,4.0,19.8,5,0,2,1,0.9790840876823228,0.2034560130526337,False,False,True,False,False,False,19.7236
42.81,1026.1,19.9,999.0,7200.0,7200.0,229.87,18.37,16.9,0.0,21.3,15,2,2,3,-0.816969893010442,-0.5766803221148672,False,True,False,False,False,False,21.24339
51.16,1025.4,14.1,0.0,0.0,0.0,130.66,9.28,5.4,0.0,15.3,8,3,12,2,0.8169698930104421,-0.5766803221148671,False,False,False,False,False,True,15.203999
54.19,1003.6,18.51,0.0,0.0,0.0,47.08,-38.58,13.6,39.0,20.2,2,0,3,0,0.5195839500354336,0.8544194045464886,False,False,False,False,True,False,20.135763
72.63,1013.2,16.51,0.0,14400.0,14400.0,236.65,26.04,13.4,100.0,18.9,15,2,3,3,-0.816969893010442,-0.5766803221148672,False,True,False,False,False,False,18.838882
72.05,1014.05,16.65,0.0,14400.0,14400.0,185.6,44.37,13.9,100.0,19.0,12,2,3,0,-0.1361666490962464,-0.9906859460363308,False,True,False,False,False,False,18.686142
52.16,1011.87,19.36,0.0,14400.0,14400.0,34.36,-53.24,11.9,100.0,21.7,1,0,3,0,0.2697967711570243,0.9629172873477992,False,False,False,False,True,False,21.959005
41.5,1017.45,19.71,0.0,14400.0,14400.0,185.33,-58.4,10.4,100.0,21.9,0,0,2,3,0.0,1.0,False,False,True,False,False,False,21.686083
34.92,1014.81,20.97,190.0,9477.0,9477.0,268.07,-25.68,14.7,91.0,22.2,19,1,1,3,-0.8878852184023756,0.4600650377311516,False,False,True,False,False,False,21.995806
70.54,996.6,17.79,0.0,14400.0,14400.0,259.81,5.22,15.0,100.0,19.4,17,2,3,3,-0.9976687691905392,-0.0682424133646704,False,False,False,False,True,False,19.293623
51.21,1015.33,20.54,0.0,0.0,0.0,247.52,-9.25,12.8,43.0,22.3,17,2,12,3,-0.9976687691905392,-0.0682424133646704,False,False,True,False,False,False,21.53654
35.96,1018.1,16.47,0.0,0.0,0.0,104.78,-19.48,13.3,96.0,18.1,5,0,12,1,0.9790840876823228,0.2034560130526337,False,False,False,False,False,False,17.951914
36.98,1025.7,19.6,0.0,0.0,0.0,287.81,-52.29,8.9,0.0,21.8,21,1,1,3,-0.5195839500354336,0.8544194045464886,True,False,False,False,False,False,21.51652
56.96,1018.6,22.05,3600.0,14400.0,14400.0,263.39,-9.29,15.1,100.0,23.0,18,1,2,3,-0.979084087682323,0.2034560130526333,False,True,False,False,False,False,22.553782
53.62,996.6,21.92,505.0,0.0,0.0,279.23,-16.16,17.2,96.0,21.7,19,1,3,3,-0.8878852184023756,0.4600650377311516,True,False,False,False,False,False,21.825813
49.34,1012.7,17.22,0.0,3600.0,3600.0,294.89,-28.88,13.5,14.0,18.9,20,1,3,3,-0.730835964278124,0.6825531432186542,False,False,False,False,False,True,18.745571
41.86,1012.52,18.4,0.0,7200.0,7200.0,260.32,-12.04,14.7,100.0,22.6,18,1,2,3,-0.979084087682323,0.2034560130526333,False,False,False,True,False,False,21.915876
45.56,1014.05,19.63,0.0,14400.0,14400.0,38.84,-58.03,10.9,11.0,22.1,1,0,2,0,0.2697967711570243,0.9629172873477992,False,False,False,True,False,False,21.952997
57.04,1019.6,12.7,0.0,0.0,0.0,142.51,17.84,10.6,58.0,13.8,9,3,1,3,0.631087944326053,-0.7757112907044197,False,False,False,True,False,False,13.722019
49.18,1026.1,18.61,0.0,0.0,0.0,223.62,-72.93,7.0,0.0,20.9,23,1,12,3,-2.4492935982947064e-16,1.0,True,False,False,False,False,False,20.597937
63.76,1024.2,13.05,0.0,0.0,0.0,227.76,10.83,13.4,57.0,14.2,15,2,1,3,-0.816969893010442,-0.5766803221148672,False,True,False,False,False,False,14.029346
52.95,1019.6,20.16,91.0,7200.0,7200.0,122.96,14.59,7.4,100.0,19.2,8,3,2,2,0.8169698930104421,-0.5766803221148671,False,False,False,False,False,False,19.596518
51.17,1013.3,17.09,0.0,3600.0,3600.0,30.32,-47.57,8.1,61.0,18.8,1,0,3,0,0.2697967711570243,0.9629172873477992,False,False,False,False,False,False,18.727821
35.99,1017.4,18.03,0.0,7200.0,7200.0,250.66,0.3,16.6,0.0,20.2,17,2,2,3,-0.9976687691905392,-0.0682424133646704,False,False,False,False,True,False,20.283823
49.55,1011.7,19.3,3277.0,18000.0,18000.0,227.14,15.02,14.8,100.0,20.7,15,2,1,3,-0.816969893010442,-0.5766803221148672,False,False,False,False,False,False,20.183565
51.91,1006.3,19.08,3600.0,0.0,0.0,107.25,-8.01,18.1,99.0,20.4,6,3,1,2,0.9976687691905392,-0.0682424133646708,False,False,False,False,False,False,20.065945
35.28,1018.71,16.29,0.0,0.0,0.0,122.53,1.75,12.3,90.0,17.8,7,3,12,2,0.9422609221188204,-0.3348796121709861,False,False,False,False,False,False,17.614492
56.52,1022.28,21.98,1370.0,14400.0,14400.0,132.86,26.79,12.9,100.0,22.2,9,3,2,3,0.631087944326053,-0.7757112907044197,False,False,False,True,False,False,21.907549
52.42,1011.7,19.32,0.0,0.0,0.0,59.6,-49.79,10.5,97.0,21.7,2,0,2,0,0.5195839500354336,0.8544194045464886,False,True,False,False,False,False,21.68082
40.88,1015.57,21.73,287.0,14400.0,14400.0,165.69,41.18,11.2,100.0,21.6,11,3,2,3,0.1361666490962471,-0.9906859460363306,False,False,True,False,False,False,21.848698
50.14,1025.4,13.96,0.0,0.0,0.0,156.52,23.54,5.8,0.0,15.3,10,3,12,3,0.3984010898462414,-0.917211301505453,False,False,False,False,False,True,15.253538
43.14,1018.27,19.97,0.0,14400.0,14400.0,335.38,-56.41,11.2,100.0,22.1,23,1,2,3,-2.4492935982947064e-16,1.0,False,True,False,False,False,False,21.662798
46.09,1022.7,19.89,2404.0,0.0,0.0,227.51,13.96,11.8,95.0,22.4,15,2,1,3,-0.816969893010442,-0.5766803221148672,False,False,False,True,False,False,22.895008
54.42,1010.65,13.38,0.0,0.0,0.0,155.51,23.87,10.8,94.0,14.1,10,3,1,3,0.3984010898462414,-0.917211301505453,False,False,False,False,False,True,14.138628
68.92,1013.3,17.5,0.0,14400.0,14400.0,205.33,40.92,15.3,85.0,20.0,13,2,3,3,-0.3984010898462415,-0.9172113015054528,True,False,False,False,False,False,20.244886
45.71,1006.3,21.74,3600.0,0.0,0.0,256.3,-14.23,18.2,51.0,22.9,18,1,1,3,-0.979084087682323,0.2034560130526333,False,True,False,False,False,False,22.568441
57.48,1010.65,21.54,3600.0,14400.0,14400.0,253.11,2.11,16.3,4.0,21.5,17,2,2,3,-0.9976687691905392,-0.0682424133646704,False,False,False,False,False,False,21.851707
43.82,998.79,20.08,0.0,0.0,0.0,145.36,41.31,12.7,3.0,21.5,10,3,3,3,0.3984010898462414,-0.917211301505453,False,True,False,False,False,False,21.209076
34.51,1019.97,19.09,0.0,7200.0,7200.0,88.19,-30.02,12.0,69.0,20.6,4,0,1,1,0.8878852184023752,0.4600650377311522,False,False,False,True,False,False,20.588192
42.58,1026.6,17.43,0.0,0.0,0.0,288.16,-56.03,10.7,4.0,19.5,21,1,12,3,-0.5195839500354336,0.8544194045464886,False,False,False,False,True,False,19.565706
69.35,1014.9,17.44,0.0,3600.0,3600.0,114.03,26.2,13.7,100.0,18.1,8,3,3,2,0.8169698930104421,-0.5766803221148671,False,False,True,False,False,False,18.088053
43.9,1014.75,21.27,0.0,0.0,0.0,237.46,1.77,19.8,97.0,22.1,16,2,12,3,-0.9422609221188204,-0.3348796121709864,False,False,True,False,False,False,22.809668
38.32,1022.37,19.75,0.0,0.0,0.0,255.08,-19.31,14.9,0.0,21.8,18,1,12,3,-0.979084087682323,0.2034560130526333,False,False,False,True,False,False,22.223993
38.06,1021.23,18.73,0.0,0.0,0.0,246.28,-5.16,16.9,1.0,19.8,17,2,1,3,-0.9976687691905392,-0.0682424133646704,False,False,False,False,False,True,19.934053
34.92,1019.3,19.23,0.0,7200.0,7200.0,63.77,-52.4,12.0,54.0,20.8,2,0,1,0,0.5195839500354336,0.8544194045464886,False,False,False,True,False,False,20.769754
72.24,1014.05,17.07,0.0,14400.0,14400.0,33.27,-51.86,13.2,95.0,19.3,1,0,3,0,0.2697967711570243,0.9629172873477992,False,True,False,False,False,False,19.435053
34.0,1016.6,21.49,3600.0,0.0,0.0,257.67,-13.5,16.1,7.0,21.0,18,1,1,3,-0.979084087682323,0.2034560130526333,True,False,False,False,False,False,20.593908
52.43,1002.2,19.04,0.0,3600.0,3600.0,128.08,-52.18,9.2,100.0,21.6,0,0,3,3,0.0,1.0,False,False,False,False,True,False,21.200815
48.04,1011.25,19.1,0.0,0.0,0.0,288.35,-48.49,14.9,23.0,20.5,21,1,1,3,-0.5195839500354336,0.8544194045464886,False,False,False,False,False,True,20.362617
47.83,1022.6,21.62,419.0,14400.0,14400.0,185.29,40.98,14.4,100.0,21.8,12,2,2,0,-0.1361666490962464,-0.9906859460363308,False,False,False,False,False,False,21.725729
52.39,1012.05,21.49,37.0,14400.0,14400.0,165.46,37.79,12.5,100.0,22.5,11,3,2,3,0.1361666490962471,-0.9906859460363306,True,False,False,False,False,False,22.339655
52.64,1026.6,14.32,0.0,0.0,0.0,143.27,17.73,6.4,2.0,15.9,9,3,12,3,0.631087944326053,-0.7757112907044197,False,False,False,False,True,False,15.707015
47.99,1011.35,20.35,0.0,0.0,0.0,107.91,-8.01,12.0,1.0,22.2,6,3,1,2,0.9976687691905392,-0.0682424133646708,False,False,False,False,True,False,21.954718
35.86,1018.98,19.96,0.0,0.0,0.0,333.13,-66.15,13.2,29.0,21.4,23,1,1,3,-2.4492935982947064e-16,1.0,True,False,False,False,False,False,21.363848
47.76,1025.4,18.55,0.0,0.0,0.0,122.88,2.13,6.0,71.0,19.4,7,3,12,2,0.9422609221188204,-0.3348796121709861,False,True,False,False,False,False,19.292261
39.8,1021.3,17.19,0.0,0.0,0.0,127.17,9.94,5.8,0.0,20.1,8,3,1,2,0.8169698930104421,-0.5766803221148671,False,False,False,False,True,False,19.912294
53.48,1015.92,13.0,0.0,0.0,0.0,245.79,-6.52,18.1,50.0,14.0,17,2,1,3,-0.9976687691905392,-0.0682424133646704,False,False,False,True,False,False,14.037233
33.47,1024.27,20.23,0.0,0.0,0.0,246.43,-4.77,12.7,0.0,21.6,17,2,1,3,-0.9976687691905392,-0.0682424133646704,True,False,False,False,False,False,21.225246
42.38,1015.98,17.92,0.0,7200.0,7200.0,150.33,30.32,12.2,2.0,20.6,10,3,2,3,0.3984010898462414,-0.917211301505453,False,False,False,False,True,False,20.627789
48.58,1020.43,19.13,0.0,0.0,0.0,253.06,-72.83,15.3,11.0,21.5,23,1,12,3,-2.4492935982947064e-16,1.0,False,True,False,False,False,False,21.2366
70.37,1014.6,17.02,0.0,14400.0,14400.0,339.72,-54.78,13.4,100.0,19.4,23,1,3,3,-2.4492935982947064e-16,1.0,True,False,False,False,False,False,19.182226
52.92,1021.85,21.84,2675.0,14400.0,14400.0,245.45,11.7,16.5,17.0,22.8,16,2,2,3,-0.9422609221188204,-0.3348796121709864,False,False,True,False,False,False,22.682375
49.31,1007.9,20.02,0.0,0.0,0.0,304.45,-59.79,14.1,84.0,23.0,22,1,1,3,-0.2697967711570252,0.962917287347799,False,True,False,False,False,False,22.906052
44.08,1027.8,18.74,0.0,7200.0,7200.0,338.84,-64.54,10.2,0.0,21.2,23,1,2,3,-2.4492935982947064e-16,1.0,False,True,False,False,False,False,20.968819
52.76,1012.5,19.62,0.0,14400.0,14400.0,298.17,-40.07,12.6,100.0,22.2,21,1,2,3,-0.5195839500354336,0.8544194045464886,False,False,False,True,False,False,22.552858
40.06,1022.7,18.27,0.0,0.0,0.0,101.74,-20.02,7.6,1.0,19.3,5,0,1,1,0.9790840876823228,0.2034560130526337,False,False,False,False,False,False,19.200068
56.41,1006.4,13.56,0.0,0.0,0.0,215.02,19.44,16.3,92.0,14.3,14,2,1,3,-0.6310879443260528,-0.7757112907044198,False,False,False,False,False,True,14.27865
42.42,1005.25,17.85,0.0,0.0,0.0,295.04,-25.15,12.8,20.0,18.9,20,1,3,3,-0.730835964278124,0.6825531432186542,False,False,False,False,False,True,18.876005
50.98,1014.8,18.01,0.0,14400.0,14400.0,79.17,-23.72,10.9,100.0,19.9,4,0,3,1,0.8878852184023752,0.4600650377311522,False,False,False,False,False,True,20.010794
34.91,1016.75,18.03,0.0,7200.0,7200.0,242.42,8.92,18.1,0.0,20.1,16,2,2,3,-0.9422609221188204,-0.3348796121709864,False,False,False,False,True,False,20.219559
46.24,1012.7,18.36,0.0,0.0,0.0,49.77,-65.51,15.6,96.0,20.2,1,0,1,0,0.2697967711570243,0.9629172873477992,False,False,True,False,False,False,20.214533
43.52,1021.3,17.47,0.0,7200.0,7200.0,279.13,-33.37,12.8,90.0,19.4,20,1,2,3,-0.730835964278124,0.6825531432186542,False,False,False,False,False,True,19.353205
52.98,1016.45,18.59,0.0,7200.0,7200.0,74.09,-39.38,11.4,23.0,20.7,3,0,2,1,0.730835964278124,0.6825531432186541,True,False,False,False,False,False,20.71321
45.05,1006.25,17.65,0.0,0.0,0.0,73.25,-16.95,9.3,11.0,18.8,4,0,3,1,0.8878852184023752,0.4600650377311522,False,False,False,False,False,False,18.822985
41.14,1014.2,16.99,0.0,7200.0,7200.0,201.28,31.05,12.2,0.0,18.9,13,2,2,3,-0.3984010898462415,-0.9172113015054528,False,False,False,False,False,True,18.908388
33.55,1013.62,20.83,2211.0,14400.0,14400.0,258.39,-13.5,13.8,71.0,22.5,18,1,1,3,-0.979084087682323,0.2034560130526333,False,False,True,False,False,False,22.168608
44.71,995.68,21.54,98.0,0.0,0.0,251.11,16.97,20.7,81.0,21.3,16,2,3,3,-0.9422609221188204,-0.3348796121709864,False,True,False,False,False,False,21.091303
49.15,1024.0,15.73,0.0,0.0,0.0,215.44,18.28,16.5,47.0,17.1,14,2,12,3,-0.6310879443260528,-0.7757112907044198,False,True,False,False,False,False,16.891523
51.53,995.95,17.37,0.0,14400.0,14400.0,268.39,-4.47,15.4,37.0,18.6,18,1,3,3,-0.979084087682323,0.2034560130526333,False,False,False,False,False,True,18.56238
40.73,1022.4,17.97,0.0,7200.0,7200.0,337.4,-64.98,9.6,0.0,20.9,23,1,2,3,-2.4492935982947064e-16,1.0,False,False,False,False,False,False,20.399786
59.62,1009.33,20.58,3456.0,14400.0,14400.0,232.5,21.46,17.3,0.0,21.8,15,2,2,3,-0.816969893010442,-0.5766803221148672,False,False,False,False,False,False,21.21972
52.18,1001.7,19.23,0.0,3600.0,3600.0,324.69,-46.94,9.6,100.0,22.1,22,1,3,3,-0.2697967711570252,0.962917287347799,False,False,False,True,False,False,21.89255
54.1,1022.55,20.82,0.0,14400.0,14400.0,36.68,-55.88,13.6,100.0,22.4,1,0,2,0,0.2697967711570243,0.9629172873477992,False,False,False,True,False,False,22.393148
48.76,1014.05,21.4,0.0,0.0,0.0,286.94,-48.53,17.7,0.0,24.1,21,1,1,3,-0.5195839500354336,0.8544194045464886,False,False,True,False,False,False,23.904238
68.98,1011.5,18.05,968.0,14400.0,14400.0,146.28,39.48,13.0,100.0,19.0,10,3,3,3,0.3984010898462414,-0.917211301505453,False,False,False,True,False,False,19.064981
48.56,1015.38,19.61,0.0,0.0,0.0,169.99,27.47,10.0,5.0,20.7,11,3,1,3,0.1361666490962471,-0.9906859460363306,True,False,False,False,False,False,20.432032
66.46,1012.85,20.03,3600.0,14400.0,14400.0,258.02,4.34,13.8,100.0,21.3,17,2,3,3,-0.9976687691905392,-0.0682424133646704,False,False,False,False,False,False,21.155155
48.02,1015.4,16.94,0.0,0.0,0.0,82.97,-44.36,13.0,6.0,19.1,3,0,1,1,0.730835964278124,0.6825531432186541,False,True,False,False,False,False,18.90476
68.72,1015.92,15.51,0.0,3600.0,3600.0,209.49,46.05,15.3,98.0,16.9,13,2,3,3,-0.3984010898462415,-0.9172113015054528,False,True,False,False,False,False,17.041265
54.05,1011.2,13.36,0.0,0.0,0.0,121.03,1.46,11.1,85.0,14.1,7,3,1,2,0.9422609221188204,-0.3348796121709861,False,False,False,False,False,True,14.019079
49.63,1026.25,19.18,0.0,0.0,0.0,287.9,-56.03,8.4,0.0,21.5,21,1,12,3,-0.5195839500354336,0.8544194045464886,True,False,False,False,False,False,21.141571
47.28,1015.93,19.42,0.0,0.0,0.0,107.58,-8.01,11.2,1.0,21.0,6,3,1,2,0.9976687691905392,-0.0682424133646708,False,False,False,False,False,True,20.865242
49.73,1015.8,17.42,0.0,14400.0,14400.0,205.0,40.2,12.5,100.0,19.4,13,2,3,3,-0.3984010898462415,-0.9172113015054528,False,False,False,False,False,True,19.240719
47.43,990.87,19.85,798.0,3600.0,3600.0,225.74,36.92,14.7,100.0,21.7,14,2,3,3,-0.6310879443260528,-0.7757112907044198,False,False,True,False,False,False,21.297148
44.44,1020.7,19.98,0.0,0.0,0.0,223.53,-72.97,13.5,5.0,22.1,23,1,12,3,-2.4492935982947064e-16,1.0,False,False,True,False,False,False,22.319805
36.93,1026.8,18.22,0.0,0.0,0.0,144.42,18.13,3.9,0.0,20.5,9,3,12,3,0.631087944326053,-0.7757112907044197,False,False,False,False,True,False,20.360956
44.95,1022.8,19.96,0.0,0.0,0.0,237.97,5.15,12.5,100.0,22.1,16,2,1,3,-0.9422609221188204,-0.3348796121709864,False,False,False,True,False,False,22.071424
41.3,1022.6,18.43,0.0,0.0,0.0,82.08,-43.93,9.7,18.0,19.5,3,0,1,1,0.730835964278124,0.6825531432186541,False,False,False,False,False,False,19.450428
39.12,1023.27,18.17,0.0,0.0,0.0,110.18,-9.29,6.6,2.0,19.2,6,3,1,2,0.9976687691905392,-0.0682424133646708,False,False,False,False,False,False,18.883991
37.37,1018.97,18.01,0.0,7200.0,7200.0,260.73,-12.04,14.9,5.0,20.2,18,1,2,3,-0.979084087682323,0.2034560130526333,False,False,False,False,True,False,20.127436
47.96,1016.75,17.64,0.0,14400.0,14400.0,131.44,30.01,10.9,100.0,19.6,9,3,3,3,0.631087944326053,-0.7757112907044197,False,False,False,False,False,True,19.513723
44.57,1019.2,20.71,0.0,0.0,0.0,184.88,29.43,11.7,5.0,21.8,12,2,1,0,-0.1361666490962464,-0.9906859460363308,False,False,True,False,False,False,21.767296
53.74,1016.9,18.83,0.0,7200.0,7200.0,186.52,-64.02,12.0,59.0,21.2,0,0,2,3,0.0,1.0,True,False,False,False,False,False,21.386118
44.1,1023.55,19.42,0.0,0.0,0.0,276.6,-41.0,11.6,87.0,23.3,20,1,1,3,-0.730835964278124,0.6825531432186542,False,False,False,True,False,False,23.052294
43.28,1012.7,18.33,91.0,7200.0,7200.0,268.21,-21.85,14.4,100.0,22.6,19,1,2,3,-0.8878852184023756,0.4600650377311516,False,False,False,True,False,False,22.0694
33.99,1021.7,18.87,1655.0,7200.0,7200.0,216.64,26.01,16.7,0.0,20.9,14,2,2,3,-0.6310879443260528,-0.7757112907044198,True,False,False,False,False,False,21.579458
41.77,1018.18,16.53,0.0,7200.0,7200.0,62.76,-51.8,6.3,49.0,18.3,2,0,2,0,0.5195839500354336,0.8544194045464886,False,False,False,False,False,False,18.391718
47.86,1012.7,22.05,3177.0,0.0,0.0,265.55,-25.65,19.4,4.0,23.9,19,1,1,3,-0.8878852184023756,0.4600650377311516,False,False,True,False,False,False,23.621294
48.56,1011.7,21.0,0.0,0.0,0.0,254.96,-16.92,19.1,100.0,21.3,18,1,1,3,-0.979084087682323,0.2034560130526333,False,True,False,False,False,False,21.493917
42.86,1011.5,17.41,0.0,3600.0,3600.0,85.48,-7.95,7.2,0.0,19.3,5,0,3,1,0.9790840876823228,0.2034560130526337,False,False,False,False,False,True,19.34002
47.12,1011.5,19.9,0.0,0.0,0.0,239.34,6.33,17.9,90.0,21.6,16,2,1,3,-0.9422609221188204,-0.3348796121709864,False,False,False,False,True,False,21.470165
56.98,1025.4,13.24,0.0,0.0,0.0,227.89,10.62,13.4,98.0,14.4,15,2,12,3,-0.816969893010442,-0.5766803221148672,True,False,False,False,False,False,14.311527
47.78,1012.2,20.58,0.0,0.0,0.0,45.35,-63.03,14.0,0.0,22.6,1,0,1,0,0.2697967711570243,0.9629172873477992,False,False,False,False,True,False,22.31864
59.96,1015.33,17.08,0.0,14400.0,14400.0,33.81,-52.55,11.9,100.0,19.0,1,0,3,0,0.2697967711570243,0.9629172873477992,False,False,False,False,False,False,19.15191
56.35,1025.9,13.19,0.0,0.0,0.0,186.15,27.14,10.8,100.0,14.4,12,2,12,0,-0.1361666490962464,-0.9906859460363308,True,False,False,False,False,False,14.240446
55.0,1017.3,20.97,214.0,7200.0,7200.0,123.36,13.65,4.5,0.0,20.5,8,3,2,2,0.8169698930104421,-0.5766803221148671,False,False,False,True,False,False,20.428253
50.5,1023.7,14.02,0.0,0.0,0.0,228.25,10.17,15.2,0.0,15.3,15,2,12,3,-0.816969893010442,-0.5766803221148672,False,False,False,False,False,True,15.199043
44.39,1021.85,17.34,0.0,7200.0,7200.0,307.62,-54.57,12.2,93.0,19.3,22,1,2,3,-0.2697967711570252,0.962917287347799,False,False,False,False,False,True,19.168495
41.75,1021.3,19.95,5.0,7200.0,7200.0,229.67,18.13,17.9,0.0,21.1,15,2,2,3,-0.816969893010442,-0.5766803221148672,True,False,False,False,False,False,21.078852
68.85,1005.6,17.97,0.0,14400.0,14400.0,51.34,-43.06,12.3,100.0,20.2,2,0,3,0,0.5195839500354336,0.8544194045464886,False,False,False,False,True,False,20.309914
39.88,1015.72,18.18,0.0,7200.0,7200.0,259.13,-13.51,9.3,63.0,20.1,18,1,2,3,-0.979084087682323,0.2034560130526333,False,False,False,False,True,False,19.958544
47.84,1013.3,19.86,0.0,0.0,0.0,266.23,-25.66,17.3,93.0,21.5,19,1,1,3,-0.8878852184023756,0.4600650377311516,False,False,False,False,True,False,21.529985
69.21,1003.4,17.79,0.0,14400.0,14400.0,105.25,10.6,12.4,100.0,19.7,7,3,3,2,0.9422609221188204,-0.3348796121709861,False,False,False,False,True,False,19.794308
43.9,1019.3,17.18,968.0,7200.0,7200.0,94.95,-16.65,8.1,83.0,19.0,5,0,2,1,0.9790840876823228,0.2034560130526337,False,False,False,False,False,False,18.789568
48.86,1013.2,18.4,0.0,14400.0,14400.0,257.15,4.18,13.0,100.0,20.5,17,2,3,3,-0.9976687691905392,-0.0682424133646704,False,False,False,False,True,False,20.375196
46.77,996.8,19.17,402.0,10800.0,10800.0,187.29,46.61,16.0,73.0,21.4,12,2,3,0,-0.1361666490962464,-0.9906859460363308,True,False,False,False,False,False,21.183691
52.61,1015.72,19.26,0.0,0.0,0.0,184.83,28.55,18.8,9.0,20.8,12,2,1,0,-0.1361666490962464,-0.9906859460363308,False,False,False,False,True,False,20.614931
37.01,1025.73,18.09,0.0,0.0,0.0,172.7,26.63,6.3,0.0,20.4,11,3,12,3,0.1361666490962471,-0.9906859460363306,False,False,False,False,True,False,20.113197
68.97,1014.6,17.11,0.0,14400.0,14400.0,287.81,-29.27,13.5,100.0,19.5,20,1,3,3,-0.730835964278124,0.6825531432186542,True,False,False,False,False,False,19.552092
52.26,1025.7,14.0,0.0,0.0,0.0,300.35,-63.04,10.3,0.0,15.2,22,1,12,3,-0.2697967711570252,0.962917287347799,False,False,False,False,False,True,15.083492
40.92,1022.0,18.18,0.0,7200.0,7200.0,310.38,-58.15,10.8,0.0,21.3,22,1,2,3,-0.2697967711570252,0.962917287347799,False,False,False,False,False,False,20.845617
55.14,1026.8,15.08,0.0,0.0,0.0,272.15,-40.89,12.9,21.0,16.3,20,1,12,3,-0.730835964278124,0.6825531432186542,False,False,False,True,False,False,16.42173
41.47,1016.9,16.28,0.0,0.0,0.0,100.48,-19.69,5.4,85.0,18.6,5,0,1,1,0.9790840876823228,0.2034560130526337,False,False,False,False,False,True,18.593462
53.19,1012.5,20.51,3600.0,7200.0,7200.0,231.12,19.87,16.7,2.0,22.6,15,2,2,3,-0.816969893010442,-0.5766803221148672,True,False,False,False,False,False,22.298971
57.31,1017.6,20.19,0.0,7200.0,7200.0,279.63,-33.37,13.6,100.0,22.4,20,1,2,3,-0.730835964278124,0.6825531432186542,False,False,False,False,False,False,22.581408
35.96,1021.3,16.04,0.0,0.0,0.0,113.33,-8.61,6.4,1.0,17.4,6,3,12,2,0.9976687691905392,-0.0682424133646708,True,False,False,False,False,False,17.571093
68.43,1011.25,18.44,161.0,14400.0,14400.0,165.32,44.24,13.5,100.0,19.5,11,3,3,3,0.1361666490962471,-0.9906859460363306,False,False,False,True,False,False,19.716661
54.34,1007.37,19.2,3600.0,0.0,0.0,117.73,2.31,9.7,80.0,20.3,7,3,1,2,0.9422609221188204,-0.3348796121709861,False,True,False,False,False,False,20.933628
39.38,1020.5,19.88,0.0,0.0,0.0,216.25,17.77,13.4,0.0,22.0,14,2,12,3,-0.6310879443260528,-0.7757112907044198,False,False,False,True,False,False,21.9397
40.88,1026.4,18.2,0.0,7200.0,7200.0,86.54,-28.98,6.6,32.0,20.0,4,0,2,1,0.8878852184023752,0.4600650377311522,False,False,True,False,False,False,19.944323
39.01,1026.6,16.78,0.0,0.0,0.0,59.58,-63.24,7.6,0.0,19.2,1,0,12,0,0.2697967711570243,0.9629172873477992,False,False,False,False,False,True,18.964518
39.89,1018.6,16.88,0.0,0.0,0.0,226.87,14.68,15.9,92.0,19.5,15,2,1,3,-0.816969893010442,-0.5766803221148672,False,False,False,False,True,False,19.434488
50.48,1012.0,15.22,0.0,0.0,0.0,83.12,-44.43,11.3,1.0,17.4,3,0,1,1,0.730835964278124,0.6825531432186541,True,False,False,False,False,False,17.529757
55.47,1026.6,14.95,0.0,0.0,0.0,329.4,-71.32,10.9,34.0,16.3,23,1,12,3,-2.4492935982947064e-16,1.0,False,False,False,True,False,False,16.22786
51.3,1014.9,18.1,0.0,14400.0,14400.0,67.71,-34.81,11.1,100.0,20.0,3,0,3,1,0.730835964278124,0.6825531432186541,False,False,False,False,False,True,20.04367
52.26,1025.4,19.83,0.0,0.0,0.0,131.69,9.82,6.2,56.0,19.8,8,3,12,2,0.8169698930104421,-0.5766803221148671,False,True,False,False,False,False,19.285366
56.15,1015.55,21.38,3600.0,14400.0,14400.0,121.49,17.45,9.3,88.0,21.2,8,3,2,2,0.8169698930104421,-0.5766803221148671,False,True,False,False,False,False,21.327602
52.8,1025.7,13.56,0.0,0.0,0.0,283.84,-52.33,11.3,1.0,14.7,21,1,12,3,-0.5195839500354336,0.8544194045464886,False,False,False,False,False,False,14.430792
55.98,1003.27,13.64,0.0,0.0,0.0,70.44,-55.75,11.8,100.0,14.4,2,0,1,0,0.5195839500354336,0.8544194045464886,False,False,False,False,False,False,14.457399
41.29,1016.42,17.01,0.0,0.0,0.0,228.36,9.74,18.5,58.0,18.8,15,2,12,3,-0.816969893010442,-0.5766803221148672,False,False,False,False,False,True,18.60024
45.5,997.15,19.68,3374.0,8402.0,8402.0,238.92,26.85,17.4,34.0,20.5,15,2,3,3,-0.816969893010442,-0.5766803221148672,False,False,False,False,False,False,20.18448
56.91,1018.8,12.73,0.0,0.0,0.0,155.86,23.76,10.8,58.0,13.8,10,3,1,3,0.3984010898462414,-0.917211301505453,False,False,False,True,False,False,13.78578
51.4,1032.8,20.48,0.0,0.0,0.0,256.02,-20.41,14.3,0.0,21.2,18,1,12,3,-0.979084087682323,0.2034560130526333,False,False,False,False,False,False,21.09561
42.06,1013.7,19.42,0.0,14400.0,14400.0,68.38,-35.33,9.6,100.0,21.5,3,0,2,1,0.730835964278124,0.6825531432186541,False,False,False,True,False,False,21.466047
40.45,1020.3,19.77,0.0,14400.0,14400.0,129.44,-58.68,12.4,9.0,21.7,0,0,2,3,0.0,1.0,False,True,False,False,False,False,21.545683
50.2,1009.65,15.51,0.0,0.0,0.0,15.08,-72.03,12.1,5.0,18.1,0,0,1,3,0.0,1.0,True,False,False,False,False,False,17.854584
68.68,1014.6,17.15,0.0,14400.0,14400.0,276.24,-17.01,13.7,98.0,19.6,19,1,3,3,-0.8878852184023756,0.4600650377311516,True,False,False,False,False,False,19.698895
55.38,1025.7,14.84,0.0,0.0,0.0,84.19,-44.94,7.6,32.0,16.1,3,0,12,1,0.730835964278124,0.6825531432186541,False,False,False,False,True,False,16.201359
48.43,1015.4,19.26,354.0,0.0,0.0,103.45,-4.41,10.7,22.0,21.0,6,3,2,2,0.9976687691905392,-0.0682424133646708,False,False,True,False,False,False,20.803148
52.43,1002.8,15.86,0.0,0.0,0.0,155.32,23.93,11.8,82.0,16.5,10,3,1,3,0.3984010898462414,-0.917211301505453,False,False,False,False,False,False,16.331165
37.45,1024.0,18.72,0.0,0.0,0.0,94.15,-33.48,6.5,0.0,21.1,4,0,12,1,0.8878852184023752,0.4600650377311522,False,False,False,False,True,False,20.945713
35.06,1020.3,16.16,0.0,0.0,0.0,84.37,-45.01,9.2,12.0,17.5,3,0,12,1,0.730835964278124,0.6825531432186541,True,False,False,False,False,False,17.559452
53.13,995.6,19.39,0.0,3600.0,3600.0,208.45,44.23,11.1,100.0,21.5,13,2,3,3,-0.3984010898462415,-0.9172113015054528,False,False,False,True,False,False,21.504793
44.04,996.1,21.1,2790.0,2093.0,2093.0,261.42,5.74,18.9,88.0,21.6,17,2,3,3,-0.9976687691905392,-0.0682424133646704,False,True,False,False,False,False,21.393198
54.49,1010.35,17.37,302.0,18000.0,18000.0,109.13,-8.03,10.5,100.0,19.2,6,3,1,2,0.9976687691905392,-0.0682424133646708,True,False,False,False,False,False,18.893385
50.02,1013.9,19.84,0.0,0.0,0.0,325.3,-42.77,12.5,54.0,21.5,22,1,3,3,-0.2697967711570252,0.962917287347799,False,False,False,False,False,False,21.64807
43.45,1015.13,21.13,18.0,14400.0,14400.0,131.66,29.22,7.8,95.0,21.5,9,3,2,3,0.631087944326053,-0.7757112907044197,False,False,False,True,False,False,21.716566
44.13,1015.2,18.7,0.0,0.0,0.0,76.05,-52.43,8.0,79.0,20.3,2,0,12,0,0.5195839500354336,0.8544194045464886,False,False,True,False,False,False,20.265013
52.71,1024.4,14.33,0.0,0.0,0.0,84.13,-44.91,6.7,0.0,15.6,3,0,12,1,0.730835964278124,0.6825531432186541,False,False,False,False,False,True,15.569172
59.45,1020.57,12.98,0.0,0.0,0.0,330.86,-71.05,9.8,29.0,14.1,23,1,1,3,-2.4492935982947064e-16,1.0,False,False,True,False,False,False,13.955696
50.65,1025.07,13.48,0.0,0.0,0.0,186.15,27.06,10.2,2.0,14.7,12,2,12,0,-0.1361666490962464,-0.9906859460363308,False,False,False,False,False,False,14.237818
60.16,1021.18,12.88,0.0,0.0,0.0,201.18,24.59,12.3,0.0,14.0,13,2,1,3,-0.3984010898462415,-0.9172113015054528,False,False,True,False,False,False,14.081459
53.47,1025.7,13.55,0.0,0.0,0.0,330.03,-71.21,8.9,12.0,14.7,23,1,12,3,-2.4492935982947064e-16,1.0,False,False,False,False,False,False,14.590383
43.3,1028.4,20.64,213.0,7200.0,7200.0,136.61,22.6,4.9,0.0,20.5,9,3,2,3,0.631087944326053,-0.7757112907044197,False,True,False,False,False,False,20.551641
46.63,1014.9,19.27,0.0,0.0,0.0,94.35,-15.78,11.4,29.0,21.1,5,0,2,1,0.9790840876823228,0.2034560130526337,False,False,True,False,False,False,21.027449
53.33,1024.4,14.44,0.0,0.0,0.0,15.68,-72.84,8.7,0.0,15.7,0,0,12,3,0.0,1.0,False,False,False,False,False,True,15.862549
54.41,1023.2,19.14,0.0,14400.0,14400.0,220.28,31.59,16.8,1.0,20.6,14,2,2,3,-0.6310879443260528,-0.7757112907044198,False,False,False,False,False,True,20.645536
48.08,1012.35,20.22,0.0,0.0,0.0,125.96,10.99,12.5,1.0,22.1,8,3,1,2,0.8169698930104421,-0.5766803221148671,False,False,False,False,True,False,21.610136
47.43,1011.52,19.12,0.0,0.0,0.0,256.98,-13.49,19.4,100.0,20.6,18,1,1,3,-0.979084087682323,0.2034560130526333,False,False,False,False,False,True,20.528902
62.6,1026.25,12.99,0.0,0.0,0.0,170.97,26.93,8.3,51.0,14.2,11,3,1,3,0.1361666490962471,-0.9906859460363306,False,True,False,False,False,False,14.10186
57.36,1012.9,15.71,0.0,3600.0,3600.0,227.14,38.55,12.1,100.0,17.4,14,2,3,3,-0.6310879443260528,-0.7757112907044198,True,False,False,False,False,False,17.275307
53.07,1010.5,19.42,0.0,14400.0,14400.0,262.03,-9.88,15.8,96.0,21.3,18,1,2,3,-0.979084087682323,0.2034560130526333,False,False,False,False,True,False,21.145609
44.8,1018.3,20.32,0.0,14400.0,14400.0,296.9,-40.2,12.9,66.0,22.8,21,1,2,3,-0.5195839500354336,0.8544194045464886,False,True,False,False,False,False,22.623968
56.98,1020.3,19.56,0.0,14400.0,14400.0,129.73,-59.78,12.3,100.0,21.2,0,0,2,3,0.0,1.0,False,False,False,False,False,True,21.105396
39.85,1014.9,15.87,0.0,0.0,0.0,200.08,27.65,11.6,25.0,18.1,13,2,1,3,-0.3984010898462415,-0.9172113015054528,False,False,False,False,False,True,17.715113
44.62,1013.35,19.85,0.0,0.0,0.0,202.89,23.47,17.6,100.0,22.8,13,2,12,3,-0.3984010898462415,-0.9172113015054528,False,False,True,False,False,False,22.30934
51.46,1025.4,13.7,0.0,0.0,0.0,93.84,-33.32,6.6,24.0,15.0,4,0,12,1,0.8878852184023752,0.4600650377311522,False,False,False,False,False,False,14.75657
41.8,1011.5,18.77,0.0,7200.0,7200.0,242.09,8.8,17.3,87.0,21.7,16,2,2,3,-0.9422609221188204,-0.3348796121709864,False,False,False,True,False,False,21.669456
45.4,1013.4,19.52,0.0,14400.0,14400.0,73.09,-38.73,10.5,90.0,21.8,3,0,2,1,0.730835964278124,0.6825531432186541,False,False,False,True,False,False,21.534681
57.45,1012.35,20.31,0.0,14400.0,14400.0,337.63,-60.23,12.7,45.0,21.8,23,1,2,3,-2.4492935982947064e-16,1.0,False,False,False,False,False,False,21.954794
34.26,1022.13,20.2,0.0,0.0,0.0,200.7,26.27,12.1,0.0,21.2,13,2,1,3,-0.3984010898462415,-0.9172113015054528,False,False,False,False,False,False,21.188856
48.24,1010.82,22.59,1115.0,0.0,0.0,184.01,30.99,16.3,91.0,22.5,12,2,1,0,-0.1361666490962464,-0.9906859460363308,False,False,True,False,False,False,22.807589
49.3,1012.5,18.42,0.0,14400.0,14400.0,247.47,14.45,13.3,100.0,20.5,16,2,3,3,-0.9422609221188204,-0.3348796121709864,False,False,False,False,True,False,20.502485
50.85,1008.3,15.86,0.0,0.0,0.0,302.45,-62.89,13.8,20.0,19.0,22,1,1,3,-0.2697967711570252,0.962917287347799,False,False,False,False,False,False,18.821316
53.35,1007.7,18.94,0.0,14400.0,14400.0,232.26,21.19,18.3,0.0,20.5,15,2,2,3,-0.816969893010442,-0.5766803221148672,False,False,False,False,False,True,20.3972
66.4,1014.7,18.03,0.0,14400.0,14400.0,106.45,9.6,13.1,94.0,20.1,7,3,3,2,0.9422609221188204,-0.3348796121709861,True,False,False,False,False,False,20.236006
39.92,1018.04,18.59,0.0,0.0,0.0,97.09,-29.64,14.9,100.0,20.6,4,0,12,1,0.8878852184023752,0.4600650377311522,False,False,True,False,False,False,20.514631
34.7,1022.4,20.23,0.0,0.0,0.0,157.87,23.7,7.2,4.0,22.0,10,3,12,3,0.3984010898462414,-0.917211301505453,False,False,False,True,False,False,21.320967
49.24,1019.15,19.36,0.0,0.0,0.0,110.81,-9.3,12.9,5.0,20.7,6,3,1,2,0.9976687691905392,-0.0682424133646708,False,False,False,True,False,False,20.909178
40.13,1017.45,15.97,0.0,0.0,0.0,153.72,25.73,4.0,88.0,18.2,10,3,1,3,0.3984010898462414,-0.917211301505453,False,False,False,False,False,True,18.221664
36.37,1020.85,20.34,0.0,7200.0,7200.0,216.02,24.99,16.3,3.0,22.1,14,2,1,3,-0.6310879443260528,-0.7757112907044198,False,False,False,True,False,False,21.359331
36.42,1017.27,18.39,0.0,7200.0,7200.0,151.57,28.48,6.2,1.0,20.5,10,3,2,3,0.3984010898462414,-0.917211301505453,False,False,False,False,True,False,20.580458
64.35,1014.9,15.52,0.0,3600.0,3600.0,74.7,-18.38,11.9,100.0,16.9,4,0,3,1,0.8878852184023752,0.4600650377311522,False,True,False,False,False,False,16.919228
55.49,1002.55,13.63,0.0,0.0,0.0,102.87,-20.32,12.3,100.0,14.4,5,0,1,1,0.9790840876823228,0.2034560130526337,False,False,False,False,False,False,14.240633
41.06,1014.6,17.0,0.0,7200.0,7200.0,216.32,25.49,13.4,0.0,18.8,14,2,2,3,-0.6310879443260528,-0.7757112907044198,False,False,False,False,False,True,18.89077
51.49,1023.47,15.68,0.0,0.0,0.0,94.06,-33.43,10.0,0.0,16.9,4,0,12,1,0.8878852184023752,0.4600650377311522,False,False,True,False,False,False,16.827412
54.01,999.3,21.26,432.0,10800.0,10800.0,278.7,-16.16,15.5,100.0,21.8,19,1,3,3,-0.8878852184023756,0.4600650377311516,False,False,False,False,False,False,21.52931
44.54,1017.6,21.54,2860.0,14400.0,14400.0,273.88,-17.89,14.9,8.0,23.0,19,1,2,3,-0.8878852184023756,0.4600650377311516,False,True,False,False,False,False,23.057964
52.0,1019.73,19.19,0.0,0.0,0.0,256.21,-20.42,14.2,1.0,22.3,18,1,12,3,-0.979084087682323,0.2034560130526333,False,False,False,True,False,False,22.385786
56.48,1006.17,18.91,208.0,3600.0,3600.0,188.02,50.52,16.3,79.0,19.9,12,2,3,0,-0.1361666490962464,-0.9906859460363308,False,False,False,True,False,False,20.459152
52.27,1016.7,21.21,0.0,0.0,0.0,200.54,25.8,17.8,39.0,22.1,13,2,1,3,-0.3984010898462415,-0.9172113015054528,False,False,False,True,False,False,22.208204
45.86,1012.34,19.12,0.0,0.0,0.0,215.31,23.81,16.8,100.0,20.7,14,2,1,3,-0.6310879443260528,-0.7757112907044198,False,False,False,False,False,True,20.63283
37.52,1008.33,17.71,0.0,3600.0,3600.0,144.64,42.36,6.8,0.0,20.1,10,3,3,3,0.3984010898462414,-0.917211301505453,False,False,False,False,True,False,20.022348
40.33,1021.47,20.68,0.0,0.0,0.0,188.12,26.55,10.0,5.0,22.5,12,2,12,0,-0.1361666490962464,-0.9906859460363308,False,False,False,True,False,False,22.468346
41.01,1022.0,17.34,0.0,7200.0,7200.0,135.57,23.47,6.5,0.0,19.7,9,3,2,3,0.631087944326053,-0.7757112907044197,False,False,False,False,False,True,19.485674
52.28,1008.13,18.81,0.0,14400.0,14400.0,202.92,35.34,16.6,11.0,20.5,13,2,2,3,-0.3984010898462415,-0.9172113015054528,False,False,False,False,False,True,20.33504
65.04,1016.9,15.42,0.0,3600.0,3600.0,114.6,26.16,11.7,86.0,16.8,8,3,3,2,0.8169698930104421,-0.5766803221148671,False,True,False,False,False,False,16.637907
47.17,1012.42,19.87,0.0,0.0,0.0,274.04,-40.95,18.0,99.0,22.3,20,1,1,3,-0.730835964278124,0.6825531432186542,False,True,False,False,False,False,22.109886
43.74,1012.35,18.42,0.0,7200.0,7200.0,75.06,-40.0,12.1,82.0,21.2,3,0,2,1,0.730835964278124,0.6825531432186541,False,False,False,False,True,False,21.237082
75.19,1012.7,16.49,0.0,14400.0,14400.0,340.43,-54.49,13.3,100.0,18.6,23,1,3,3,-2.4492935982947064e-16,1.0,False,True,False,False,False,False,18.353994
54.68,1010.5,19.4,0.0,14400.0,14400.0,311.84,-53.92,13.6,100.0,21.2,22,1,2,3,-0.2697967711570252,0.962917287347799,False,False,False,False,True,False,21.178314
45.22,1022.44,20.49,0.0,0.0,0.0,266.45,-29.46,8.7,100.0,23.3,19,1,1,3,-0.8878852184023756,0.4600650377311516,False,False,True,False,False,False,23.648373
40.93,1017.45,19.73,0.0,14400.0,14400.0,55.03,-46.34,14.9,7.0,21.4,2,0,2,0,0.5195839500354336,0.8544194045464886,True,False,False,False,False,False,21.486313
37.53,1018.3,18.58,0.0,7200.0,7200.0,115.25,3.44,6.2,6.0,20.8,7,3,2,2,0.9422609221188204,-0.3348796121709861,False,False,False,False,True,False,20.739737
47.22,1016.5,19.37,0.0,0.0,0.0,116.59,2.52,10.2,36.0,21.0,7,3,1,2,0.9422609221188204,-0.3348796121709861,False,False,False,False,False,True,20.84848
40.07,1019.82,16.91,0.0,0.0,0.0,187.1,26.66,11.5,9.0,18.8,12,2,12,0,-0.1361666490962464,-0.9906859460363308,False,False,False,False,False,True,18.69655
41.64,1022.13,17.39,0.0,7200.0,7200.0,123.44,14.56,6.7,0.0,19.6,8,3,2,2,0.8169698930104421,-0.5766803221148671,False,False,False,False,False,True,19.446785
55.16,1026.8,15.03,0.0,0.0,0.0,283.47,-52.33,12.0,41.0,16.3,21,1,12,3,-0.5195839500354336,0.8544194045464886,False,False,False,True,False,False,16.034817
48.68,1009.11,19.05,0.0,0.0,0.0,98.58,-68.41,15.6,99.0,20.5,0,0,1,3,0.0,1.0,False,False,False,False,False,False,20.492311
37.02,1012.52,20.9,1539.0,0.0,0.0,152.32,27.55,12.7,77.0,20.9,10,3,1,3,0.3984010898462414,-0.917211301505453,True,False,False,False,False,False,20.474257
55.24,1000.0,19.86,0.0,10800.0,10800.0,304.65,-39.29,13.2,100.0,22.0,21,1,3,3,-0.5195839500354336,0.8544194045464886,False,False,False,False,False,False,21.732517
51.61,1013.5,16.34,0.0,3600.0,3600.0,280.78,-14.29,11.0,100.0,18.0,19,1,3,3,-0.8878852184023756,0.4600650377311516,False,False,False,False,False,False,17.862928
39.11,1002.71,17.43,0.0,0.0,0.0,165.66,50.69,12.9,14.0,18.9,11,3,3,3,0.1361666490962471,-0.9906859460363306,False,False,False,False,False,True,18.678457
70.16,1011.5,17.48,2979.0,14400.0,14400.0,130.47,31.79,12.6,100.0,19.0,9,3,3,3,0.631087944326053,-0.7757112907044197,False,False,False,True,False,False,18.941301
52.21,1023.7,14.23,0.0,0.0,0.0,103.68,-20.53,5.9,0.0,15.5,5,0,12,1,0.9790840876823228,0.2034560130526337,False,False,False,False,False,True,15.340167
44.46,1022.6,18.32,0.0,0.0,0.0,13.91,-70.26,9.7,8.0,21.7,0,0,1,3,0.0,1.0,False,False,False,False,True,False,20.90383
42.14,1016.4,16.36,0.0,0.0,0.0,80.78,-43.27,6.1,91.0,18.8,3,0,1,1,0.730835964278124,0.6825531432186541,False,False,False,False,False,True,18.654482
47.35,1004.25,18.47,0.0,3600.0,3600.0,76.52,-18.8,8.7,72.0,21.0,4,0,3,1,0.8878852184023752,0.4600650377311522,False,False,False,False,True,False,21.014631
51.26,1015.05,18.11,0.0,14400.0,14400.0,53.32,-44.89,11.8,100.0,20.0,2,0,3,0,0.5195839500354336,0.8544194045464886,False,False,False,False,False,True,20.137793
55.87,1016.6,20.48,0.0,14400.0,14400.0,129.82,-60.14,13.1,84.0,22.7,0,0,2,3,0.0,1.0,False,False,False,False,True,False,22.601103
55.76,1019.97,21.65,3215.0,14400.0,14400.0,184.56,39.89,14.8,81.0,22.6,12,2,2,0,-0.1361666490962464,-0.9906859460363308,False,False,False,True,False,False,22.00581
42.32,1019.55,18.73,0.0,7200.0,7200.0,11.46,-65.16,8.5,0.0,21.3,0,0,2,3,0.0,1.0,False,False,False,True,False,False,20.928537
49.64,1008.1,19.56,0.0,0.0,0.0,45.98,-63.42,11.7,45.0,22.1,1,0,1,0,0.2697967711570243,0.9629172873477992,False,False,True,False,False,False,21.780506
35.88,1013.7,18.36,0.0,7200.0,7200.0,201.18,30.77,12.0,99.0,20.3,13,2,2,3,-0.3984010898462415,-0.9172113015054528,False,False,False,False,True,False,20.023184
41.62,1025.55,20.7,137.0,7200.0,7200.0,166.51,33.88,8.6,2.0,21.1,11,3,2,3,0.1361666490962471,-0.9906859460363306,False,False,True,False,False,False,21.098833
48.38,1030.8,17.39,0.0,0.0,0.0,76.41,-52.58,6.2,0.0,19.6,2,0,12,0,0.5195839500354336,0.8544194045464886,True,False,False,False,False,False,19.659435
37.6,1012.7,20.29,0.0,14400.0,14400.0,200.89,29.97,12.6,100.0,20.9,13,2,1,3,-0.3984010898462415,-0.9172113015054528,False,True,False,False,False,False,21.630856
44.98,1015.4,18.08,0.0,7200.0,7200.0,123.28,13.98,11.2,17.0,20.8,8,3,2,2,0.8169698930104421,-0.5766803221148671,False,False,False,False,True,False,20.621378
62.6,1024.13,13.08,0.0,0.0,0.0,51.05,-66.13,8.0,1.0,14.2,1,0,1,0,0.2697967711570243,0.9629172873477992,False,False,True,False,False,False,13.940838
68.16,1014.58,17.58,0.0,14400.0,14400.0,185.65,43.99,14.5,84.0,20.1,12,2,3,0,-0.1361666490962464,-0.9906859460363308,True,False,False,False,False,False,20.036001
42.22,1016.4,18.08,0.0,7200.0,7200.0,278.97,-37.22,9.2,47.0,20.0,20,1,2,3,-0.730835964278124,0.6825531432186542,False,False,False,False,True,False,20.020632
42.7,1017.45,20.85,218.0,14400.0,14400.0,147.6,35.77,15.2,100.0,22.0,10,3,2,3,0.3984010898462414,-0.917211301505453,True,False,False,False,False,False,21.902494
52.03,1012.9,16.17,0.0,3600.0,3600.0,340.89,-49.71,10.0,100.0,17.8,23,1,3,3,-2.4492935982947064e-16,1.0,False,False,False,False,False,False,18.032093
35.32,1021.85,19.9,0.0,0.0,0.0,227.63,12.91,14.2,0.0,21.0,15,2,1,3,-0.816969893010442,-0.5766803221148672,False,False,False,False,False,False,21.361069
47.09,996.05,17.07,0.0,14400.0,14400.0,185.95,45.92,14.4,16.0,18.6,12,2,3,0,-0.1361666490962464,-0.9906859460363308,False,False,False,False,False,True,18.896013
51.16,1025.97,20.11,0.0,0.0,0.0,237.73,1.54,13.6,100.0,20.6,16,2,12,3,-0.9422609221188204,-0.3348796121709864,True,False,False,False,False,False,20.884455
40.61,1023.55,19.93,569.0,7200.0,7200.0,167.39,33.4,8.5,0.0,21.9,11,3,2,3,0.1361666490962471,-0.9906859460363306,True,False,False,False,False,False,21.52566
39.62,1011.2,17.66,0.0,3600.0,3600.0,307.95,-38.81,11.6,0.0,19.6,21,1,3,3,-0.5195839500354336,0.8544194045464886,False,False,False,False,True,False,19.497839
41.63,1026.4,20.75,474.0,7200.0,7200.0,136.14,22.69,5.0,0.0,20.4,9,3,2,3,0.631087944326053,-0.7757112907044197,False,False,True,False,False,False,20.38922
60.52,1014.75,17.05,0.0,14400.0,14400.0,52.99,-44.58,12.2,100.0,18.9,2,0,3,0,0.5195839500354336,0.8544194045464886,False,False,False,False,False,False,19.136873
41.25,1018.07,18.41,0.0,7200.0,7200.0,75.38,-40.2,6.9,0.0,20.7,3,0,2,1,0.730835964278124,0.6825531432186541,False,False,False,True,False,False,20.726004
50.52,1009.1,15.66,0.0,0.0,0.0,332.31,-70.77,12.9,7.0,18.5,23,1,1,3,-2.4492935982947064e-16,1.0,False,False,False,False,False,False,18.347712
44.53,1010.65,21.76,1860.0,0.0,0.0,227.58,15.56,21.7,2.0,23.5,15,2,1,3,-0.816969893010442,-0.5766803221148672,False,False,True,False,False,False,23.90631
53.83,1025.7,15.52,0.0,0.0,0.0,15.76,-72.94,10.3,62.0,16.7,0,0,12,3,0.0,1.0,False,False,False,True,False,False,16.798487
49.77,1016.4,19.52,0.0,0.0,0.0,308.24,-66.21,9.8,93.0,22.0,22,1,12,3,-0.2697967711570252,0.962917287347799,False,False,True,False,False,False,22.181198
51.14,1018.63,19.4,0.0,0.0,0.0,238.09,1.42,15.2,16.0,22.0,16,2,12,3,-0.9422609221188204,-0.3348796121709864,False,False,False,True,False,False,21.989925
52.23,1025.7,13.63,0.0,0.0,0.0,272.45,-40.9,11.6,1.0,14.7,20,1,12,3,-0.730835964278124,0.6825531432186542,False,False,False,False,False,False,14.553502
44.82,1027.8,19.26,0.0,7200.0,7200.0,293.7,-48.22,11.5,0.0,22.2,21,1,2,3,-0.5195839500354336,0.8544194045464886,False,True,False,False,False,False,21.87626
45.03,1019.3,19.39,0.0,0.0,0.0,274.79,-40.97,21.0,5.0,20.8,20,1,1,3,-0.730835964278124,0.6825531432186542,False,False,False,False,True,False,20.759378
49.86,1016.03,19.7,0.0,0.0,0.0,288.42,-56.03,10.6,57.0,22.6,21,1,12,3,-0.5195839500354336,0.8544194045464886,False,False,True,False,False,False,22.231764
52.72,1009.45,20.9,1310.0,14400.0,14400.0,219.22,30.03,15.8,98.0,22.7,14,2,2,3,-0.6310879443260528,-0.7757112907044198,True,False,False,False,False,False,22.29149
50.13,1013.07,17.18,0.0,3600.0,3600.0,326.1,-46.53,11.8,0.0,18.9,22,1,3,3,-0.2697967711570252,0.962917287347799,False,False,False,False,False,True,18.683382
37.48,1019.8,18.75,0.0,0.0,0.0,237.55,4.3,18.3,14.0,19.7,16,2,1,3,-0.9422609221188204,-0.3348796121709864,False,False,False,False,False,True,19.943462
37.91,1014.05,20.67,228.0,7200.0,7200.0,184.13,35.15,10.7,20.0,21.9,12,2,2,0,-0.1361666490962464,-0.9906859460363308,False,False,False,True,False,False,20.989365
42.86,1034.2,16.31,0.0,0.0,0.0,59.66,-63.27,7.0,1.0,18.1,1,0,12,0,0.2697967711570243,0.9629172873477992,False,False,False,False,False,False,18.023668
34.97,1020.46,18.44,0.0,0.0,0.0,154.87,24.71,12.1,3.0,19.3,10,3,1,3,0.3984010898462414,-0.917211301505453,False,False,False,False,False,True,19.271791
33.73,1021.3,19.5,0.0,0.0,0.0,214.75,20.9,13.3,0.0,20.7,14,2,1,3,-0.6310879443260528,-0.7757112907044198,False,False,False,False,False,False,21.191217
56.62,1006.4,13.56,0.0,0.0,0.0,227.8,11.32,17.1,98.0,14.3,15,2,1,3,-0.816969893010442,-0.5766803221148672,False,False,False,False,False,True,14.221195
52.22,998.45,19.17,195.0,0.0,0.0,96.11,2.59,11.8,1.0,20.6,6,3,3,2,0.9976687691905392,-0.0682424133646708,False,True,False,False,False,False,20.425924
56.38,1019.8,21.48,0.0,14400.0,14400.0,284.34,-33.26,13.8,3.0,23.5,20,1,2,3,-0.730835964278124,0.6825531432186542,False,True,False,False,False,False,22.718842
45.26,1015.47,19.6,0.0,0.0,0.0,308.46,-66.19,7.5,100.0,21.6,22,1,12,3,-0.2697967711570252,0.962917287347799,False,True,False,False,False,False,21.507334
69.71,1015.05,17.12,0.0,3600.0,3600.0,103.03,15.27,13.9,100.0,17.3,7,3,3,2,0.9422609221188204,-0.3348796121709861,False,False,True,False,False,False,17.584084
46.77,1003.37,18.1,0.0,0.0,0.0,283.48,-14.27,16.3,45.0,19.4,19,1,3,3,-0.8878852184023756,0.4600650377311516,False,False,False,False,True,False,19.345573
35.65,1019.49,19.05,0.0,0.0,0.0,49.07,-65.15,15.1,66.0,20.4,1,0,1,0,0.2697967711570243,0.9629172873477992,False,False,False,False,False,True,20.294937
49.94,1012.2,19.71,0.0,14400.0,14400.0,111.39,5.77,9.5,5.0,21.8,7,3,2,2,0.9422609221188204,-0.3348796121709861,False,False,False,False,True,False,21.919586
52.65,1025.55,19.11,0.0,14400.0,14400.0,264.27,-8.03,15.6,100.0,20.5,18,1,2,3,-0.979084087682323,0.2034560130526333,False,False,False,False,False,True,20.464134
64.59,1015.13,19.05,2050.0,14400.0,14400.0,130.85,30.12,12.2,100.0,19.9,9,3,3,3,0.631087944326053,-0.7757112907044197,False,False,False,False,False,False,20.100641
42.36,1015.6,17.17,0.0,7200.0,7200.0,105.9,-7.01,7.5,2.0,19.3,6,3,2,2,0.9976687691905392,-0.0682424133646708,False,False,False,False,False,True,19.19898
44.76,1015.2,17.52,0.0,7200.0,7200.0,76.94,-41.14,7.9,100.0,19.5,3,0,2,1,0.730835964278124,0.6825531432186541,False,False,False,False,False,True,19.491861
41.26,995.88,19.91,0.0,3600.0,3600.0,128.21,-52.96,13.7,97.0,21.5,0,0,3,3,0.0,1.0,False,False,True,False,False,False,21.401342
49.52,1024.4,15.77,0.0,0.0,0.0,299.79,-63.07,14.1,100.0,17.0,22,1,12,3,-0.2697967711570252,0.962917287347799,False,True,False,False,False,False,16.885628
46.25,1015.9,20.01,0.0,14400.0,14400.0,334.65,-61.21,11.8,49.0,22.5,23,1,2,3,-2.4492935982947064e-16,1.0,False,False,True,False,False,False,22.12544
41.03,1014.4,16.96,0.0,7200.0,7200.0,229.28,17.66,14.0,1.0,18.8,15,2,2,3,-0.816969893010442,-0.5766803221148672,False,False,False,False,False,True,18.751833
38.06,1026.1,20.06,265.0,7200.0,7200.0,150.28,29.61,5.9,1.0,20.9,10,3,2,3,0.3984010898462414,-0.917211301505453,False,False,True,False,False,False,20.660563
41.49,1016.4,19.69,0.0,14400.0,14400.0,69.4,-36.1,14.9,61.0,21.3,3,0,2,1,0.730835964278124,0.6825531432186541,True,False,False,False,False,False,21.291407
76.29,1012.5,16.49,0.0,14400.0,14400.0,118.04,22.09,13.2,100.0,18.6,8,3,3,2,0.8169698930104421,-0.5766803221148671,False,False,True,False,False,False,18.381569
48.8,1009.8,20.9,0.0,14400.0,14400.0,231.79,20.65,21.7,2.0,22.7,15,2,2,3,-0.816969893010442,-0.5766803221148672,False,False,False,True,False,False,22.835705
45.01,1015.33,20.75,1479.0,14400.0,14400.0,274.39,-17.89,14.1,3.0,23.3,19,1,2,3,-0.8878852184023756,0.4600650377311516,False,False,True,False,False,False,22.93867
45.1,1006.65,21.2,0.0,14400.0,14400.0,277.64,-37.22,13.1,100.0,21.9,20,1,1,3,-0.730835964278124,0.6825531432186542,False,True,False,False,False,False,22.2257
53.0,996.6,20.01,0.0,0.0,0.0,322.56,-47.52,14.2,29.0,21.7,22,1,3,3,-0.2697967711570252,0.962917287347799,True,False,False,False,False,False,21.62359
49.02,1006.02,16.91,0.0,0.0,0.0,273.6,-40.94,14.8,14.0,19.3,20,1,1,3,-0.730835964278124,0.6825531432186542,False,False,False,False,False,False,19.983274
38.59,1023.7,19.34,0.0,0.0,0.0,287.78,-56.04,11.1,0.0,22.6,21,1,12,3,-0.5195839500354336,0.8544194045464886,False,False,False,True,False,False,22.070963
57.7,1009.23,20.46,3600.0,0.0,0.0,231.34,20.13,17.6,60.0,22.4,15,2,2,3,-0.816969893010442,-0.5766803221148672,False,True,False,False,False,False,22.711147
52.07,1019.8,19.18,0.0,0.0,0.0,265.95,-33.19,12.8,0.0,22.3,19,1,12,3,-0.8878852184023756,0.4600650377311516,False,False,False,True,False,False,22.380247
62.4,1024.55,13.07,0.0,0.0,0.0,330.56,-71.11,9.0,35.0,14.2,23,1,1,3,-2.4492935982947064e-16,1.0,False,True,False,False,False,False,13.984766
63.45,1024.2,13.0,0.0,0.0,0.0,214.81,19.08,12.9,92.0,14.2,14,2,1,3,-0.6310879443260528,-0.7757112907044198,False,True,False,False,False,False,13.931173
52.77,1015.65,20.76,258.0,7200.0,7200.0,166.52,35.51,11.5,8.0,22.2,11,3,2,3,0.1361666490962471,-0.9906859460363306,True,False,False,False,False,False,21.675547
51.49,1021.85,18.94,0.0,0.0,0.0,308.06,-66.23,10.1,0.0,22.0,22,1,12,3,-0.2697967711570252,0.962917287347799,False,False,False,True,False,False,22.036253
39.8,1009.99,19.26,447.0,0.0,0.0,107.32,-7.51,13.3,15.0,19.3,6,3,1,2,0.9976687691905392,-0.0682424133646708,True,False,False,False,False,False,19.076494
45.94,1025.15,15.61,0.0,0.0,0.0,171.58,26.58,10.8,0.0,16.9,11,3,12,3,0.1361666490962471,-0.9906859460363306,False,True,False,False,False,False,16.78826
42.64,1011.42,17.44,0.0,3600.0,3600.0,76.07,-18.69,7.5,0.0,19.4,4,0,3,1,0.8878852184023752,0.4600650377311522,False,False,False,False,False,True,19.378595
48.78,1011.35,19.83,0.0,14400.0,14400.0,93.51,-15.7,10.3,6.0,21.9,5,0,2,1,0.9790840876823228,0.2034560130526337,False,False,False,False,True,False,22.039076
75.21,1010.7,18.24,3596.0,3600.0,3600.0,272.35,-2.36,16.3,27.0,18.6,18,1,3,3,-0.979084087682323,0.2034560130526333,False,False,True,False,False,False,19.063383
40.45,1016.3,19.44,0.0,14400.0,14400.0,80.13,-24.45,8.4,100.0,21.3,4,0,2,1,0.8878852184023752,0.4600650377311522,False,False,True,False,False,False,21.301353
53.78,1015.9,20.21,374.0,7200.0,7200.0,149.87,31.2,8.9,18.0,22.0,10,3,2,3,0.3984010898462414,-0.917211301505453,True,False,False,False,False,False,21.570456
49.28,1022.0,18.63,0.0,0.0,0.0,59.5,-63.2,8.2,0.0,21.3,1,0,12,0,0.2697967711570243,0.9629172873477992,False,False,False,False,True,False,21.147802
53.53,1024.9,14.52,0.0,0.0,0.0,283.58,-52.33,12.2,0.0,15.8,21,1,12,3,-0.5195839500354336,0.8544194045464886,False,False,False,False,True,False,15.669077
56.81,1017.78,21.62,3600.0,14400.0,14400.0,253.76,2.44,15.9,100.0,22.7,17,2,2,3,-0.9976687691905392,-0.0682424133646704,False,True,False,False,False,False,22.341167
70.06,997.3,17.79,0.0,14400.0,14400.0,237.5,26.92,15.5,100.0,19.4,15,2,3,3,-0.816969893010442,-0.5766803221148672,False,False,False,False,True,False,19.455736
49.04,1029.3,19.34,0.0,0.0,0.0,157.79,23.72,4.8,4.0,21.1,10,3,12,3,0.3984010898462414,-0.917211301505453,True,False,False,False,False,False,20.18864
43.14,1020.5,17.54,0.0,7200.0,7200.0,85.68,-28.4,8.3,0.0,19.9,4,0,2,1,0.8878852184023752,0.4600650377311522,False,False,False,False,False,True,19.666092
48.26,1018.6,19.84,0.0,0.0,0.0,264.95,-29.41,18.3,19.0,22.5,19,1,1,3,-0.8878852184023756,0.4600650377311516,False,False,False,True,False,False,22.33914
41.13,1003.73,17.82,0.0,0.0,0.0,284.02,-14.27,16.1,17.0,18.9,19,1,3,3,-0.8878852184023756,0.4600650377311516,False,False,False,False,False,True,18.728086
50.4,1033.63,18.93,0.0,0.0,0.0,188.13,26.63,10.4,0.0,20.5,12,2,12,0,-0.1361666490962464,-0.9906859460363308,False,False,False,False,False,False,20.1362
59.48,1026.43,13.17,0.0,0.0,0.0,15.52,-72.64,8.9,69.0,14.3,0,0,1,3,0.0,1.0,False,True,False,False,False,False,14.392441
54.74,1014.4,13.42,0.0,0.0,0.0,273.21,-40.92,13.9,92.0,14.2,20,1,1,3,-0.730835964278124,0.6825531432186542,False,False,False,False,True,False,14.143364
74.9,1011.9,16.38,0.0,14400.0,14400.0,128.67,-55.29,12.7,62.0,18.2,0,0,3,3,0.0,1.0,False,False,False,True,False,False,18.88406
41.01,1018.55,20.47,0.0,0.0,0.0,266.18,-29.45,11.6,84.0,22.6,19,1,1,3,-0.8878852184023756,0.4600650377311516,False,True,False,False,False,False,21.842655
35.33,1026.1,19.42,0.0,0.0,0.0,305.3,-62.65,9.8,0.0,21.1,22,1,1,3,-0.2697967711570252,0.962917287347799,False,False,False,False,False,False,20.925278
49.5,1016.45,19.14,0.0,0.0,0.0,29.74,-71.33,8.9,31.0,21.3,0,0,12,3,0.0,1.0,False,False,False,True,False,False,21.111204
44.47,1015.2,20.11,0.0,14400.0,14400.0,297.53,-40.14,12.4,27.0,23.3,21,1,2,3,-0.5195839500354336,0.8544194045464886,False,False,True,False,False,False,22.877413
62.82,1025.6,13.08,0.0,0.0,0.0,272.72,-40.91,11.6,32.0,14.2,20,1,1,3,-0.730835964278124,0.6825531432186542,False,True,False,False,False,False,14.129553
54.89,1014.2,13.4,0.0,0.0,0.0,245.94,-6.52,18.2,3.0,14.2,17,2,1,3,-0.9976687691905392,-0.0682424133646704,False,False,False,False,True,False,14.208822
40.37,1016.57,16.92,0.0,0.0,0.0,307.4,-66.28,15.1,24.0,18.6,22,1,12,3,-0.2697967711570252,0.962917287347799,False,False,False,False,False,True,18.401268
40.77,1015.23,20.71,139.0,7200.0,7200.0,166.06,34.13,7.5,1.0,22.0,11,3,2,3,0.1361666490962471,-0.9906859460363306,False,False,False,True,False,False,21.765842
53.79,1008.3,18.95,0.0,14400.0,14400.0,244.29,10.84,18.0,0.0,20.5,16,2,2,3,-0.9422609221188204,-0.3348796121709864,False,False,False,False,False,True,20.348793
51.3,1011.5,19.48,0.0,14400.0,14400.0,184.42,37.78,15.2,48.0,21.5,12,2,2,0,-0.1361666490962464,-0.9906859460363308,False,False,False,False,True,False,21.31125
62.49,1025.6,13.05,0.0,0.0,0.0,284.17,-52.33,10.6,34.0,14.2,21,1,1,3,-0.5195839500354336,0.8544194045464886,False,True,False,False,False,False,14.026033
38.07,1023.52,19.69,0.0,7200.0,7200.0,259.69,-12.77,17.9,0.0,21.9,18,1,2,3,-0.979084087682323,0.2034560130526333,True,False,False,False,False,False,22.162745
41.0,1017.45,18.26,0.0,7200.0,7200.0,86.26,-28.79,6.4,0.0,20.6,4,0,2,1,0.8878852184023752,0.4600650377311522,False,False,False,True,False,False,20.564394
52.09,1010.8,19.08,0.0,14400.0,14400.0,88.62,-13.44,11.7,95.0,21.3,5,0,3,1,0.9790840876823228,0.2034560130526337,False,False,False,False,True,False,21.423021
40.72,1016.6,16.88,0.0,0.0,0.0,15.85,-73.05,13.5,34.0,18.6,0,0,12,3,0.0,1.0,False,False,False,False,False,False,18.243265
53.86,1022.7,21.81,843.0,14400.0,14400.0,165.65,38.55,13.1,100.0,22.1,11,3,2,3,0.1361666490962471,-0.9906859460363306,False,False,True,False,False,False,21.975773
68.67,1006.1,18.11,0.0,14400.0,14400.0,128.59,-54.9,12.5,89.0,20.6,0,0,3,3,0.0,1.0,False,False,False,False,True,False,20.447828
55.16,1006.7,18.24,3600.0,0.0,0.0,108.84,-8.02,9.8,88.0,20.4,6,3,1,2,0.9976687691905392,-0.0682424133646708,False,True,False,False,False,False,20.773657
55.04,1025.4,13.34,0.0,0.0,0.0,83.97,-44.83,7.5,100.0,14.5,3,0,12,1,0.730835964278124,0.6825531432186541,True,False,False,False,False,False,14.533012
56.2,1016.9,20.76,0.0,14400.0,14400.0,254.28,2.94,15.3,100.0,22.7,17,2,2,3,-0.9976687691905392,-0.0682424133646704,False,False,False,True,False,False,23.208899
55.58,992.36,20.06,0.0,3600.0,3600.0,128.15,-52.57,10.0,100.0,21.6,0,0,3,3,0.0,1.0,False,False,False,True,False,False,21.83251
54.54,1012.35,13.42,0.0,0.0,0.0,70.6,-55.82,11.8,29.0,14.2,2,0,1,0,0.5195839500354336,0.8544194045464886,False,False,False,False,False,True,14.142699
55.05,1026.8,15.06,0.0,0.0,0.0,262.89,-29.35,13.6,4.0,16.4,19,1,12,3,-0.8878852184023756,0.4600650377311516,False,False,False,True,False,False,16.581366
53.16,1016.3,17.3,0.0,14400.0,14400.0,257.66,4.17,12.3,100.0,19.2,17,2,3,3,-0.9976687691905392,-0.0682424133646704,False,False,False,False,False,True,19.140558
50.62,1011.0,20.36,0.0,14400.0,14400.0,281.67,-33.33,17.5,2.0,23.9,20,1,2,3,-0.730835964278124,0.6825531432186542,False,False,False,True,False,False,23.554907
73.15,1006.36,17.21,0.0,3600.0,3600.0,61.56,-29.48,14.2,100.0,18.2,3,0,3,1,0.730835964278124,0.6825531432186541,False,False,False,True,False,False,18.059975
44.57,1019.6,20.71,3589.0,14400.0,14400.0,234.23,23.42,20.1,100.0,21.4,15,2,2,3,-0.816969893010442,-0.5766803221148672,False,False,False,False,False,False,21.638315
43.4,1012.77,18.47,0.0,7200.0,7200.0,61.02,-50.73,11.3,100.0,21.4,2,0,2,0,0.5195839500354336,0.8544194045464886,False,False,False,False,True,False,21.390007
49.64,1011.9,19.77,0.0,14400.0,14400.0,103.13,-3.69,9.8,7.0,21.8,6,3,2,2,0.9976687691905392,-0.0682424133646708,False,False,False,False,True,False,22.046616
42.67,1022.7,15.86,0.0,0.0,0.0,84.43,-44.91,9.2,0.0,17.1,3,0,12,1,0.730835964278124,0.6825531432186541,False,True,False,False,False,False,16.959696
48.65,1015.85,21.99,941.0,0.0,0.0,168.41,30.5,15.6,35.0,23.0,11,3,1,3,0.1361666490962471,-0.9906859460363306,False,False,False,True,False,False,22.645098
53.72,1023.4,20.95,0.0,14400.0,14400.0,339.83,-59.45,13.2,56.0,22.8,23,1,2,3,-2.4492935982947064e-16,1.0,False,False,True,False,False,False,22.799604
34.84,1026.8,20.52,0.0,0.0,0.0,154.32,24.89,3.4,0.0,21.2,10,3,1,3,0.3984010898462414,-0.917211301505453,True,False,False,False,False,False,21.032839
42.76,1021.5,17.57,0.0,7200.0,7200.0,104.01,-5.9,7.1,0.0,19.8,6,3,2,2,0.9976687691905392,-0.0682424133646708,False,False,False,False,False,True,19.672392
35.34,1019.21,16.24,0.0,0.0,0.0,131.22,9.44,11.7,99.0,17.7,8,3,12,2,0.8169698930104421,-0.5766803221148671,False,False,False,False,False,False,17.515776
45.92,1018.45,19.43,0.0,0.0,0.0,246.06,-5.16,23.6,4.0,21.0,17,2,1,3,-0.9976687691905392,-0.0682424133646704,False,False,False,False,True,False,20.82738
53.77,1008.8,19.16,0.0,14400.0,14400.0,72.43,-38.28,11.3,100.0,20.9,3,0,2,1,0.730835964278124,0.6825531432186541,False,False,False,False,False,True,20.825254
51.65,1014.2,21.11,317.0,14400.0,14400.0,165.14,41.48,13.0,100.0,22.1,11,3,2,3,0.1361666490962471,-0.9906859460363306,False,False,False,True,False,False,22.271807
54.74,1010.0,19.33,0.0,14400.0,14400.0,186.9,-62.38,12.8,100.0,21.1,0,0,2,3,0.0,1.0,False,False,False,False,False,True,20.89718
44.15,994.98,19.24,358.0,10800.0,10800.0,225.2,36.26,18.3,43.0,20.9,14,2,3,3,-0.6310879443260528,-0.7757112907044198,True,False,False,False,False,False,21.45284
70.46,1015.2,15.78,0.0,3600.0,3600.0,264.02,6.93,15.7,99.0,16.9,17,2,3,3,-0.9976687691905392,-0.0682424133646704,False,True,False,False,False,False,16.727533
52.63,1012.35,18.73,0.0,14400.0,14400.0,132.02,29.9,11.0,100.0,21.0,9,3,3,3,0.631087944326053,-0.7757112907044197,False,False,False,False,True,False,21.063059
41.62,1022.7,19.66,0.0,0.0,0.0,59.85,-63.35,12.3,1.0,21.6,1,0,12,0,0.2697967711570243,0.9629172873477992,False,False,False,True,False,False,21.159796
44.33,1015.2,19.97,0.0,14400.0,14400.0,313.93,-49.51,11.9,16.0,22.7,22,1,2,3,-0.2697967711570252,0.962917287347799,False,False,True,False,False,False,22.65011
38.41,1001.4,17.46,0.0,0.0,0.0,210.38,47.51,15.3,12.0,18.7,13,2,3,3,-0.3984010898462415,-0.9172113015054528,False,False,False,False,False,True,18.529976
51.85,1014.75,20.3,0.0,0.0,0.0,128.8,9.24,14.5,95.0,20.0,8,3,1,2,0.8169698930104421,-0.5766803221148671,False,False,True,False,False,False,20.43968
57.06,1025.4,13.2,0.0,0.0,0.0,214.77,19.01,13.2,100.0,14.3,14,2,12,3,-0.6310879443260528,-0.7757112907044198,True,False,False,False,False,False,14.291633
71.86,1013.07,17.14,7.0,3600.0,3600.0,187.82,50.13,15.1,100.0,19.1,12,2,3,0,-0.1361666490962464,-0.9906859460363308,False,False,True,False,False,False,18.878119
57.81,1005.8,18.4,0.0,0.0,0.0,80.04,-42.88,10.7,100.0,20.8,3,0,1,1,0.730835964278124,0.6825531432186541,False,True,False,False,False,False,20.633678
59.37,1008.65,20.13,1256.0,18000.0,18000.0,200.23,28.07,14.7,100.0,21.7,13,2,1,3,-0.3984010898462415,-0.9172113015054528,True,False,False,False,False,False,22.375778
43.15,1025.4,17.75,0.0,0.0,0.0,144.97,18.62,6.5,1.0,20.2,9,3,12,3,0.631087944326053,-0.7757112907044197,False,False,False,False,True,False,20.040215
49.68,1008.3,19.49,0.0,0.0,0.0,66.33,-53.8,11.4,76.0,21.8,2,0,1,0,0.5195839500354336,0.8544194045464886,False,False,True,False,False,False,21.668282
76.35,1012.2,16.5,0.0,14400.0,14400.0,130.96,31.61,12.9,100.0,18.5,9,3,3,3,0.631087944326053,-0.7757112907044197,False,False,True,False,False,False,18.454092
39.45,1022.35,19.78,694.0,14400.0,14400.0,108.01,7.94,7.6,1.0,20.8,7,3,2,2,0.9422609221188204,-0.3348796121709861,False,True,False,False,False,False,20.426476
45.1,1022.4,21.48,246.0,14400.0,14400.0,131.89,28.44,6.6,88.0,21.4,9,3,2,3,0.631087944326053,-0.7757112907044197,False,True,False,False,False,False,21.534334
49.64,1004.41,21.79,0.0,0.0,0.0,276.8,-37.22,21.0,51.0,23.5,20,1,1,3,-0.730835964278124,0.6825531432186542,False,False,False,False,False,False,23.471777
52.08,1025.55,13.85,0.0,0.0,0.0,71.38,-56.15,6.9,35.0,15.0,2,0,12,0,0.5195839500354336,0.8544194045464886,False,False,False,False,False,False,15.042014
