time,sensor.sensor_temperatura_3_humidity,sensor.sensor_temperatura_3_pressure,sensor.sensor_temperatura_3_temperature
2024-12-10 21:00:00,46.22,1014.38,19.78
2024-12-11 07:00:00,50.78,1014.06,19.45
2024-12-11 08:00:00,56.14,1015.01,21.08
2024-12-11 09:00:00,56.77,1015.26,21.35
2024-12-11 10:00:00,52.55,1015.57,20.88
2024-12-11 11:00:00,48.64,1015.34,20.66
2024-12-11 12:00:00,46.41,1014.42,20.65
2024-12-11 13:00:00,42.07,1013.93,19.8
2024-12-11 14:00:00,42.36,1013.55,19.32
2024-12-11 15:00:00,45.17,1013.63,19.97
2024-12-11 16:00:00,43.72,1014.35,20.45
2024-12-11 17:00:00,43.79,1014.49,20.19
2024-12-11 18:00:00,44.93,1015.35,20.72
2024-12-11 19:00:00,48.16,1015.01,21.46
2024-12-11 20:00:00,47.4,1015.28,20.98
2024-12-11 21:00:00,46.02,1015.38,19.88
2024-12-12 07:00:00,47.01,1015.7,18.93
2024-12-12 08:00:00,48.95,1015.96,20.34
2024-12-12 09:00:00,43.58,1016.07,19.12
2024-12-12 10:00:00,44.67,1015.91,19.3
2024-12-12 11:00:00,47.41,1015.53,20.46
2024-12-12 12:00:00,49.99,1014.88,21.15
2024-12-12 13:00:00,51.16,1014.58,21.1
2024-12-12 14:00:00,48.82,1014.46,20.25
2024-12-12 15:00:00,49.05,1014.29,20.2
2024-12-12 16:00:00,48.65,1014.34,20.34
2024-12-12 17:00:00,50.85,1015.02,20.52
2024-12-12 18:00:00,50.25,1015.2,20.92
2024-12-12 19:00:00,49.07,1015.32,21.08
2024-12-12 20:00:00,49.31,1015.34,20.4
2024-12-12 21:00:00,49.58,1015.87,19.82
2024-12-13 07:00:00,49.55,1017.33,19.1
2024-12-13 08:00:00,49.08,1018.4,20.23
2024-12-13 09:00:00,49.18,1018.69,20.42
2024-12-13 10:00:00,48.23,1018.72,20.63
2024-12-13 11:00:00,49.77,1018.33,21.07
2024-12-13 12:00:00,50.76,1017.92,21.09
2024-12-13 13:00:00,50.45,1017.82,20.41
2024-12-13 14:00:00,50.63,1017.77,19.93
2024-12-13 15:00:00,50.65,1017.8,19.73
2024-12-13 16:00:00,50.97,1018.51,19.51
2024-12-13 17:00:00,51.43,1019.15,19.39
2024-12-13 18:00:00,51.88,1019.47,19.29
2024-12-13 19:00:00,52.09,1019.87,19.25
2024-12-13 20:00:00,52.07,1021.21,19.19
2024-12-13 21:00:00,52.14,1021.25,18.98
2024-12-14 07:00:00,46.49,1023.92,17.66
2024-12-14 08:00:00,46.0,1024.56,17.34
2024-12-14 09:00:00,45.17,1025.23,17.17
2024-12-14 10:00:00,44.46,1025.2,17.17
2024-12-14 11:00:00,43.25,1024.09,17.19
2024-12-14 12:00:00,42.58,1023.68,17.35
2024-12-14 13:00:00,42.31,1023.33,17.45
2024-12-14 14:00:00,41.85,1023.33,17.47
2024-12-14 15:00:00,41.71,1023.38,17.54
2024-12-14 16:00:00,42.09,1023.47,17.56
2024-12-14 17:00:00,42.56,1024.37,17.56
2024-12-14 18:00:00,43.0,1025.14,17.59
2024-12-14 19:00:00,43.46,1025.58,17.53
2024-12-14 20:00:00,43.74,1026.04,17.41
2024-12-14 21:00:00,43.7,1026.54,17.19
2024-12-15 07:00:00,41.09,1027.72,16.25
2024-12-15 08:00:00,41.36,1028.32,16.21
2024-12-15 09:00:00,41.59,1029.16,16.3
2024-12-15 10:00:00,41.79,1029.51,16.26
2024-12-15 11:00:00,41.64,1028.73,16.32
2024-12-15 12:00:00,41.06,1028.39,16.37
2024-12-15 13:00:00,41.21,1028.39,16.42
2024-12-15 14:00:00,41.63,1028.27,16.48
2024-12-15 15:00:00,42.13,1028.77,16.53
2024-12-15 16:00:00,42.46,1029.15,16.57
2024-12-15 17:00:00,42.77,1029.96,16.58
2024-12-15 18:00:00,43.21,1030.9,16.56
2024-12-15 19:00:00,43.56,1031.42,16.55
2024-12-15 20:00:00,43.94,1031.86,16.56
2024-12-15 21:00:00,44.23,1032.44,16.54
2024-12-16 07:00:00,45.25,1035.47,17.32
2024-12-16 08:00:00,47.22,1035.69,18.51
2024-12-16 09:00:00,50.45,1036.11,18.95
2024-12-16 10:00:00,50.8,1035.59,19.07
2024-12-16 11:00:00,50.47,1034.72,19.55
2024-12-16 12:00:00,51.4,1033.63,18.78
2024-12-16 13:00:00,52.46,1032.65,18.2
2024-12-16 14:00:00,51.51,1032.35,18.0
2024-12-16 15:00:00,52.07,1032.16,19.02
2024-12-16 16:00:00,50.59,1032.38,19.62
2024-12-16 17:00:00,50.62,1032.45,19.89
2024-12-16 18:00:00,51.22,1032.68,20.51
2024-12-16 19:00:00,54.72,1032.75,20.41
2024-12-16 20:00:00,55.18,1032.78,19.5
2024-12-16 21:00:00,54.5,1032.78,18.57
2024-12-17 07:00:00,48.6,1030.14,18.08
2024-12-17 08:00:00,53.16,1030.14,19.54
2024-12-17 09:00:00,52.84,1029.75,19.79
2024-12-17 10:00:00,49.56,1029.39,19.16
2024-12-17 11:00:00,51.03,1028.6,19.72
2024-12-17 12:00:00,49.99,1027.06,19.5
2024-12-17 13:00:00,49.39,1026.5,18.58
2024-12-17 14:00:00,50.38,1026.09,18.55
2024-12-17 15:00:00,49.39,1025.9,19.1
2024-12-17 16:00:00,51.26,1025.79,19.98
2024-12-17 17:00:00,51.02,1025.91,20.22
2024-12-17 18:00:00,49.9,1026.04,20.82
2024-12-17 19:00:00,48.01,1026.28,21.13
2024-12-17 20:00:00,48.15,1026.21,20.26
2024-12-17 21:00:00,49.89,1026.21,19.09
2024-12-18 07:00:00,48.63,1025.04,18.52
2024-12-18 08:00:00,52.94,1025.03,19.85
2024-12-18 09:00:00,54.13,1024.62,20.39
2024-12-18 10:00:00,51.47,1023.95,20.61
2024-12-18 11:00:00,53.0,1023.1,21.25
2024-12-18 12:00:00,48.28,1022.34,21.2
2024-12-18 13:00:00,41.57,1021.47,20.26
2024-12-18 14:00:00,39.74,1021.13,19.8
2024-12-18 15:00:00,47.05,1020.94,20.31
2024-12-18 16:00:00,52.23,1021.1,20.58
2024-12-18 17:00:00,53.24,1021.23,20.57
2024-12-18 18:00:00,52.26,1021.67,20.73
2024-12-18 19:00:00,50.91,1021.56,20.66
2024-12-18 20:00:00,50.64,1021.25,19.95
2024-12-18 21:00:00,50.29,1021.05,19.46
2024-12-19 07:00:00,38.06,1017.15,19.48
2024-12-19 08:00:00,38.25,1017.29,19.8
2024-12-19 09:00:00,41.08,1017.57,20.37
2024-12-19 10:00:00,43.23,1017.05,20.47
2024-12-19 11:00:00,44.02,1015.54,20.59
2024-12-19 12:00:00,43.27,1014.51,20.22
2024-12-19 13:00:00,44.88,1013.75,19.99
2024-12-19 14:00:00,45.02,1014.59,19.94
2024-12-19 15:00:00,43.78,1014.45,20.47
2024-12-19 16:00:00,43.37,1014.61,21.19
2024-12-19 17:00:00,42.61,1015.15,21.46
2024-12-19 18:00:00,46.39,1016.01,21.47
2024-12-19 19:00:00,48.69,1017.02,21.5
2024-12-19 20:00:00,49.19,1017.94,20.99
2024-12-19 21:00:00,47.64,1019.08,20.34
2024-12-20 07:00:00,37.1,1022.02,19.16
2024-12-20 08:00:00,37.41,1022.45,19.69
2024-12-20 09:00:00,36.82,1022.67,20.78
2024-12-20 10:00:00,35.88,1022.38,19.9
2024-12-20 11:00:00,42.95,1021.78,20.78
2024-12-20 12:00:00,40.73,1021.12,20.6
2024-12-20 13:00:00,39.36,1020.4,20.22
2024-12-20 14:00:00,39.46,1020.4,19.77
2024-12-20 15:00:00,39.34,1020.55,19.65
2024-12-20 16:00:00,38.88,1021.28,19.61
2024-12-20 17:00:00,38.48,1021.42,19.69
2024-12-20 18:00:00,38.31,1022.21,19.73
2024-12-20 19:00:00,38.41,1022.7,19.55
2024-12-20 20:00:00,38.53,1023.23,19.38
2024-12-20 21:00:00,38.75,1023.47,19.18
2024-12-21 07:00:00,37.85,1025.53,18.05
2024-12-21 08:00:00,37.84,1026.1,17.96
2024-12-21 09:00:00,38.01,1026.59,17.78
2024-12-21 10:00:00,38.02,1026.45,17.71
2024-12-21 11:00:00,38.01,1025.67,17.76
2024-12-21 12:00:00,38.0,1025.11,17.77
2024-12-21 13:00:00,38.02,1025.06,17.8
2024-12-21 14:00:00,38.03,1024.53,17.87
2024-12-21 15:00:00,38.26,1024.41,17.84
2024-12-21 16:00:00,38.49,1024.61,17.84
2024-12-21 17:00:00,38.71,1025.27,17.83
2024-12-21 18:00:00,38.87,1025.36,17.81
2024-12-21 19:00:00,39.36,1025.41,17.74
2024-12-21 20:00:00,39.9,1025.21,17.53
2024-12-21 21:00:00,40.12,1025.38,17.43
2024-12-22 07:00:00,40.84,1023.23,16.94
2024-12-22 08:00:00,40.96,1023.08,16.77
2024-12-22 09:00:00,41.03,1023.24,16.67
2024-12-22 10:00:00,40.93,1022.61,16.67
2024-12-22 11:00:00,40.91,1021.46,16.78
2024-12-22 12:00:00,40.97,1019.71,16.87
2024-12-22 13:00:00,41.12,1018.2,16.96
2024-12-22 14:00:00,41.41,1017.36,17.15
2024-12-22 15:00:00,41.59,1016.43,17.24
2024-12-22 16:00:00,41.8,1015.87,17.26
2024-12-22 17:00:00,41.8,1015.71,17.21
2024-12-22 18:00:00,41.16,1016.09,17.25
2024-12-22 19:00:00,41.28,1016.48,17.16
2024-12-22 20:00:00,40.9,1016.37,17.04
2024-12-22 21:00:00,40.6,1016.51,16.96
2024-12-23 07:00:00,35.95,1018.6,16.26
2024-12-23 08:00:00,36.01,1019.18,16.22
2024-12-23 09:00:00,35.68,1019.45,16.22
2024-12-23 10:00:00,35.8,1019.39,16.28
2024-12-23 11:00:00,35.09,1018.32,16.32
2024-12-23 12:00:00,34.59,1018.35,16.37
2024-12-23 13:00:00,34.31,1018.14,16.44
2024-12-23 14:00:00,33.99,1017.89,16.49
2024-12-23 15:00:00,33.32,1017.74,16.55
2024-12-23 16:00:00,32.94,1018.24,16.53
2024-12-23 17:00:00,32.26,1018.78,16.45
2024-12-23 18:00:00,32.37,1019.25,16.42
2024-12-23 19:00:00,32.81,1019.48,16.38
2024-12-23 20:00:00,33.43,1019.98,16.34
2024-12-23 21:00:00,33.75,1020.63,16.31
2024-12-24 07:00:00,36.93,1021.5,15.92
2024-12-24 08:00:00,37.19,1022.05,15.87
2024-12-24 09:00:00,37.52,1022.01,15.82
2024-12-24 10:00:00,37.93,1021.35,15.8
2024-12-24 11:00:00,38.12,1020.25,15.87
2024-12-24 12:00:00,38.26,1019.41,15.93
2024-12-24 13:00:00,38.46,1018.73,16.04
2024-12-24 14:00:00,38.63,1018.64,16.16
2024-12-24 15:00:00,38.85,1018.77,16.22
2024-12-24 16:00:00,39.24,1019.2,16.27
2024-12-24 17:00:00,39.47,1019.34,16.22
2024-12-24 18:00:00,39.65,1019.65,16.16
2024-12-24 19:00:00,40.01,1020.25,16.13
2024-12-24 20:00:00,40.56,1020.49,16.11
2024-12-24 21:00:00,41.13,1021.53,16.07
2024-12-25 07:00:00,44.62,1022.8,15.73
2024-12-25 08:00:00,44.75,1023.5,15.67
2024-12-25 09:00:00,44.89,1024.23,15.65
2024-12-25 10:00:00,45.12,1024.93,15.67
2024-12-25 11:00:00,46.72,1024.83,15.77
2024-12-25 12:00:00,48.49,1024.4,15.84
2024-12-25 13:00:00,49.22,1023.95,15.84
2024-12-25 14:00:00,49.8,1024.0,15.92
2024-12-25 15:00:00,50.09,1024.21,15.91
2024-12-25 16:00:00,50.13,1024.06,15.94
2024-12-25 17:00:00,50.31,1024.38,15.93
2024-12-25 18:00:00,50.31,1024.66,15.94
2024-12-25 19:00:00,50.37,1024.66,15.94
2024-12-25 20:00:00,50.11,1024.63,15.96
2024-12-25 21:00:00,50.21,1025.01,15.95
2024-12-26 07:00:00,53.14,1024.86,15.68
2024-12-26 08:00:00,53.57,1025.28,15.63
2024-12-26 09:00:00,54.01,1025.64,15.65
2024-12-26 10:00:00,54.38,1025.34,15.7
2024-12-26 11:00:00,54.46,1025.13,15.76
2024-12-26 12:00:00,54.85,1024.0,15.78
2024-12-26 13:00:00,54.89,1023.78,15.79
2024-12-26 14:00:00,54.66,1023.55,15.81
2024-12-26 15:00:00,54.47,1023.45,15.83
2024-12-26 16:00:00,54.46,1023.63,15.85
2024-12-26 17:00:00,54.31,1024.03,15.83
2024-12-26 18:00:00,54.15,1024.52,15.84
2024-12-26 19:00:00,54.15,1025.31,15.82
2024-12-26 20:00:00,54.33,1025.43,15.81
2024-12-26 21:00:00,54.5,1025.66,15.77
2024-12-27 07:00:00,55.17,1026.66,15.28
2024-12-27 08:00:00,55.14,1026.99,15.17
2024-12-27 09:00:00,55.37,1027.43,15.08
2024-12-27 10:00:00,55.6,1027.24,15.14
2024-12-27 11:00:00,55.52,1026.59,15.2
2024-12-27 12:00:00,55.51,1025.97,15.25
2024-12-27 13:00:00,55.91,1025.41,15.29
2024-12-27 14:00:00,56.05,1025.41,15.33
2024-12-27 15:00:00,55.94,1025.63,15.29
2024-12-27 16:00:00,55.83,1025.73,15.3
2024-12-27 17:00:00,55.87,1026.21,15.28
2024-12-27 18:00:00,56.06,1026.66,15.25
2024-12-27 19:00:00,56.19,1026.73,15.24
2024-12-27 20:00:00,56.32,1026.71,15.23
2024-12-27 21:00:00,56.32,1026.76,15.17
2024-12-28 07:00:00,56.04,1026.41,14.42
2024-12-28 08:00:00,55.35,1026.56,14.24
2024-12-28 09:00:00,54.85,1026.69,14.12
2024-12-28 10:00:00,54.33,1026.5,14.25
2024-12-28 11:00:00,53.92,1025.7,14.43
2024-12-28 12:00:00,53.74,1024.77,14.5
2024-12-28 13:00:00,53.44,1023.85,14.6
2024-12-28 14:00:00,53.35,1023.85,14.7
2024-12-28 15:00:00,53.52,1023.93,14.81
2024-12-28 16:00:00,53.75,1023.88,14.81
2024-12-28 17:00:00,53.8,1024.03,14.81
2024-12-28 18:00:00,53.85,1024.43,14.78
2024-12-28 19:00:00,54.06,1024.86,14.78
2024-12-28 20:00:00,54.36,1024.88,14.75
2024-12-28 21:00:00,54.56,1024.88,14.72
2024-12-29 07:00:00,53.06,1025.05,14.14
2024-12-29 08:00:00,52.82,1025.36,13.99
2024-12-29 09:00:00,52.34,1025.56,13.86
2024-12-29 10:00:00,51.93,1025.41,13.88
2024-12-29 11:00:00,51.71,1025.12,14.0
2024-12-29 12:00:00,51.65,1023.93,14.08
2024-12-29 13:00:00,51.63,1023.6,14.13
2024-12-29 14:00:00,51.61,1023.38,14.17
2024-12-29 15:00:00,51.69,1023.6,14.2
2024-12-29 16:00:00,51.73,1023.88,14.23
2024-12-29 17:00:00,51.85,1024.28,14.23
2024-12-29 18:00:00,52.12,1024.61,14.24
2024-12-29 19:00:00,52.49,1025.23,14.23
2024-12-29 20:00:00,52.91,1025.23,14.18
2024-12-29 21:00:00,53.34,1025.56,14.1
2024-12-30 07:00:00,52.67,1026.13,13.54
2024-12-30 08:00:00,52.61,1026.6,13.43
2024-12-30 09:00:00,52.47,1027.04,13.41
2024-12-30 10:00:00,52.27,1026.61,13.44
2024-12-30 11:00:00,52.11,1026.08,13.55
2024-12-30 12:00:00,52.12,1025.09,13.61
2024-12-30 13:00:00,52.29,1024.26,13.69
2024-12-30 14:00:00,52.32,1023.23,13.75
2024-12-30 15:00:00,52.31,1023.95,13.8
2024-12-30 16:00:00,52.54,1024.28,13.88
2024-12-30 17:00:00,52.66,1024.56,13.84
2024-12-30 18:00:00,52.79,1024.96,13.85
2024-12-30 19:00:00,53.04,1025.36,13.85
2024-12-30 20:00:00,53.51,1025.66,13.81
2024-12-30 21:00:00,54.27,1025.76,13.7
2024-12-31 07:00:00,56.47,1026.05,13.37
2024-12-31 08:00:00,56.86,1026.59,13.3
2024-12-31 09:00:00,56.92,1027.0,13.32
2024-12-31 10:00:00,56.67,1027.04,13.36
2024-12-31 11:00:00,56.95,1026.52,13.39
2024-12-31 12:00:00,57.94,1025.78,13.34
2024-12-31 13:00:00,58.28,1025.33,13.38
2024-12-31 14:00:00,58.4,1025.26,13.42
2024-12-31 15:00:00,58.29,1025.31,13.46
2024-12-31 16:00:00,58.1,1025.38,13.48
2024-12-31 17:00:00,58.19,1025.66,13.5
2024-12-31 18:00:00,58.46,1026.04,13.49
2024-12-31 19:00:00,58.58,1026.5,13.5
2024-12-31 20:00:00,58.92,1026.66,13.51
2024-12-31 21:00:00,59.78,1026.61,13.49
2025-01-01 07:00:00,61.78,1026.29,13.27
2025-01-01 08:00:00,61.77,1026.56,13.25
2025-01-01 09:00:00,62.55,1026.94,13.21
2025-01-01 10:00:00,63.33,1026.76,13.21
2025-01-01 11:00:00,64.2,1026.19,13.24
2025-01-01 12:00:00,64.52,1025.36,13.29
2025-01-01 13:00:00,64.33,1024.61,13.36
2025-01-01 14:00:00,64.46,1024.23,13.38
2025-01-01 15:00:00,64.74,1024.28,13.44
2025-01-01 16:00:00,64.5,1024.56,13.44
2025-01-01 17:00:00,64.58,1025.46,13.47
2025-01-01 18:00:00,64.24,1025.06,13.44
2025-01-01 19:00:00,63.99,1025.11,13.45
2025-01-01 20:00:00,63.79,1025.31,13.48
2025-01-01 21:00:00,63.63,1025.24,13.44
2025-01-02 07:00:00,62.98,1023.75,13.06
2025-01-02 08:00:00,62.3,1023.98,13.09
2025-01-02 09:00:00,62.1,1024.12,13.04
2025-01-02 10:00:00,61.85,1023.89,13.05
2025-01-02 11:00:00,61.6,1022.93,13.14
2025-01-02 12:00:00,61.25,1021.7,13.23
2025-01-02 13:00:00,61.03,1020.89,13.33
2025-01-02 14:00:00,60.71,1019.7,13.45
2025-01-02 15:00:00,60.45,1019.88,13.57
2025-01-02 16:00:00,60.38,1019.59,13.55
2025-01-02 17:00:00,60.4,1019.72,13.53
2025-01-02 18:00:00,60.37,1020.19,13.49
2025-01-02 19:00:00,60.4,1020.56,13.43
2025-01-02 20:00:00,60.45,1021.75,13.4
2025-01-02 21:00:00,60.37,1021.15,13.38
2025-01-03 07:00:00,58.55,1018.83,13.01
2025-01-03 08:00:00,58.38,1019.07,12.97
2025-01-03 09:00:00,58.19,1019.44,13.0
2025-01-03 10:00:00,57.97,1018.75,13.04
2025-01-03 11:00:00,57.46,1018.09,13.12
2025-01-03 12:00:00,56.76,1016.53,13.29
2025-01-03 13:00:00,56.34,1015.33,13.48
2025-01-03 14:00:00,53.95,1015.26,13.84
2025-01-03 15:00:00,51.05,1015.26,14.01
2025-01-03 16:00:00,51.95,1015.26,13.94
2025-01-03 17:00:00,52.48,1015.73,13.87
2025-01-03 18:00:00,51.97,1016.27,13.87
2025-01-03 19:00:00,51.61,1016.57,13.83
2025-01-03 20:00:00,52.26,1016.94,13.78
2025-01-03 21:00:00,52.86,1017.21,13.76
2025-01-04 07:00:00,55.48,1016.86,13.39
2025-01-04 08:00:00,55.51,1017.19,13.39
2025-01-04 09:00:00,55.6,1017.51,13.4
2025-01-04 10:00:00,55.58,1017.34,13.45
2025-01-04 11:00:00,55.44,1016.72,13.56
2025-01-04 12:00:00,55.07,1015.83,13.7
2025-01-04 13:00:00,54.58,1014.72,13.89
2025-01-04 14:00:00,54.12,1013.9,14.15
2025-01-04 15:00:00,54.1,1013.13,14.25
2025-01-04 16:00:00,54.21,1014.03,14.18
2025-01-04 17:00:00,54.32,1014.18,14.12
2025-01-04 18:00:00,54.52,1014.63,14.06
2025-01-04 19:00:00,54.55,1014.53,14.01
2025-01-04 20:00:00,54.63,1014.33,14.0
2025-01-04 21:00:00,54.62,1014.21,13.98
2025-01-05 07:00:00,54.86,1010.97,13.67
2025-01-05 08:00:00,55.13,1011.42,13.63
2025-01-05 09:00:00,55.15,1011.42,13.67
2025-01-05 10:00:00,55.16,1010.6,13.76
2025-01-05 11:00:00,55.38,1009.6,13.87
2025-01-05 12:00:00,55.82,1008.42,14.01
2025-01-05 13:00:00,56.27,1006.91,14.12
2025-01-05 14:00:00,56.38,1006.36,14.26
2025-01-05 15:00:00,56.34,1006.36,14.3
2025-01-05 16:00:00,56.45,1005.86,14.32
2025-01-05 17:00:00,56.78,1006.18,14.33
2025-01-05 18:00:00,56.7,1006.31,14.24
2025-01-05 19:00:00,56.81,1006.08,14.21
2025-01-05 20:00:00,56.74,1005.96,14.15
2025-01-05 21:00:00,56.66,1005.44,14.14
2025-01-06 07:00:00,54.47,1002.4,15.0
2025-01-06 08:00:00,53.12,1002.57,15.75
2025-01-06 09:00:00,52.8,1002.93,16.01
2025-01-06 10:00:00,52.46,1002.86,16.27
2025-01-06 11:00:00,52.28,1002.29,16.5
2025-01-06 12:00:00,52.16,1001.57,16.74
2025-01-06 13:00:00,52.09,1000.96,16.95
2025-01-06 14:00:00,51.94,1000.84,17.15
2025-01-06 15:00:00,51.69,1001.19,17.33
2025-01-06 16:00:00,51.64,1001.63,17.4
2025-01-06 17:00:00,51.49,1002.69,17.5
2025-01-06 18:00:00,50.23,1003.89,17.57
2025-01-06 19:00:00,48.93,1005.01,17.57
2025-01-06 20:00:00,48.94,1006.0,17.09
2025-01-06 21:00:00,50.24,1006.92,16.52
2025-01-07 07:00:00,52.42,1013.96,17.38
2025-01-07 08:00:00,57.29,1014.84,18.97
2025-01-07 09:00:00,58.11,1015.42,19.6
2025-01-07 10:00:00,50.36,1015.68,19.03
2025-01-07 11:00:00,48.02,1015.28,19.49
2025-01-07 12:00:00,50.13,1014.45,20.17
2025-01-07 13:00:00,44.66,1013.81,19.42
2025-01-07 14:00:00,43.16,1013.4,18.72
2025-01-07 15:00:00,49.42,1013.8,19.65
2025-01-07 16:00:00,51.67,1014.18,20.09
2025-01-07 17:00:00,50.75,1014.55,19.75
2025-01-07 18:00:00,52.75,1015.38,20.4
2025-01-07 19:00:00,52.67,1015.74,20.18
2025-01-07 20:00:00,48.82,1016.14,18.98
2025-01-07 21:00:00,48.32,1016.61,18.09
2025-01-08 07:00:00,53.43,1014.92,18.17
2025-01-08 08:00:00,58.56,1014.99,19.52
2025-01-08 09:00:00,61.67,1014.91,20.02
2025-01-08 10:00:00,57.0,1014.35,19.3
2025-01-08 11:00:00,55.61,1013.32,19.46
2025-01-08 12:00:00,53.95,1012.51,19.68
2025-01-08 13:00:00,49.81,1012.13,19.04
2025-01-08 14:00:00,43.63,1011.65,19.14
2025-01-08 15:00:00,45.46,1011.56,19.73
2025-01-08 16:00:00,51.54,1011.07,20.46
2025-01-08 17:00:00,47.43,1011.12,20.4
2025-01-08 18:00:00,48.76,1011.6,20.86
2025-01-08 19:00:00,52.63,1012.0,20.8
2025-01-08 20:00:00,46.7,1012.32,19.69
2025-01-08 21:00:00,43.39,1012.64,19.06
2025-01-09 07:00:00,51.46,1013.47,19.05
2025-01-09 08:00:00,51.85,1014.5,20.28
2025-01-09 09:00:00,50.52,1014.96,21.02
2025-01-09 10:00:00,49.86,1015.3,21.05
2025-01-09 11:00:00,47.57,1014.93,21.21
2025-01-09 12:00:00,47.01,1014.76,21.5
2025-01-09 13:00:00,44.69,1014.28,21.22
2025-01-09 14:00:00,43.74,1014.5,20.74
2025-01-09 15:00:00,44.71,1015.2,21.04
2025-01-09 16:00:00,44.76,1015.51,21.15
2025-01-09 17:00:00,46.48,1016.17,20.96
2025-01-09 18:00:00,47.17,1016.62,20.67
2025-01-09 19:00:00,50.34,1017.25,20.89
2025-01-09 20:00:00,50.99,1017.81,20.52
2025-01-09 21:00:00,51.06,1017.96,20.2
2025-01-10 07:00:00,52.28,1019.29,19.5
2025-01-10 08:00:00,54.84,1019.37,20.23
2025-01-10 09:00:00,55.79,1019.41,20.74
2025-01-10 10:00:00,56.25,1019.88,20.66
2025-01-10 11:00:00,58.52,1019.26,21.34
2025-01-10 12:00:00,57.4,1018.02,21.7
2025-01-10 13:00:00,52.75,1016.85,20.98
2025-01-10 14:00:00,51.9,1016.79,20.54
2025-01-10 15:00:00,50.83,1016.59,20.29
2025-01-10 16:00:00,50.55,1016.7,20.19
2025-01-10 17:00:00,49.79,1017.35,19.92
2025-01-10 18:00:00,48.93,1017.58,19.73
2025-01-10 19:00:00,48.6,1018.15,19.65
2025-01-10 20:00:00,47.85,1018.33,19.7
2025-01-10 21:00:00,47.98,1018.1,19.58
2025-01-11 07:00:00,50.53,1016.48,19.08
2025-01-11 08:00:00,51.01,1016.41,19.05
2025-01-11 09:00:00,51.89,1016.3,19.02
2025-01-11 10:00:00,52.54,1017.55,19.04
2025-01-11 11:00:00,52.87,1016.94,19.27
2025-01-11 12:00:00,52.53,1015.66,19.47
2025-01-11 13:00:00,50.97,1015.33,19.66
2025-01-11 14:00:00,48.93,1015.33,19.6
2025-01-11 15:00:00,46.86,1016.15,19.73
2025-01-11 16:00:00,45.78,1017.49,19.76
2025-01-11 17:00:00,45.52,1018.33,19.67
2025-01-11 18:00:00,44.97,1018.55,19.61
2025-01-11 19:00:00,44.38,1018.94,19.48
2025-01-11 20:00:00,44.93,1019.19,19.47
2025-01-11 21:00:00,45.28,1019.53,19.39
2025-01-12 07:00:00,35.81,1019.83,18.05
2025-01-12 08:00:00,36.07,1020.15,18.03
2025-01-12 09:00:00,36.14,1019.72,18.13
2025-01-12 10:00:00,35.63,1020.26,18.26
2025-01-12 11:00:00,34.98,1019.91,18.35
2025-01-12 12:00:00,35.29,1018.89,18.45
2025-01-12 13:00:00,35.83,1018.41,18.57
2025-01-12 14:00:00,36.72,1018.63,18.63
2025-01-12 15:00:00,37.42,1019.07,18.68
2025-01-12 16:00:00,37.84,1019.71,18.72
2025-01-12 17:00:00,38.41,1020.83,18.7
2025-01-12 18:00:00,39.12,1021.53,18.71
2025-01-12 19:00:00,39.71,1022.38,18.72
2025-01-12 20:00:00,40.65,1022.9,18.71
2025-01-12 21:00:00,41.18,1023.35,18.71
2025-01-13 07:00:00,39.81,1023.29,17.61
2025-01-13 08:00:00,43.79,1023.58,19.56
2025-01-13 09:00:00,41.95,1023.81,19.77
2025-01-13 10:00:00,39.93,1023.89,19.97
2025-01-13 11:00:00,37.26,1023.13,20.34
2025-01-13 12:00:00,35.73,1022.43,20.09
2025-01-13 13:00:00,35.1,1021.86,19.75
2025-01-13 14:00:00,34.5,1021.35,19.17
2025-01-13 15:00:00,35.26,1021.77,19.77
2025-01-13 16:00:00,33.78,1022.41,20.19
2025-01-13 17:00:00,33.61,1023.02,20.3
2025-01-13 18:00:00,33.96,1023.64,20.95
2025-01-13 19:00:00,33.83,1024.22,21.22
2025-01-13 20:00:00,34.51,1025.02,20.49
2025-01-13 21:00:00,35.24,1025.48,19.74
2025-01-14 07:00:00,36.46,1026.29,18.54
2025-01-14 08:00:00,40.46,1026.7,19.59
2025-01-14 09:00:00,36.34,1027.01,19.85
2025-01-14 10:00:00,35.42,1026.9,19.91
2025-01-14 11:00:00,38.79,1026.25,20.91
2025-01-14 12:00:00,34.18,1025.36,21.26
2025-01-14 13:00:00,29.76,1024.29,20.33
2025-01-14 14:00:00,29.3,1023.63,19.43
2025-01-14 15:00:00,32.45,1023.9,20.03
2025-01-14 16:00:00,30.88,1023.9,20.43
2025-01-14 17:00:00,33.37,1024.19,20.31
2025-01-14 18:00:00,37.75,1024.76,20.84
2025-01-14 19:00:00,39.85,1025.04,21.07
2025-01-14 20:00:00,37.66,1025.26,20.23
2025-01-14 21:00:00,37.23,1025.53,19.36
2025-01-15 07:00:00,34.56,1023.63,18.36
2025-01-15 08:00:00,39.22,1023.9,19.63
2025-01-15 09:00:00,41.97,1023.6,20.14
2025-01-15 10:00:00,35.81,1023.73,19.91
2025-01-15 11:00:00,32.73,1022.78,20.18
2025-01-15 12:00:00,30.13,1021.47,20.41
2025-01-15 13:00:00,27.42,1020.06,19.99
2025-01-15 14:00:00,26.59,1019.13,19.22
2025-01-15 15:00:00,27.03,1018.74,19.42
2025-01-15 16:00:00,29.24,1018.59,19.65
2025-01-15 17:00:00,34.46,1018.47,19.87
2025-01-15 18:00:00,37.64,1018.42,20.34
2025-01-15 19:00:00,40.74,1018.36,20.47
2025-01-15 20:00:00,40.68,1017.97,19.91
2025-01-15 21:00:00,39.94,1017.56,19.05
2025-01-16 07:00:00,32.29,1019.57,17.94
2025-01-16 08:00:00,36.38,1020.01,19.3
2025-01-16 09:00:00,39.2,1020.5,19.97
2025-01-16 10:00:00,39.89,1020.43,19.48
2025-01-16 11:00:00,44.04,1019.84,20.34
2025-01-16 12:00:00,44.08,1019.06,20.56
2025-01-16 13:00:00,42.15,1018.42,20.28
2025-01-16 14:00:00,38.5,1018.19,19.42
2025-01-16 15:00:00,44.53,1018.62,19.61
2025-01-16 16:00:00,46.27,1019.63,19.92
2025-01-16 17:00:00,47.01,1021.09,20.09
2025-01-16 18:00:00,45.63,1021.58,20.7
2025-01-16 19:00:00,45.66,1022.11,20.22
2025-01-16 20:00:00,45.36,1021.82,19.12
2025-01-16 21:00:00,45.47,1021.99,18.58
2025-01-17 07:00:00,48.3,1022.84,17.9
2025-01-17 08:00:00,51.53,1023.58,18.63
2025-01-17 09:00:00,52.36,1023.98,19.46
2025-01-17 10:00:00,52.55,1024.22,19.71
2025-01-17 11:00:00,54.56,1023.6,20.57
2025-01-17 12:00:00,55.95,1023.04,21.06
2025-01-17 13:00:00,58.9,1022.56,23.44
2025-01-17 14:00:00,45.26,1022.42,20.85
2025-01-17 15:00:00,44.28,1022.42,20.5
2025-01-17 16:00:00,43.99,1022.87,20.52
2025-01-17 17:00:00,43.7,1023.17,20.51
2025-01-17 18:00:00,43.38,1023.5,20.52
2025-01-17 19:00:00,42.89,1023.5,20.62
2025-01-17 20:00:00,43.38,1023.5,19.96
2025-01-17 21:00:00,44.49,1023.7,19.23
2025-01-18 07:00:00,40.11,1021.4,17.39
2025-01-18 08:00:00,39.44,1021.33,17.22
2025-01-18 09:00:00,38.77,1021.53,17.01
2025-01-18 10:00:00,38.91,1021.45,16.94
2025-01-18 11:00:00,39.28,1020.33,16.9
2025-01-18 12:00:00,39.59,1019.5,16.93
2025-01-18 13:00:00,39.87,1018.43,16.87
2025-01-18 14:00:00,40.21,1018.1,16.85
2025-01-18 15:00:00,40.44,1017.95,16.86
2025-01-18 16:00:00,40.84,1018.15,16.8
2025-01-18 17:00:00,41.1,1018.45,16.8
2025-01-18 18:00:00,41.44,1018.7,16.76
2025-01-18 19:00:00,41.95,1018.8,16.67
2025-01-18 20:00:00,42.58,1018.7,16.67
2025-01-18 21:00:00,43.14,1018.9,16.6
2025-01-19 07:00:00,41.7,1017.1,15.96
2025-01-19 08:00:00,41.28,1017.4,15.88
2025-01-19 09:00:00,40.92,1017.6,15.83
2025-01-19 10:00:00,40.84,1017.47,15.81
2025-01-19 11:00:00,40.6,1016.93,15.76
2025-01-19 12:00:00,40.59,1016.08,15.75
2025-01-19 13:00:00,40.72,1015.0,15.72
2025-01-19 14:00:00,40.8,1014.4,15.7
2025-01-19 15:00:00,41.05,1014.4,15.68
2025-01-19 16:00:00,41.26,1014.65,15.65
2025-01-19 17:00:00,41.54,1015.0,15.62
2025-01-19 18:00:00,42.0,1015.45,15.58
2025-01-19 19:00:00,42.57,1015.65,15.54
2025-01-19 20:00:00,43.45,1015.65,15.54
2025-01-19 21:00:00,43.82,1015.85,15.44
2025-01-20 07:00:00,47.36,1013.9,17.18
2025-01-20 08:00:00,49.55,1014.0,19.28
2025-01-20 09:00:00,47.9,1014.23,19.57
2025-01-20 10:00:00,47.13,1014.47,19.68
2025-01-20 11:00:00,50.33,1014.08,20.42
2025-01-20 12:00:00,48.77,1012.94,20.41
2025-01-20 13:00:00,46.46,1012.05,20.15
2025-01-20 14:00:00,46.11,1011.77,19.64
2025-01-20 15:00:00,48.24,1011.7,19.82
2025-01-20 16:00:00,48.01,1011.45,20.27
2025-01-20 17:00:00,48.58,1011.75,20.09
2025-01-20 18:00:00,48.37,1012.08,20.78
2025-01-20 19:00:00,49.77,1012.53,21.23
2025-01-20 20:00:00,51.71,1012.4,19.86
2025-01-20 21:00:00,52.74,1012.2,18.59
2025-01-21 07:00:00,59.87,1010.2,18.77
2025-01-21 08:00:00,59.74,1010.3,19.94
2025-01-21 09:00:00,59.52,1010.9,20.25
2025-01-21 10:00:00,59.86,1011.05,20.01
2025-01-21 11:00:00,58.22,1010.46,20.95
2025-01-21 12:00:00,57.62,1009.68,21.3
2025-01-21 13:00:00,58.01,1008.75,20.8
2025-01-21 14:00:00,59.43,1007.95,19.63
2025-01-21 15:00:00,62.29,1008.05,20.23
2025-01-21 16:00:00,61.35,1008.03,21.75
2025-01-21 17:00:00,58.59,1008.3,21.53
2025-01-21 18:00:00,58.4,1008.57,21.07
2025-01-21 19:00:00,60.21,1008.78,20.66
2025-01-21 20:00:00,60.64,1008.77,19.94
2025-01-21 21:00:00,60.13,1008.85,19.5
2025-01-22 07:00:00,54.79,1007.3,19.3
2025-01-22 08:00:00,55.68,1007.5,19.82
2025-01-22 09:00:00,55.99,1007.57,20.07
2025-01-22 10:00:00,57.6,1007.7,20.13
2025-01-22 11:00:00,59.41,1006.8,20.85
2025-01-22 12:00:00,60.25,1005.55,21.6
2025-01-22 13:00:00,57.28,1004.8,21.18
2025-01-22 14:00:00,56.54,1004.38,20.5
2025-01-22 15:00:00,45.5,1004.55,20.68
2025-01-22 16:00:00,42.94,1004.9,20.66
2025-01-22 17:00:00,44.2,1005.5,21.16
2025-01-22 18:00:00,45.68,1006.18,21.85
2025-01-22 19:00:00,47.35,1006.47,21.71
2025-01-22 20:00:00,47.86,1006.74,20.96
2025-01-22 21:00:00,48.3,1007.27,20.52
2025-01-23 07:00:00,51.96,1010.1,19.89
2025-01-23 08:00:00,52.62,1010.6,20.89
2025-01-23 09:00:00,52.33,1010.85,21.8
2025-01-23 10:00:00,50.2,1011.58,21.98
2025-01-23 11:00:00,47.61,1011.42,21.84
2025-01-23 12:00:00,49.75,1010.64,22.68
2025-01-23 13:00:00,47.63,1009.95,22.61
2025-01-23 14:00:00,47.27,1010.0,21.79
2025-01-23 15:00:00,44.97,1010.4,21.73
2025-01-23 16:00:00,43.65,1010.97,21.92
2025-01-23 17:00:00,46.76,1011.25,21.86
2025-01-23 18:00:00,48.29,1011.82,21.97
2025-01-23 19:00:00,47.79,1012.7,22.1
2025-01-23 20:00:00,48.32,1013.43,21.75
2025-01-23 21:00:00,48.68,1013.93,21.5
2025-01-24 07:00:00,52.73,1015.65,20.9
2025-01-24 08:00:00,55.36,1016.15,21.74
2025-01-24 09:00:00,54.92,1016.6,22.28
2025-01-24 10:00:00,52.45,1016.67,21.83
2025-01-24 11:00:00,49.5,1015.97,21.78
2025-01-24 12:00:00,48.93,1015.18,21.85
2025-01-24 13:00:00,49.06,1013.99,21.65
2025-01-24 14:00:00,47.75,1013.52,21.41
2025-01-24 15:00:00,46.15,1013.25,21.28
2025-01-24 16:00:00,45.9,1012.97,21.13
2025-01-24 17:00:00,46.13,1013.2,21.09
2025-01-24 18:00:00,46.12,1013.15,21.01
2025-01-24 19:00:00,46.46,1012.9,20.96
2025-01-24 20:00:00,46.38,1013.0,20.92
2025-01-24 21:00:00,46.81,1012.9,20.9
2025-01-25 07:00:00,48.02,1011.63,20.34
2025-01-25 08:00:00,48.19,1011.75,20.26
2025-01-25 09:00:00,48.48,1012.2,20.25
2025-01-25 10:00:00,48.62,1012.1,20.22
2025-01-25 11:00:00,48.92,1011.52,20.18
2025-01-25 12:00:00,48.3,1010.82,20.08
2025-01-25 13:00:00,47.33,1010.5,20.04
2025-01-25 14:00:00,46.61,1010.35,20.01
2025-01-25 15:00:00,46.96,1010.79,19.96
2025-01-25 16:00:00,47.52,1011.13,19.93
2025-01-25 17:00:00,48.11,1011.67,19.88
2025-01-25 18:00:00,48.14,1012.53,19.9
2025-01-25 19:00:00,48.07,1013.2,19.89
2025-01-25 20:00:00,47.84,1013.7,19.84
2025-01-25 21:00:00,47.58,1014.78,19.8
2025-01-26 07:00:00,47.31,1016.3,19.33
2025-01-26 08:00:00,47.42,1016.57,19.27
2025-01-26 09:00:00,47.36,1015.95,19.21
2025-01-26 10:00:00,47.28,1016.05,19.16
2025-01-26 11:00:00,46.94,1015.5,19.13
2025-01-26 12:00:00,46.29,1014.56,19.09
2025-01-26 13:00:00,46.0,1013.32,19.09
2025-01-26 14:00:00,46.18,1012.24,19.09
2025-01-26 15:00:00,46.79,1011.7,19.12
2025-01-26 16:00:00,47.36,1011.55,19.11
2025-01-26 17:00:00,48.06,1011.55,19.11
2025-01-26 18:00:00,48.24,1011.53,19.08
2025-01-26 19:00:00,48.38,1011.62,19.06
2025-01-26 20:00:00,48.67,1011.6,19.06
2025-01-26 21:00:00,48.97,1010.88,19.05
2025-01-27 07:00:00,58.17,1006.5,19.95
2025-01-27 08:00:00,57.06,1006.73,20.51
2025-01-27 09:00:00,54.88,1006.59,21.3
2025-01-27 10:00:00,54.11,1006.23,21.65
2025-01-27 11:00:00,50.17,1004.99,22.45
2025-01-27 12:00:00,48.25,1003.63,23.01
2025-01-27 13:00:00,49.38,1003.08,22.22
2025-01-27 14:00:00,48.26,1004.0,21.66
2025-01-27 15:00:00,52.43,1003.45,21.71
2025-01-27 16:00:00,53.64,1002.94,21.99
2025-01-27 17:00:00,54.47,1003.18,21.93
2025-01-27 18:00:00,55.33,1003.5,22.12
2025-01-27 19:00:00,54.54,1004.13,22.24
2025-01-27 20:00:00,50.25,1004.4,21.68
2025-01-27 21:00:00,46.86,1004.91,21.19
2025-01-28 07:00:00,41.61,1010.86,20.0
2025-01-28 08:00:00,44.31,1012.79,21.58
2025-01-28 09:00:00,40.53,1012.54,21.86
2025-01-28 10:00:00,37.49,1012.62,20.8
2025-01-28 11:00:00,39.1,1012.73,21.32
2025-01-28 12:00:00,37.59,1012.17,21.48
2025-01-28 13:00:00,31.24,1011.86,20.46
2025-01-28 14:00:00,30.84,1012.59,19.89
2025-01-28 15:00:00,32.57,1013.08,19.88
2025-01-28 16:00:00,35.28,1013.88,20.56
2025-01-28 17:00:00,34.57,1015.14,20.84
2025-01-28 18:00:00,34.76,1016.37,21.1
2025-01-28 19:00:00,36.15,1017.25,21.66
2025-01-28 20:00:00,36.12,1017.48,21.15
2025-01-28 21:00:00,35.93,1018.51,20.47
2025-01-29 07:00:00,43.49,1017.51,20.05
2025-01-29 08:00:00,52.28,1017.4,21.14
2025-01-29 09:00:00,48.93,1017.47,21.2
2025-01-29 10:00:00,44.73,1016.96,20.87
2025-01-29 11:00:00,43.95,1015.88,21.11
2025-01-29 12:00:00,38.61,1014.24,20.48
2025-01-29 13:00:00,37.8,1012.7,20.3
2025-01-29 14:00:00,37.23,1011.83,20.19
2025-01-29 15:00:00,40.14,1010.33,20.54
2025-01-29 16:00:00,44.77,1009.1,21.21
2025-01-29 17:00:00,44.22,1008.57,21.48
2025-01-29 18:00:00,44.84,1007.93,21.57
2025-01-29 19:00:00,47.35,1007.6,21.74
2025-01-29 20:00:00,45.09,1007.35,21.38
2025-01-29 21:00:00,43.09,1006.87,20.68
2025-01-30 07:00:00,40.94,1009.25,19.72
2025-01-30 08:00:00,43.68,1010.02,20.6
2025-01-30 09:00:00,42.71,1010.92,21.32
2025-01-30 10:00:00,38.67,1011.34,21.24
2025-01-30 11:00:00,34.58,1011.23,20.75
2025-01-30 12:00:00,34.8,1010.98,21.08
2025-01-30 13:00:00,32.28,1010.85,20.51
2025-01-30 14:00:00,32.67,1011.3,20.48
2025-01-30 15:00:00,37.92,1011.67,20.73
2025-01-30 16:00:00,38.76,1012.15,21.21
2025-01-30 17:00:00,38.02,1012.8,20.98
2025-01-30 18:00:00,34.36,1013.68,20.6
2025-01-30 19:00:00,35.49,1014.54,20.71
2025-01-30 20:00:00,35.43,1015.63,20.34
2025-01-30 21:00:00,35.25,1016.56,19.95
2025-01-31 07:00:00,37.55,1021.32,19.36
2025-01-31 08:00:00,41.51,1021.9,20.85
2025-01-31 09:00:00,38.24,1022.6,21.12
2025-01-31 10:00:00,36.27,1023.12,20.91
2025-01-31 11:00:00,40.12,1022.68,21.18
2025-01-31 12:00:00,41.43,1021.86,21.42
2025-01-31 13:00:00,37.79,1020.95,20.78
2025-01-31 14:00:00,36.67,1020.5,20.26
2025-01-31 15:00:00,37.74,1020.38,20.07
2025-01-31 16:00:00,39.52,1020.38,19.95
2025-01-31 17:00:00,41.87,1021.0,19.77
2025-01-31 18:00:00,43.36,1021.67,19.6
2025-01-31 19:00:00,44.81,1021.67,19.53
2025-01-31 20:00:00,44.21,1021.7,19.53
2025-01-31 21:00:00,44.26,1021.95,19.48
2025-02-01 07:00:00,37.4,1018.17,18.53
2025-02-01 08:00:00,36.74,1018.15,18.43
2025-02-01 09:00:00,36.51,1018.0,18.36
2025-02-01 10:00:00,36.34,1017.58,18.31
2025-02-01 11:00:00,36.34,1016.48,18.28
2025-02-01 12:00:00,36.11,1015.12,18.26
2025-02-01 13:00:00,36.25,1013.68,18.26
2025-02-01 14:00:00,36.43,1013.2,18.27
2025-02-01 15:00:00,36.47,1014.26,18.19
2025-02-01 16:00:00,38.87,1015.22,18.09
2025-02-01 17:00:00,40.24,1015.4,18.09
2025-02-01 18:00:00,41.84,1015.97,18.05
2025-02-01 19:00:00,42.76,1016.55,17.94
2025-02-01 20:00:00,43.52,1016.8,17.9
2025-02-01 21:00:00,43.9,1017.0,17.88
2025-02-02 07:00:00,42.56,1015.5,16.87
2025-02-02 08:00:00,41.88,1015.57,16.79
2025-02-02 09:00:00,41.35,1015.5,16.66
2025-02-02 10:00:00,41.69,1015.13,16.74
2025-02-02 11:00:00,42.04,1014.73,16.84
2025-02-02 12:00:00,41.9,1014.35,16.9
2025-02-02 13:00:00,41.74,1014.05,16.91
2025-02-02 14:00:00,41.76,1014.2,16.86
2025-02-02 15:00:00,41.79,1014.2,16.83
2025-02-02 16:00:00,41.81,1014.45,16.89
2025-02-02 17:00:00,41.87,1015.02,16.86
2025-02-02 18:00:00,42.27,1015.63,16.79
2025-02-02 19:00:00,42.82,1016.23,16.73
2025-02-02 20:00:00,43.32,1016.75,16.71
2025-02-02 21:00:00,43.45,1017.2,16.59
2025-02-03 07:00:00,39.7,1019.35,16.72
2025-02-03 08:00:00,38.43,1019.73,17.11
2025-02-03 09:00:00,41.4,1019.95,17.74
2025-02-03 10:00:00,42.48,1020.25,18.49
2025-02-03 11:00:00,41.94,1019.9,19.24
2025-02-03 12:00:00,41.86,1019.23,19.6
2025-02-03 13:00:00,37.62,1018.67,19.05
2025-02-03 14:00:00,35.84,1018.67,18.83
2025-02-03 15:00:00,38.62,1018.7,19.17
2025-02-03 16:00:00,38.18,1018.8,19.63
2025-02-03 17:00:00,38.33,1019.13,19.32
2025-02-03 18:00:00,40.58,1019.75,19.4
2025-02-03 19:00:00,41.34,1020.3,19.39
2025-02-03 20:00:00,41.23,1020.82,18.88
2025-02-03 21:00:00,41.14,1021.4,18.38
2025-02-04 07:00:00,44.64,1023.23,18.11
2025-02-04 08:00:00,45.25,1023.6,19.01
2025-02-04 09:00:00,40.6,1024.07,19.37
2025-02-04 10:00:00,39.98,1024.0,18.93
2025-02-04 11:00:00,44.25,1023.45,19.61
2025-02-04 12:00:00,41.12,1022.62,19.56
2025-02-04 13:00:00,36.75,1021.85,19.29
2025-02-04 14:00:00,34.65,1021.45,19.03
2025-02-04 15:00:00,41.78,1021.3,19.5
2025-02-04 16:00:00,46.43,1021.83,20.18
2025-02-04 17:00:00,41.74,1022.55,20.24
2025-02-04 18:00:00,38.57,1023.44,19.54
2025-02-04 19:00:00,39.49,1024.27,19.17
2025-02-04 20:00:00,41.62,1024.9,18.98
2025-02-04 21:00:00,42.92,1025.53,18.8
2025-02-05 07:00:00,41.79,1027.87,18.48
2025-02-05 08:00:00,42.99,1028.4,19.58
2025-02-05 09:00:00,43.66,1028.55,20.3
2025-02-05 10:00:00,37.91,1028.7,19.93
2025-02-05 11:00:00,40.99,1028.17,20.11
2025-02-05 12:00:00,39.53,1027.65,20.06
2025-02-05 13:00:00,37.54,1026.85,19.63
2025-02-05 14:00:00,35.28,1026.43,19.18
2025-02-05 15:00:00,42.56,1026.05,19.7
2025-02-05 16:00:00,45.05,1026.27,20.25
2025-02-05 17:00:00,43.6,1026.85,20.34
2025-02-05 18:00:00,43.92,1027.1,20.38
2025-02-05 19:00:00,44.44,1027.3,19.94
2025-02-05 20:00:00,44.9,1027.55,19.42
2025-02-05 21:00:00,44.89,1027.8,19.19
2025-02-06 07:00:00,40.61,1026.6,18.6
2025-02-06 08:00:00,43.53,1026.7,19.92
2025-02-06 09:00:00,41.82,1026.4,20.55
2025-02-06 10:00:00,37.34,1026.2,19.92
2025-02-06 11:00:00,41.99,1025.65,20.42
2025-02-06 12:00:00,42.42,1024.66,20.83
2025-02-06 13:00:00,41.47,1023.6,20.61
2025-02-06 14:00:00,40.85,1022.67,20.01
2025-02-06 15:00:00,40.86,1022.2,20.24
2025-02-06 16:00:00,42.25,1021.6,20.74
2025-02-06 17:00:00,42.39,1021.8,20.69
2025-02-06 18:00:00,43.11,1021.77,20.09
2025-02-06 19:00:00,43.8,1021.8,19.68
2025-02-06 20:00:00,43.6,1021.7,19.43
2025-02-06 21:00:00,43.54,1021.25,19.26
2025-02-07 07:00:00,49.02,1017.0,19.26
2025-02-07 08:00:00,55.02,1017.0,20.56
2025-02-07 09:00:00,53.04,1016.73,21.11
2025-02-07 10:00:00,43.95,1016.22,20.63
2025-02-07 11:00:00,41.33,1015.24,20.49
2025-02-07 12:00:00,39.09,1014.02,20.4
2025-02-07 13:00:00,33.18,1012.86,19.72
2025-02-07 14:00:00,35.41,1011.92,19.24
2025-02-07 15:00:00,43.63,1011.4,19.03
2025-02-07 16:00:00,42.32,1011.6,18.84
2025-02-07 17:00:00,40.1,1011.85,18.78
2025-02-07 18:00:00,42.28,1012.33,18.47
2025-02-07 19:00:00,44.04,1012.53,18.17
2025-02-07 20:00:00,43.11,1013.0,18.42
2025-02-07 21:00:00,42.49,1013.0,18.46
2025-02-08 07:00:00,45.71,1014.26,18.09
2025-02-08 08:00:00,45.7,1015.08,17.99
2025-02-08 09:00:00,45.71,1015.7,17.99
2025-02-08 10:00:00,41.62,1016.02,17.75
2025-02-08 11:00:00,36.34,1016.2,17.6
2025-02-08 12:00:00,34.51,1015.87,17.59
2025-02-08 13:00:00,31.54,1015.33,17.69
2025-02-08 14:00:00,30.71,1015.37,17.74
2025-02-08 15:00:00,33.58,1015.83,17.9
2025-02-08 16:00:00,35.48,1016.42,18.0
2025-02-08 17:00:00,37.23,1017.69,18.0
2025-02-08 18:00:00,38.94,1019.04,17.97
2025-02-08 19:00:00,40.77,1019.75,17.97
2025-02-08 20:00:00,41.4,1020.48,17.98
2025-02-08 21:00:00,42.86,1021.0,17.95
2025-02-09 07:00:00,42.88,1021.7,17.38
2025-02-09 08:00:00,41.84,1021.95,17.26
2025-02-09 09:00:00,41.05,1021.85,17.16
2025-02-09 10:00:00,41.05,1022.1,17.23
2025-02-09 11:00:00,40.99,1021.45,17.27
2025-02-09 12:00:00,41.17,1020.73,17.33
2025-02-09 13:00:00,41.47,1020.12,17.3
2025-02-09 14:00:00,41.61,1020.12,17.33
2025-02-09 15:00:00,42.2,1019.9,17.38
2025-02-09 16:00:00,42.8,1019.9,17.39
2025-02-09 17:00:00,43.38,1020.35,17.31
2025-02-09 18:00:00,44.27,1020.65,17.38
2025-02-09 19:00:00,44.98,1020.93,17.37
2025-02-09 20:00:00,45.53,1020.93,17.3
2025-02-09 21:00:00,45.46,1020.85,17.34
2025-02-10 07:00:00,48.73,1019.37,18.34
2025-02-10 08:00:00,53.77,1019.6,19.65
2025-02-10 09:00:00,55.09,1019.85,20.41
2025-02-10 10:00:00,50.58,1019.95,20.23
2025-02-10 11:00:00,48.78,1019.4,20.16
2025-02-10 12:00:00,49.28,1018.54,20.33
2025-02-10 13:00:00,49.33,1017.6,19.95
2025-02-10 14:00:00,50.36,1016.98,19.26
2025-02-10 15:00:00,56.77,1017.0,19.4
2025-02-10 16:00:00,57.81,1016.93,19.68
2025-02-10 17:00:00,56.66,1016.97,19.68
2025-02-10 18:00:00,58.58,1017.05,20.07
2025-02-10 19:00:00,59.62,1017.2,20.34
2025-02-10 20:00:00,58.07,1017.3,19.87
2025-02-10 21:00:00,56.14,1017.1,19.24
2025-02-11 07:00:00,54.86,1015.75,19.24
2025-02-11 08:00:00,53.9,1016.15,20.42
2025-02-11 09:00:00,52.44,1016.1,20.32
2025-02-11 10:00:00,53.88,1015.9,20.05
2025-02-11 11:00:00,53.0,1015.22,20.57
2025-02-11 12:00:00,50.9,1014.42,20.74
2025-02-11 13:00:00,50.4,1013.58,20.57
2025-02-11 14:00:00,51.62,1012.85,20.05
2025-02-11 15:00:00,55.28,1012.5,20.38
2025-02-11 16:00:00,53.47,1012.5,20.76
2025-02-11 17:00:00,53.05,1012.85,20.46
2025-02-11 18:00:00,54.86,1013.3,20.56
2025-02-11 19:00:00,54.52,1013.45,20.43
2025-02-11 20:00:00,54.04,1013.55,20.07
2025-02-11 21:00:00,54.02,1013.4,19.8
2025-02-12 07:00:00,54.02,1010.4,19.9
2025-02-12 08:00:00,56.22,1010.2,20.73
2025-02-12 09:00:00,60.7,1010.5,21.18
2025-02-12 10:00:00,58.62,1010.6,21.02
2025-02-12 11:00:00,56.5,1010.27,20.45
2025-02-12 12:00:00,56.2,1009.65,20.86
2025-02-12 13:00:00,55.59,1008.72,20.72
2025-02-12 14:00:00,55.16,1008.52,20.31
2025-02-12 15:00:00,57.4,1009.1,20.39
2025-02-12 16:00:00,57.81,1009.8,20.74
2025-02-12 17:00:00,59.06,1010.88,20.79
2025-02-12 18:00:00,59.77,1011.83,20.99
2025-02-12 19:00:00,61.54,1012.63,21.18
2025-02-12 20:00:00,60.46,1012.95,20.79
2025-02-12 21:00:00,55.86,1013.2,20.34
2025-02-13 07:00:00,46.87,1015.73,19.59
2025-02-13 08:00:00,46.03,1016.33,20.18
2025-02-13 09:00:00,47.5,1016.4,20.82
2025-02-13 10:00:00,42.44,1016.43,20.48
2025-02-13 11:00:00,41.67,1016.03,20.99
2025-02-13 12:00:00,40.43,1015.23,21.29
2025-02-13 13:00:00,40.08,1014.6,21.39
2025-02-13 14:00:00,39.68,1014.2,21.1
2025-02-13 15:00:00,41.54,1013.9,20.81
2025-02-13 16:00:00,43.07,1014.0,20.9
2025-02-13 17:00:00,44.5,1014.25,20.85
2025-02-13 18:00:00,45.67,1014.75,20.88
2025-02-13 19:00:00,45.42,1015.0,20.66
2025-02-13 20:00:00,45.69,1015.15,20.39
2025-02-13 21:00:00,46.25,1015.3,20.23
2025-02-14 07:00:00,49.45,1013.75,20.39
2025-02-14 08:00:00,55.16,1013.85,21.32
2025-02-14 09:00:00,55.34,1013.6,21.56
2025-02-14 10:00:00,48.23,1013.45,21.1
2025-02-14 11:00:00,51.54,1012.87,21.8
2025-02-14 12:00:00,50.8,1011.7,22.12
2025-02-14 13:00:00,48.42,1010.58,21.83
2025-02-14 14:00:00,47.68,1010.0,21.24
2025-02-14 15:00:00,48.39,1009.7,21.03
2025-02-14 16:00:00,49.42,1009.65,20.9
2025-02-14 17:00:00,49.37,1010.0,20.71
2025-02-14 18:00:00,50.45,1010.4,20.52
2025-02-14 19:00:00,51.12,1010.65,20.43
2025-02-14 20:00:00,51.14,1010.9,20.39
2025-02-14 21:00:00,50.95,1010.9,20.31
2025-02-15 07:00:00,50.63,1012.0,19.66
2025-02-15 08:00:00,50.87,1012.4,19.54
2025-02-15 09:00:00,51.91,1012.83,19.43
2025-02-15 10:00:00,51.92,1012.8,19.44
2025-02-15 11:00:00,52.0,1012.13,19.47
2025-02-15 12:00:00,52.02,1011.22,19.44
2025-02-15 13:00:00,52.05,1010.28,19.46
2025-02-15 14:00:00,52.31,1009.6,19.47
2025-02-15 15:00:00,52.84,1009.8,19.45
2025-02-15 16:00:00,53.15,1009.8,19.42
2025-02-15 17:00:00,54.06,1010.25,19.39
2025-02-15 18:00:00,54.7,1010.5,19.36
2025-02-15 19:00:00,55.08,1010.6,19.36
2025-02-15 20:00:00,55.5,1010.7,19.35
2025-02-15 21:00:00,55.97,1010.7,19.33
2025-02-16 07:00:00,52.22,1009.7,18.9
2025-02-16 08:00:00,52.24,1009.7,18.79
2025-02-16 09:00:00,52.44,1010.15,18.76
2025-02-16 10:00:00,52.59,1009.95,18.76
2025-02-16 11:00:00,52.69,1009.45,18.79
2025-02-16 12:00:00,52.96,1008.62,18.79
2025-02-16 13:00:00,53.33,1007.87,18.84
2025-02-16 14:00:00,54.09,1007.5,18.89
2025-02-16 15:00:00,54.34,1007.65,18.94
2025-02-16 16:00:00,54.83,1008.05,18.92
2025-02-16 17:00:00,55.12,1008.78,18.92
2025-02-16 18:00:00,55.87,1009.82,18.86
2025-02-16 19:00:00,56.84,1010.2,18.82
2025-02-16 20:00:00,57.06,1010.55,18.82
2025-02-16 21:00:00,57.3,1010.75,18.79
2025-02-17 07:00:00,59.73,1010.63,19.49
2025-02-17 08:00:00,58.82,1011.2,20.46
2025-02-17 09:00:00,58.11,1011.25,21.15
2025-02-17 10:00:00,57.75,1011.25,21.29
2025-02-17 11:00:00,56.02,1010.85,21.3
2025-02-17 12:00:00,53.59,1010.4,21.23
2025-02-17 13:00:00,53.08,1009.9,20.92
2025-02-17 14:00:00,56.49,1009.7,20.23
2025-02-17 15:00:00,60.19,1009.87,20.51
2025-02-17 16:00:00,59.28,1010.1,21.12
2025-02-17 17:00:00,58.49,1010.45,21.39
2025-02-17 18:00:00,58.92,1011.07,21.77
2025-02-17 19:00:00,61.62,1011.53,21.9
2025-02-17 20:00:00,60.07,1011.8,21.29
2025-02-17 21:00:00,58.34,1012.27,20.75
2025-02-18 07:00:00,55.75,1012.17,20.29
2025-02-18 08:00:00,54.5,1012.2,21.12
2025-02-18 09:00:00,53.4,1012.3,21.7
2025-02-18 10:00:00,50.14,1012.25,21.18
2025-02-18 11:00:00,52.52,1011.97,21.24
2025-02-18 12:00:00,53.98,1011.2,21.53
2025-02-18 13:00:00,53.13,1010.22,21.44
2025-02-18 14:00:00,53.13,1009.85,20.95
2025-02-18 15:00:00,57.2,1009.9,21.34
2025-02-18 16:00:00,59.08,1010.2,21.62
2025-02-18 17:00:00,58.28,1010.45,21.4
2025-02-18 18:00:00,59.98,1010.73,21.64
2025-02-18 19:00:00,59.36,1011.25,21.69
2025-02-18 20:00:00,58.03,1011.5,21.34
2025-02-18 21:00:00,57.67,1012.0,20.99
2025-02-19 07:00:00,57.95,1014.2,20.13
2025-02-19 08:00:00,57.27,1014.97,20.9
2025-02-19 09:00:00,57.17,1015.33,21.54
2025-02-19 10:00:00,56.53,1015.7,21.47
2025-02-19 11:00:00,56.09,1015.6,21.74
2025-02-19 12:00:00,54.79,1015.3,21.67
2025-02-19 13:00:00,53.74,1015.1,21.18
2025-02-19 14:00:00,55.09,1015.44,21.04
2025-02-19 15:00:00,58.4,1015.85,21.38
2025-02-19 16:00:00,56.82,1016.54,21.53
2025-02-19 17:00:00,57.8,1017.65,21.42
2025-02-19 18:00:00,58.25,1018.45,21.72
2025-02-19 19:00:00,57.59,1019.18,21.87
2025-02-19 20:00:00,56.88,1020.03,21.42
2025-02-19 21:00:00,56.38,1020.4,21.05
2025-02-20 07:00:00,53.34,1022.43,20.56
2025-02-20 08:00:00,53.76,1023.0,20.92
2025-02-20 09:00:00,52.26,1023.2,21.36
2025-02-20 10:00:00,51.73,1023.0,20.99
2025-02-20 11:00:00,53.98,1022.73,21.48
2025-02-20 12:00:00,52.84,1022.13,21.8
2025-02-20 13:00:00,51.48,1021.43,21.59
2025-02-20 14:00:00,51.78,1021.2,21.03
2025-02-20 15:00:00,54.65,1021.4,21.4
2025-02-20 16:00:00,53.57,1021.7,21.72
2025-02-20 17:00:00,53.72,1022.23,21.58
2025-02-20 18:00:00,54.38,1022.7,21.71
2025-02-20 19:00:00,54.16,1022.95,21.78
2025-02-20 20:00:00,53.66,1023.2,21.4
2025-02-20 21:00:00,53.86,1023.5,21.1
2025-02-21 07:00:00,59.04,1021.9,21.16
2025-02-21 08:00:00,57.38,1021.8,21.74
2025-02-21 09:00:00,56.56,1021.85,21.77
2025-02-21 10:00:00,56.71,1021.7,21.38
2025-02-21 11:00:00,58.06,1021.02,21.51
2025-02-21 12:00:00,56.44,1020.0,21.52
2025-02-21 13:00:00,55.09,1018.8,21.22
2025-02-21 14:00:00,54.03,1017.87,21.11
2025-02-21 15:00:00,54.45,1017.25,21.01
2025-02-21 16:00:00,55.62,1016.8,20.88
2025-02-21 17:00:00,56.25,1017.0,20.85
2025-02-21 18:00:00,56.78,1016.8,20.76
2025-02-21 19:00:00,56.94,1016.95,20.68
2025-02-21 20:00:00,56.94,1016.9,20.67
2025-02-21 21:00:00,56.82,1016.48,20.64
2025-02-22 07:00:00,53.07,1015.22,20.01
2025-02-22 08:00:00,53.19,1016.1,19.97
2025-02-22 09:00:00,53.61,1016.1,19.94
2025-02-22 10:00:00,54.04,1015.7,19.91
2025-02-22 11:00:00,54.1,1015.35,19.92
2025-02-22 12:00:00,54.19,1014.9,19.9
2025-02-22 13:00:00,54.01,1014.53,19.92
2025-02-22 14:00:00,54.51,1014.53,19.92
2025-02-22 15:00:00,55.14,1015.05,19.84
2025-02-22 16:00:00,55.22,1015.1,19.85
2025-02-22 17:00:00,56.03,1016.0,19.81
2025-02-22 18:00:00,56.7,1017.18,19.79
2025-02-22 19:00:00,57.86,1017.9,19.72
2025-02-22 20:00:00,58.44,1018.76,19.67
2025-02-22 21:00:00,57.86,1019.4,19.6
2025-02-23 07:00:00,57.62,1023.56,19.23
2025-02-23 08:00:00,57.71,1024.65,19.2
2025-02-23 09:00:00,56.99,1024.8,19.14
2025-02-23 10:00:00,57.05,1024.9,19.12
2025-02-23 11:00:00,56.92,1024.9,19.14
2025-02-23 12:00:00,56.54,1024.45,19.13
2025-02-23 13:00:00,55.69,1024.15,19.11
2025-02-23 14:00:00,54.25,1023.83,19.11
2025-02-23 15:00:00,53.04,1023.9,19.06
2025-02-23 16:00:00,52.88,1024.2,19.1
2025-02-23 17:00:00,52.53,1024.8,19.14
2025-02-23 18:00:00,52.14,1025.4,19.08
2025-02-23 19:00:00,51.99,1026.0,19.07
2025-02-23 20:00:00,51.69,1026.47,19.01
2025-02-23 21:00:00,51.35,1026.9,18.98
2025-02-24 07:00:00,51.64,1024.87,19.55
2025-02-24 08:00:00,55.66,1025.1,20.73
2025-02-24 09:00:00,54.3,1025.0,21.39
2025-02-24 10:00:00,52.94,1024.6,21.41
2025-02-24 11:00:00,52.53,1023.64,21.45
2025-02-24 12:00:00,47.27,1022.34,21.47
2025-02-24 13:00:00,43.44,1021.0,21.11
2025-02-24 14:00:00,41.23,1019.95,20.52
2025-02-24 15:00:00,44.57,1019.4,20.84
2025-02-24 16:00:00,42.65,1019.57,21.27
2025-02-24 17:00:00,41.1,1019.35,21.33
2025-02-24 18:00:00,41.76,1019.2,20.97
2025-02-24 19:00:00,43.1,1019.25,20.9
2025-02-24 20:00:00,42.32,1019.6,20.58
2025-02-24 21:00:00,41.93,1019.6,20.26
2025-02-25 07:00:00,44.34,1016.82,20.08
2025-02-25 08:00:00,42.32,1017.26,20.54
2025-02-25 09:00:00,41.33,1017.32,20.81
2025-02-25 10:00:00,43.48,1017.33,20.86
2025-02-25 11:00:00,45.2,1016.96,21.12
2025-02-25 12:00:00,44.8,1016.02,20.5
2025-02-25 13:00:00,45.04,1015.35,20.05
2025-02-25 14:00:00,45.02,1015.3,19.96
2025-02-25 15:00:00,49.59,1015.3,20.54
2025-02-25 16:00:00,53.87,1015.85,21.26
2025-02-25 17:00:00,51.71,1016.63,21.2
2025-02-25 18:00:00,50.48,1017.65,21.56
2025-02-25 19:00:00,48.53,1018.95,21.48
2025-02-25 20:00:00,43.98,1019.4,20.87
2025-02-25 21:00:00,42.94,1019.87,20.59
2025-02-26 07:00:00,40.38,1021.87,19.82
2025-02-26 08:00:00,44.73,1022.25,20.91
2025-02-26 09:00:00,45.42,1022.2,21.41
2025-02-26 10:00:00,41.47,1022.0,21.01
2025-02-26 11:00:00,34.86,1021.12,20.98
2025-02-26 12:00:00,34.93,1019.86,21.09
2025-02-26 13:00:00,32.77,1018.6,20.78
2025-02-26 14:00:00,29.51,1017.6,20.37
2025-02-26 15:00:00,35.87,1017.25,20.55
2025-02-26 16:00:00,37.9,1017.3,20.78
2025-02-26 17:00:00,42.02,1017.1,20.92
2025-02-26 18:00:00,43.94,1017.3,20.98
2025-02-26 19:00:00,45.47,1017.6,21.11
2025-02-26 20:00:00,45.55,1017.9,20.58
2025-02-26 21:00:00,45.53,1018.05,20.36
2025-02-27 07:00:00,38.81,1015.78,19.58
2025-02-27 08:00:00,37.7,1016.05,20.1
2025-02-27 09:00:00,41.23,1015.92,20.98
2025-02-27 10:00:00,40.86,1015.77,21.26
2025-02-27 11:00:00,41.36,1015.4,21.47
2025-02-27 12:00:00,40.88,1014.62,21.69
2025-02-27 13:00:00,37.85,1013.77,20.96
2025-02-27 14:00:00,37.07,1013.47,20.54
2025-02-27 15:00:00,38.02,1013.2,20.52
2025-02-27 16:00:00,38.41,1013.27,20.56
2025-02-27 17:00:00,43.38,1013.7,20.58
2025-02-27 18:00:00,45.42,1014.4,20.7
2025-02-27 19:00:00,45.74,1014.78,20.55
2025-02-27 20:00:00,45.11,1015.0,20.45
2025-02-27 21:00:00,44.51,1015.2,20.13
2025-02-28 07:00:00,41.19,1014.5,19.58
2025-02-28 08:00:00,41.67,1014.83,20.21
2025-02-28 09:00:00,45.56,1014.83,20.88
2025-02-28 10:00:00,48.14,1014.6,20.8
2025-02-28 11:00:00,52.16,1014.2,20.83
2025-02-28 12:00:00,52.65,1013.62,20.66
2025-02-28 13:00:00,52.34,1012.88,20.15
2025-02-28 14:00:00,52.42,1012.3,19.88
2025-02-28 15:00:00,52.62,1012.02,19.82
2025-02-28 16:00:00,52.93,1012.0,19.92
2025-02-28 17:00:00,52.98,1012.2,19.94
2025-02-28 18:00:00,53.5,1012.33,19.99
2025-02-28 19:00:00,53.09,1012.2,20.0
2025-02-28 20:00:00,52.96,1012.1,19.81
2025-02-28 21:00:00,52.9,1012.3,19.74
2025-03-01 07:00:00,52.58,1011.23,18.94
2025-03-01 08:00:00,52.97,1011.73,18.88
2025-03-01 09:00:00,53.08,1012.1,18.8
2025-03-01 10:00:00,52.91,1012.1,18.7
2025-03-01 11:00:00,52.94,1012.25,18.66
2025-03-01 12:00:00,51.65,1012.2,18.6
2025-03-01 13:00:00,50.36,1011.8,18.55
2025-03-01 14:00:00,50.05,1012.05,18.52
2025-03-01 15:00:00,49.5,1012.2,18.49
2025-03-01 16:00:00,49.25,1012.55,18.47
2025-03-01 17:00:00,48.53,1013.07,18.42
2025-03-01 18:00:00,48.2,1013.63,18.38
2025-03-01 19:00:00,48.56,1013.95,18.42
2025-03-01 20:00:00,49.13,1014.2,18.34
2025-03-01 21:00:00,49.66,1014.6,18.41
2025-03-02 07:00:00,48.65,1015.95,17.83
2025-03-02 08:00:00,48.16,1016.6,17.8
2025-03-02 09:00:00,47.87,1016.47,17.64
2025-03-02 10:00:00,47.62,1016.77,17.52
2025-03-02 11:00:00,48.04,1016.42,17.46
2025-03-02 12:00:00,49.03,1016.1,17.42
2025-03-02 13:00:00,50.52,1015.73,17.37
2025-03-02 14:00:00,51.58,1015.55,17.31
2025-03-02 15:00:00,52.7,1015.4,17.27
2025-03-02 16:00:00,53.52,1015.6,17.27
2025-03-02 17:00:00,54.32,1015.9,17.23
2025-03-02 18:00:00,55.95,1016.3,17.15
2025-03-02 19:00:00,57.11,1016.2,17.18
2025-03-02 20:00:00,57.62,1016.55,17.14
2025-03-02 21:00:00,58.14,1016.43,17.15
2025-03-03 07:00:00,62.39,1014.85,17.89
2025-03-03 08:00:00,62.17,1014.88,18.29
2025-03-03 09:00:00,65.64,1014.84,18.91
2025-03-03 10:00:00,67.61,1014.43,19.53
2025-03-03 11:00:00,69.25,1014.5,20.29
2025-03-03 12:00:00,68.58,1013.77,20.61
2025-03-03 13:00:00,66.96,1013.15,19.86
2025-03-03 14:00:00,66.65,1012.87,19.7
2025-03-03 15:00:00,68.47,1012.85,19.5
2025-03-03 16:00:00,68.11,1012.85,19.93
2025-03-03 17:00:00,66.42,1013.07,19.96
2025-03-03 18:00:00,66.33,1013.67,20.2
2025-03-03 19:00:00,65.73,1013.67,20.02
2025-03-03 20:00:00,65.28,1013.9,19.46
2025-03-03 21:00:00,65.5,1014.1,19.26
2025-03-04 07:00:00,66.04,1014.35,18.15
2025-03-04 08:00:00,67.09,1014.68,17.93
2025-03-04 09:00:00,67.87,1014.9,17.82
2025-03-04 10:00:00,67.43,1015.05,17.73
2025-03-04 11:00:00,67.81,1014.82,17.62
2025-03-04 12:00:00,68.46,1014.23,17.57
2025-03-04 13:00:00,69.03,1013.77,17.56
2025-03-04 14:00:00,69.51,1013.5,17.46
2025-03-04 15:00:00,69.7,1013.7,17.42
2025-03-04 16:00:00,69.46,1013.8,17.35
2025-03-04 17:00:00,68.72,1013.9,17.22
2025-03-04 18:00:00,68.85,1014.3,17.13
2025-03-04 19:00:00,68.84,1014.3,17.13
2025-03-04 20:00:00,69.35,1014.55,17.08
2025-03-04 21:00:00,69.62,1014.78,17.0
2025-03-05 07:00:00,72.39,1014.35,16.98
2025-03-05 08:00:00,71.97,1014.85,16.98
2025-03-05 09:00:00,71.87,1015.15,16.85
2025-03-05 10:00:00,72.34,1015.0,16.8
2025-03-05 11:00:00,72.45,1014.7,16.68
2025-03-05 12:00:00,72.2,1014.07,16.63
2025-03-05 13:00:00,72.37,1013.5,16.51
2025-03-05 14:00:00,72.81,1013.1,16.42
2025-03-05 15:00:00,73.07,1013.1,16.41
2025-03-05 16:00:00,73.21,1012.8,16.36
2025-03-05 17:00:00,74.02,1013.1,16.37
2025-03-05 18:00:00,74.76,1013.2,16.37
2025-03-05 19:00:00,75.16,1013.1,16.41
2025-03-05 20:00:00,75.19,1013.3,16.42
2025-03-05 21:00:00,75.12,1013.5,16.44
2025-03-06 07:00:00,76.5,1011.6,16.44
2025-03-06 08:00:00,76.5,1011.85,16.42
2025-03-06 09:00:00,76.5,1011.85,16.42
2025-03-06 10:00:00,76.35,1012.0,16.46
2025-03-06 11:00:00,76.59,1011.8,16.52
2025-03-06 12:00:00,76.58,1011.3,16.58
2025-03-06 13:00:00,76.72,1010.7,16.69
2025-03-06 14:00:00,76.08,1010.4,16.68
2025-03-06 15:00:00,76.12,1010.15,16.7
2025-03-06 16:00:00,76.21,1010.35,16.64
2025-03-06 17:00:00,76.21,1010.7,16.63
2025-03-06 18:00:00,76.37,1011.0,16.58
2025-03-06 19:00:00,76.41,1011.63,16.52
2025-03-06 20:00:00,76.05,1012.05,16.45
2025-03-06 21:00:00,75.73,1012.3,16.42
2025-03-07 08:00:00,69.98,1010.7,17.2
2025-03-07 09:00:00,69.9,1011.35,17.37
2025-03-07 10:00:00,69.24,1011.3,18.11
2025-03-07 11:00:00,68.29,1010.6,18.34
2025-03-07 12:00:00,67.9,1009.8,18.48
2025-03-07 13:00:00,68.21,1009.02,18.57
2025-03-07 14:00:00,67.85,1008.35,18.78
2025-03-07 15:00:00,67.7,1007.77,18.79
2025-03-07 16:00:00,66.98,1007.13,19.03
2025-03-07 17:00:00,66.77,1006.67,19.04
2025-03-07 18:00:00,67.08,1007.03,19.13
2025-03-07 19:00:00,66.7,1006.87,19.25
2025-03-07 20:00:00,67.03,1007.0,18.94
2025-03-07 21:00:00,67.3,1006.93,18.74
2025-03-08 07:00:00,68.5,1003.2,17.96
2025-03-08 08:00:00,68.65,1002.95,17.93
2025-03-08 09:00:00,68.72,1002.76,17.97
2025-03-08 10:00:00,68.87,1002.1,17.96
2025-03-08 11:00:00,69.1,1001.4,17.94
2025-03-08 12:00:00,69.33,1000.5,17.96
2025-03-08 13:00:00,69.4,999.18,17.95
2025-03-08 14:00:00,69.42,998.3,17.94
2025-03-08 15:00:00,69.71,997.2,17.94
2025-03-08 16:00:00,70.13,996.6,17.92
2025-03-08 17:00:00,70.63,996.43,17.9
2025-03-08 18:00:00,70.84,996.07,17.94
2025-03-08 19:00:00,70.98,995.98,17.93
2025-03-08 20:00:00,71.17,995.69,17.93
2025-03-08 21:00:00,70.74,996.32,17.86
2025-03-09 07:00:00,52.28,996.67,17.2
2025-03-09 08:00:00,51.22,997.1,17.15
2025-03-09 09:00:00,49.58,997.1,17.12
2025-03-09 10:00:00,47.73,996.95,17.06
2025-03-09 11:00:00,46.79,996.48,17.09
2025-03-09 12:00:00,45.88,995.92,17.09
2025-03-09 13:00:00,45.38,995.2,17.14
2025-03-09 14:00:00,45.45,994.97,17.19
2025-03-09 15:00:00,47.48,994.85,17.33
2025-03-09 16:00:00,49.97,995.0,17.4
2025-03-09 17:00:00,50.72,995.5,17.42
2025-03-09 18:00:00,51.39,996.05,17.42
2025-03-09 19:00:00,52.09,996.78,17.36
2025-03-09 20:00:00,51.93,997.67,17.36
2025-03-09 21:00:00,51.63,997.8,17.24
2025-03-10 07:00:00,55.72,997.58,17.25
2025-03-10 08:00:00,55.36,998.02,17.61
2025-03-10 09:00:00,52.84,998.28,18.28
2025-03-10 10:00:00,50.47,998.53,18.62
2025-03-10 11:00:00,48.49,998.38,18.84
2025-03-10 12:00:00,46.67,997.88,19.06
2025-03-10 13:00:00,45.34,997.46,19.25
2025-03-10 14:00:00,44.4,997.1,19.48
2025-03-10 15:00:00,43.13,997.07,19.72
2025-03-10 16:00:00,41.59,997.53,20.23
2025-03-10 17:00:00,46.81,998.1,20.54
2025-03-10 18:00:00,51.32,998.65,20.92
2025-03-10 19:00:00,53.8,999.1,21.2
2025-03-10 20:00:00,53.89,999.45,20.65
2025-03-10 21:00:00,54.75,999.5,19.89
2025-03-11 07:00:00,52.17,998.65,19.05
2025-03-11 08:00:00,51.0,998.55,19.3
2025-03-11 09:00:00,49.52,998.67,19.63
2025-03-11 10:00:00,48.86,998.05,19.66
2025-03-11 11:00:00,47.11,997.7,19.46
2025-03-11 12:00:00,46.87,996.54,19.4
2025-03-11 13:00:00,44.94,995.27,19.49
2025-03-11 14:00:00,43.76,994.83,19.48
2025-03-11 15:00:00,50.06,996.25,19.87
2025-03-11 16:00:00,53.74,995.73,20.67
2025-03-11 17:00:00,51.11,995.55,20.84
2025-03-11 18:00:00,53.35,995.9,21.26
2025-03-11 19:00:00,53.74,996.47,21.66
2025-03-11 20:00:00,52.26,996.88,21.07
2025-03-11 21:00:00,51.89,996.9,20.51
2025-03-12 07:00:00,49.97,998.65,19.58
2025-03-12 08:00:00,48.88,998.77,20.06
2025-03-12 09:00:00,46.06,998.77,20.25
2025-03-12 10:00:00,43.44,998.74,20.25
2025-03-12 11:00:00,42.04,997.96,20.36
2025-03-12 12:00:00,41.27,997.05,20.61
2025-03-12 13:00:00,39.22,996.36,20.34
2025-03-12 14:00:00,38.0,996.14,20.11
2025-03-12 15:00:00,43.06,995.74,20.6
2025-03-12 16:00:00,44.39,995.8,21.39
2025-03-12 17:00:00,43.92,995.9,21.11
2025-03-12 18:00:00,41.69,996.3,21.36
2025-03-12 19:00:00,42.49,996.73,21.64
2025-03-12 20:00:00,43.71,997.18,21.32
2025-03-12 21:00:00,42.63,997.01,20.7
2025-03-13 07:00:00,44.26,994.4,20.32
2025-03-13 08:00:00,44.42,993.87,20.73
2025-03-13 09:00:00,42.95,993.69,20.71
2025-03-13 10:00:00,44.97,993.37,20.48
2025-03-13 11:00:00,45.03,992.46,20.37
2025-03-13 12:00:00,45.32,991.9,20.28
2025-03-13 13:00:00,47.03,991.43,20.17
2025-03-13 14:00:00,48.48,990.6,20.08
2025-03-13 15:00:00,56.34,989.98,20.6
2025-03-13 16:00:00,58.68,990.0,21.32
2025-03-13 17:00:00,57.53,990.1,21.42
2025-03-13 18:00:00,55.92,990.45,21.72
2025-03-13 19:00:00,58.55,991.05,21.8
2025-03-13 20:00:00,57.58,991.5,21.21
2025-03-13 21:00:00,56.36,991.77,20.74
2025-03-14 07:00:00,52.09,994.07,19.66
2025-03-14 08:00:00,51.31,994.6,20.13
2025-03-14 09:00:00,51.32,994.85,20.14
2025-03-14 10:00:00,52.16,994.93,19.82
2025-03-14 11:00:00,52.38,994.95,19.76
2025-03-14 12:00:00,52.98,994.85,19.65
2025-03-14 13:00:00,52.96,995.2,19.58
2025-03-14 14:00:00,53.01,995.63,19.5
2025-03-14 15:00:00,52.33,995.9,19.88
2025-03-14 16:00:00,51.77,996.3,20.09
2025-03-14 17:00:00,52.06,997.2,19.8
2025-03-14 18:00:00,52.13,998.1,19.56
2025-03-14 19:00:00,51.75,999.13,19.68
2025-03-14 20:00:00,51.54,1000.18,19.62
2025-03-14 21:00:00,51.73,1000.77,19.44
2025-03-15 07:00:00,43.35,1006.88,18.18
2025-03-15 08:00:00,40.95,1007.74,17.88
2025-03-15 09:00:00,38.75,1007.98,17.72
2025-03-15 10:00:00,36.63,1007.9,17.68
2025-03-15 11:00:00,34.88,1008.15,17.63
2025-03-15 12:00:00,33.79,1007.79,17.6
2025-03-15 13:00:00,33.05,1007.4,17.54
2025-03-15 14:00:00,32.64,1007.25,17.54
2025-03-15 15:00:00,33.43,1007.5,17.62
2025-03-15 16:00:00,34.33,1008.0,17.68
2025-03-15 17:00:00,35.74,1008.6,17.74
2025-03-15 18:00:00,37.15,1009.37,17.75
2025-03-15 19:00:00,38.14,1010.13,17.73
2025-03-15 20:00:00,39.43,1010.6,17.7
2025-03-15 21:00:00,40.2,1011.0,17.66
2025-03-16 07:00:00,42.99,1011.7,17.31
2025-03-16 08:00:00,43.24,1012.0,17.3
2025-03-16 09:00:00,43.5,1011.7,17.31
2025-03-16 10:00:00,43.87,1011.77,17.3
2025-03-16 11:00:00,44.32,1011.95,17.25
2025-03-16 12:00:00,45.3,1010.78,17.25
2025-03-16 13:00:00,45.74,1010.28,17.23
2025-03-16 14:00:00,47.06,1010.2,17.23
2025-03-16 15:00:00,48.33,1009.2,17.31
2025-03-16 16:00:00,49.45,1009.37,17.35
2025-03-16 17:00:00,49.86,1009.96,17.32
2025-03-16 18:00:00,49.6,1010.84,17.27
2025-03-16 19:00:00,50.25,1011.67,17.27
2025-03-16 20:00:00,50.48,1012.33,17.23
2025-03-16 21:00:00,50.96,1012.92,17.22
2025-03-17 07:00:00,50.39,1013.47,16.81
2025-03-17 08:00:00,50.82,1013.8,16.76
2025-03-17 09:00:00,51.1,1014.05,16.68
2025-03-17 10:00:00,51.35,1014.4,16.62
2025-03-17 11:00:00,52.16,1014.1,16.45
2025-03-17 12:00:00,52.32,1013.65,16.52
2025-03-17 13:00:00,52.33,1012.97,16.51
2025-03-17 14:00:00,51.92,1012.9,16.53
2025-03-17 15:00:00,51.76,1012.55,16.46
2025-03-17 16:00:00,51.89,1012.55,16.41
2025-03-17 17:00:00,51.96,1012.27,16.35
2025-03-17 18:00:00,52.16,1012.75,16.36
2025-03-17 19:00:00,52.32,1012.98,16.33
2025-03-17 20:00:00,52.28,1013.3,16.31
2025-03-17 21:00:00,52.24,1013.3,16.29
2025-03-18 07:00:00,55.52,1011.55,15.84
2025-03-18 08:00:00,56.29,1012.03,15.8
2025-03-18 09:00:00,56.83,1012.67,15.8
2025-03-18 10:00:00,57.39,1012.85,15.77
2025-03-18 11:00:00,57.98,1013.0,15.77
2025-03-18 12:00:00,58.1,1012.6,15.73
2025-03-18 13:00:00,58.17,1012.5,15.71
2025-03-18 14:00:00,58.83,1012.6,15.65
2025-03-18 15:00:00,59.7,1012.32,15.66
2025-03-18 16:00:00,60.18,1012.6,15.58
2025-03-18 17:00:00,60.9,1012.9,15.62
2025-03-18 18:00:00,61.36,1013.4,15.59
2025-03-18 19:00:00,61.76,1014.13,15.61
2025-03-18 20:00:00,62.72,1014.67,15.56
2025-03-18 21:00:00,63.19,1014.9,15.58
2025-03-19 07:00:00,66.47,1016.17,15.41
2025-03-19 08:00:00,67.39,1016.5,15.41
2025-03-19 09:00:00,68.56,1017.0,15.35
2025-03-19 10:00:00,69.34,1016.9,15.38
2025-03-19 11:00:00,70.38,1016.45,15.44
2025-03-19 12:00:00,71.1,1016.15,15.44
2025-03-19 13:00:00,70.54,1015.84,15.46
2025-03-19 14:00:00,70.38,1015.35,15.54
2025-03-19 15:00:00,71.09,1015.05,15.58
2025-03-19 16:00:00,71.16,1015.2,15.66
2025-03-19 17:00:00,71.77,1015.1,15.69
2025-03-19 18:00:00,71.39,1015.1,15.7
2025-03-19 19:00:00,71.24,1015.74,15.71
2025-03-19 20:00:00,71.24,1016.6,15.7
2025-03-19 21:00:00,71.86,1016.8,15.74
2025-03-20 07:00:00,70.59,1014.73,16.98
2025-03-20 08:00:00,70.05,1014.8,17.3
2025-03-20 09:00:00,69.96,1014.55,17.44
2025-03-20 10:00:00,70.19,1014.35,17.46
2025-03-20 11:00:00,71.32,1013.93,17.33
2025-03-20 12:00:00,72.01,1013.3,17.24
2025-03-20 13:00:00,72.74,1012.53,17.19
2025-03-20 14:00:00,75.02,1011.9,17.4
2025-03-20 15:00:00,75.4,1011.45,17.83
2025-03-20 16:00:00,75.07,1010.9,18.14
2025-03-20 17:00:00,74.84,1010.6,18.03
2025-03-20 18:00:00,75.92,1010.57,18.22
2025-03-20 19:00:00,75.12,1010.98,18.16
2025-03-20 20:00:00,74.46,1010.75,17.87
2025-03-20 21:00:00,74.07,1010.28,17.73
2025-03-21 07:00:00,73.63,1006.19,17.36
2025-03-21 08:00:00,72.71,1006.51,17.66
2025-03-21 09:00:00,70.93,1006.57,18.29
2025-03-21 10:00:00,67.01,1006.82,18.86
2025-03-21 11:00:00,61.45,1006.55,19.08
2025-03-21 12:00:00,54.04,1006.1,19.23
2025-03-21 13:00:00,47.58,1005.58,19.49
2025-03-21 14:00:00,45.46,1005.32,19.67
2025-03-21 15:00:00,44.47,1005.24,19.84
2025-03-21 16:00:00,44.6,1005.25,19.87
2025-03-21 17:00:00,45.54,1005.3,19.89
2025-03-21 18:00:00,46.48,1005.6,19.9
2025-03-21 19:00:00,47.96,1006.0,19.97
2025-03-21 20:00:00,48.44,1006.05,19.76
2025-03-21 21:00:00,49.63,1006.0,19.48
2025-03-22 07:00:00,49.02,1005.15,18.36
2025-03-22 08:00:00,48.28,1005.34,18.34
2025-03-22 09:00:00,45.82,1005.3,18.23
2025-03-22 10:00:00,43.12,1004.76,18.13
2025-03-22 11:00:00,41.53,1003.25,18.05
2025-03-22 12:00:00,40.86,1003.02,18.07
2025-03-22 13:00:00,41.47,1002.63,18.1
2025-03-22 14:00:00,42.5,1002.51,18.11
2025-03-22 15:00:00,43.3,1001.73,18.12
2025-03-22 16:00:00,44.88,1001.96,18.17
2025-03-22 17:00:00,45.55,1002.1,18.21
2025-03-22 18:00:00,46.16,1002.6,18.24
2025-03-22 19:00:00,46.1,1003.42,18.23
2025-03-22 20:00:00,46.25,1003.42,18.24
2025-03-22 21:00:00,46.03,1003.73,18.19
2025-03-23 07:00:00,43.27,1002.9,17.7
2025-03-23 08:00:00,42.77,1002.9,17.67
2025-03-23 09:00:00,41.75,1003.2,17.57
2025-03-23 10:00:00,39.75,1003.03,17.43
2025-03-23 11:00:00,38.67,1002.69,17.38
2025-03-23 12:00:00,38.02,1002.24,17.4
2025-03-23 13:00:00,37.53,1001.4,17.47
2025-03-23 14:00:00,37.59,1001.05,17.59
2025-03-23 15:00:00,37.47,1001.0,17.66
2025-03-23 16:00:00,37.17,1001.55,17.76
2025-03-23 17:00:00,38.56,1002.53,17.79
2025-03-23 18:00:00,40.5,1003.33,17.76
2025-03-23 19:00:00,41.66,1004.13,17.81
2025-03-23 20:00:00,42.61,1004.88,17.84
2025-03-23 21:00:00,43.76,1005.55,17.86
2025-03-24 07:00:00,44.63,1008.27,18.15
2025-03-24 08:00:00,44.01,1008.95,18.48
2025-03-24 09:00:00,42.32,1009.25,18.74
2025-03-24 10:00:00,40.8,1009.25,19.0
2025-03-24 11:00:00,39.9,1008.8,19.21
2025-03-24 12:00:00,39.6,1008.4,19.26
2025-03-24 13:00:00,39.92,1008.45,19.45
2025-03-24 14:00:00,40.38,1008.45,19.45
2025-03-24 15:00:00,45.4,1009.08,20.16
2025-03-24 16:00:00,45.45,1009.85,20.76
2025-03-24 17:00:00,46.44,1010.25,21.08
2025-03-24 18:00:00,46.77,1010.9,21.55
2025-03-24 19:00:00,47.17,1011.94,21.73
2025-03-24 20:00:00,47.96,1012.88,21.1
2025-03-24 21:00:00,48.68,1013.4,20.5
