time,azimuth_mean,elevation_mean
2024-12-10 18:00:00,258.46,-23.01
2024-12-10 19:00:00,264.24,-30.6
2024-12-10 20:00:00,273.64,-42.09
2024-12-10 21:00:00,285.41,-53.48
2024-12-10 22:00:00,303.03,-64.02
2024-12-10 23:00:00,250.84,-72.16
2024-12-11 00:00:00,29.55,-71.2
2024-12-11 01:00:00,59.16,-63.06
2024-12-11 02:00:00,75.95,-52.39
2024-12-11 03:00:00,87.39,-40.97
2024-12-11 04:00:00,96.71,-29.43
2024-12-11 05:00:00,106.17,-16.99
2024-12-11 06:00:00,114.25,-6.93
2024-12-11 07:00:00,122.93,2.68
2024-12-11 08:00:00,131.9,10.43
2024-12-11 09:00:00,144.64,18.67
2024-12-11 10:00:00,158.21,24.19
2024-12-11 11:00:00,173.61,27.08
2024-12-11 12:00:00,189.19,26.8
2024-12-11 13:00:00,203.96,23.5
2024-12-11 14:00:00,217.28,17.62
2024-12-11 15:00:00,229.76,9.09
2024-12-11 16:00:00,238.3,1.41
2024-12-11 17:00:00,247.62,-9.25
2024-12-11 18:00:00,256.4,-20.42
2024-12-11 19:00:00,266.15,-33.2
2024-12-11 20:00:00,275.93,-44.75
2024-12-11 21:00:00,288.58,-56.03
2024-12-11 22:00:00,308.46,-66.19
2024-12-11 23:00:00,224.31,-72.7
2024-12-12 00:00:00,29.64,-71.26
2024-12-12 01:00:00,59.29,-63.12
2024-12-12 02:00:00,76.05,-52.43
2024-12-12 03:00:00,87.47,-41.01
2024-12-12 04:00:00,96.78,-29.47
2024-12-12 05:00:00,105.6,-17.85
2024-12-12 06:00:00,113.8,-7.59
2024-12-12 07:00:00,123.03,2.67
2024-12-12 08:00:00,132.02,10.43
2024-12-12 09:00:00,144.76,18.65
2024-12-12 10:00:00,158.33,24.15
2024-12-12 11:00:00,173.71,27.01
2024-12-12 12:00:00,189.18,26.73
2024-12-12 13:00:00,203.94,23.43
2024-12-12 14:00:00,217.24,17.56
2024-12-12 15:00:00,229.66,9.08
2024-12-12 16:00:00,238.19,1.42
2024-12-12 17:00:00,247.52,-9.25
2024-12-12 18:00:00,256.3,-20.42
2024-12-12 19:00:00,266.04,-33.19
2024-12-12 20:00:00,275.81,-44.74
2024-12-12 21:00:00,288.42,-56.03
2024-12-12 22:00:00,308.24,-66.21
2024-12-12 23:00:00,224.15,-72.75
2024-12-13 00:00:00,29.74,-71.33
2024-12-13 01:00:00,59.4,-63.16
2024-12-13 02:00:00,76.15,-52.47
2024-12-13 03:00:00,87.55,-41.04
2024-12-13 04:00:00,96.85,-29.5
2024-12-13 05:00:00,105.68,-17.86
2024-12-13 06:00:00,113.89,-7.59
2024-12-13 07:00:00,123.12,2.67
2024-12-13 08:00:00,132.12,10.42
2024-12-13 09:00:00,144.87,18.63
2024-12-13 10:00:00,158.43,24.11
2024-12-13 11:00:00,173.79,26.95
2024-12-13 12:00:00,189.17,26.66
2024-12-13 13:00:00,203.91,23.37
2024-12-13 14:00:00,217.2,17.5
2024-12-13 15:00:00,229.58,9.07
2024-12-13 16:00:00,238.09,1.42
2024-12-13 17:00:00,247.44,-9.24
2024-12-13 18:00:00,256.21,-20.42
2024-12-13 19:00:00,265.95,-33.19
2024-12-13 20:00:00,275.7,-44.74
2024-12-13 21:00:00,288.29,-56.03
2024-12-13 22:00:00,308.06,-66.23
2024-12-13 23:00:00,224.01,-72.8
2024-12-14 00:00:00,29.81,-71.38
2024-12-14 01:00:00,59.5,-63.2
2024-12-14 02:00:00,76.23,-52.51
2024-12-14 03:00:00,87.62,-41.08
2024-12-14 04:00:00,96.9,-29.54
2024-12-14 05:00:00,105.75,-17.87
2024-12-14 06:00:00,113.97,-7.6
2024-12-14 07:00:00,123.03,2.51
2024-12-14 08:00:00,131.99,10.24
2024-12-14 09:00:00,144.97,18.62
2024-12-14 10:00:00,158.53,24.08
2024-12-14 11:00:00,173.4,26.88
2024-12-14 12:00:00,188.15,26.72
2024-12-14 13:00:00,202.95,23.62
2024-12-14 14:00:00,216.34,17.91
2024-12-14 15:00:00,229.23,9.26
2024-12-14 16:00:00,238.01,1.43
2024-12-14 17:00:00,247.36,-9.24
2024-12-14 18:00:00,256.14,-20.41
2024-12-14 19:00:00,265.87,-33.18
2024-12-14 20:00:00,275.6,-44.73
2024-12-14 21:00:00,288.16,-56.03
2024-12-14 22:00:00,307.89,-66.24
2024-12-14 23:00:00,223.89,-72.84
2024-12-15 00:00:00,29.88,-71.43
2024-12-15 01:00:00,59.58,-63.24
2024-12-15 02:00:00,76.3,-52.54
2024-12-15 03:00:00,87.68,-41.1
2024-12-15 04:00:00,96.95,-29.57
2024-12-15 05:00:00,105.81,-17.88
2024-12-15 06:00:00,113.62,-8.08
2024-12-15 07:00:00,122.91,2.3
2024-12-15 08:00:00,132.06,10.23
2024-12-15 09:00:00,145.05,18.6
2024-12-15 10:00:00,158.61,24.05
2024-12-15 11:00:00,173.47,26.83
2024-12-15 12:00:00,188.14,26.67
2024-12-15 13:00:00,202.93,23.57
2024-12-15 14:00:00,216.31,17.87
2024-12-15 15:00:00,228.98,9.41
2024-12-15 16:00:00,237.76,1.6
2024-12-15 17:00:00,247.3,-9.24
2024-12-15 18:00:00,256.08,-20.41
2024-12-15 19:00:00,265.8,-33.18
2024-12-15 20:00:00,275.52,-44.73
2024-12-15 21:00:00,288.06,-56.03
2024-12-15 22:00:00,307.75,-66.25
2024-12-15 23:00:00,223.78,-72.88
2024-12-16 00:00:00,29.94,-71.47
2024-12-16 01:00:00,59.66,-63.27
2024-12-16 02:00:00,76.36,-52.56
2024-12-16 03:00:00,87.73,-41.13
2024-12-16 04:00:00,97.0,-29.59
2024-12-16 05:00:00,105.86,-17.89
2024-12-16 06:00:00,113.68,-8.08
2024-12-16 07:00:00,122.97,2.29
2024-12-16 08:00:00,131.8,9.99
2024-12-16 09:00:00,144.27,18.15
2024-12-16 10:00:00,157.73,23.74
2024-12-16 11:00:00,172.57,26.7
2024-12-16 12:00:00,188.13,26.63
2024-12-16 13:00:00,202.92,23.54
2024-12-16 14:00:00,216.29,17.83
2024-12-16 15:00:00,228.92,9.4
2024-12-16 16:00:00,237.78,1.54
2024-12-16 17:00:00,247.25,-9.24
2024-12-16 18:00:00,256.02,-20.41
2024-12-16 19:00:00,265.74,-33.18
2024-12-16 20:00:00,275.45,-44.72
2024-12-16 21:00:00,287.97,-56.03
2024-12-16 22:00:00,307.63,-66.26
2024-12-16 23:00:00,223.7,-72.91
2024-12-17 00:00:00,30.0,-71.5
2024-12-17 01:00:00,59.72,-63.3
2024-12-17 02:00:00,76.41,-52.58
2024-12-17 03:00:00,87.77,-41.15
2024-12-17 04:00:00,97.04,-29.61
2024-12-17 05:00:00,105.91,-17.89
2024-12-17 06:00:00,113.73,-8.09
2024-12-17 07:00:00,122.85,2.13
2024-12-17 08:00:00,131.65,9.82
2024-12-17 09:00:00,144.33,18.14
2024-12-17 10:00:00,157.79,23.72
2024-12-17 11:00:00,172.62,26.68
2024-12-17 12:00:00,188.13,26.6
2024-12-17 13:00:00,202.9,23.5
2024-12-17 14:00:00,216.29,17.8
2024-12-17 15:00:00,228.92,9.36
2024-12-17 16:00:00,237.73,1.54
2024-12-17 17:00:00,247.2,-9.24
2024-12-17 18:00:00,255.98,-20.41
2024-12-17 19:00:00,265.69,-33.17
2024-12-17 20:00:00,275.4,-44.72
2024-12-17 21:00:00,287.9,-56.03
2024-12-17 22:00:00,307.53,-66.27
2024-12-17 23:00:00,223.62,-72.93
2024-12-18 00:00:00,30.03,-71.53
2024-12-18 01:00:00,59.77,-63.32
2024-12-18 02:00:00,76.45,-52.6
2024-12-18 03:00:00,87.8,-41.16
2024-12-18 04:00:00,97.07,-29.63
2024-12-18 05:00:00,105.94,-17.9
2024-12-18 06:00:00,113.77,-8.08
2024-12-18 07:00:00,122.88,2.13
2024-12-18 08:00:00,131.69,9.82
2024-12-18 09:00:00,144.38,18.13
2024-12-18 10:00:00,157.83,23.71
2024-12-18 11:00:00,172.67,26.65
2024-12-18 12:00:00,188.12,26.57
2024-12-18 13:00:00,202.89,23.48
2024-12-18 14:00:00,216.26,17.78
2024-12-18 15:00:00,228.89,9.35
2024-12-18 16:00:00,237.68,1.55
2024-12-18 17:00:00,246.2,-8.06
2024-12-18 18:00:00,255.11,-19.31
2024-12-18 19:00:00,265.08,-32.44
2024-12-18 20:00:00,273.99,-43.24
2024-12-18 21:00:00,285.96,-54.62
2024-12-18 22:00:00,304.24,-65.08
2024-12-18 23:00:00,253.06,-72.83
2024-12-19 00:00:00,30.08,-71.56
2024-12-19 01:00:00,59.83,-63.34
2024-12-19 02:00:00,76.5,-52.61
2024-12-19 03:00:00,87.84,-41.18
2024-12-19 04:00:00,97.09,-29.64
2024-12-19 05:00:00,105.97,-17.9
2024-12-19 06:00:00,113.79,-8.09
2024-12-19 07:00:00,122.91,2.13
2024-12-19 08:00:00,131.71,9.82
2024-12-19 09:00:00,144.4,18.13
2024-12-19 10:00:00,157.85,23.71
2024-12-19 11:00:00,172.68,26.65
2024-12-19 12:00:00,188.12,26.56
2024-12-19 13:00:00,202.89,23.47
2024-12-19 14:00:00,216.25,17.78
2024-12-19 15:00:00,228.87,9.35
2024-12-19 16:00:00,237.46,1.77
2024-12-19 17:00:00,246.16,-8.04
2024-12-19 18:00:00,255.09,-19.31
2024-12-19 19:00:00,265.62,-33.17
2024-12-19 20:00:00,275.32,-44.72
2024-12-19 21:00:00,287.8,-56.04
2024-12-19 22:00:00,307.4,-66.29
2024-12-19 23:00:00,223.53,-72.97
2024-12-20 00:00:00,30.11,-71.57
2024-12-20 01:00:00,59.85,-63.35
2024-12-20 02:00:00,76.52,-52.62
2024-12-20 03:00:00,87.85,-41.18
2024-12-20 04:00:00,97.1,-29.64
2024-12-20 05:00:00,105.98,-17.9
2024-12-20 06:00:00,113.81,-8.09
2024-12-20 07:00:00,122.75,1.97
2024-12-20 08:00:00,131.53,9.66
2024-12-20 09:00:00,144.42,18.13
2024-12-20 10:00:00,157.87,23.7
2024-12-20 11:00:00,172.69,26.64
2024-12-20 12:00:00,188.12,26.55
2024-12-20 13:00:00,202.89,23.46
2024-12-20 14:00:00,216.25,17.77
2024-12-20 15:00:00,228.66,9.51
2024-12-20 16:00:00,237.28,1.93
2024-12-20 17:00:00,246.15,-8.04
2024-12-20 18:00:00,255.08,-19.31
2024-12-20 19:00:00,265.61,-33.17
2024-12-20 20:00:00,275.3,-44.72
2024-12-20 21:00:00,287.78,-56.04
2024-12-20 22:00:00,307.38,-66.29
2024-12-20 23:00:00,335.16,-72.48
2024-12-21 00:00:00,15.86,-73.06
2024-12-21 01:00:00,51.92,-66.53
2024-12-21 02:00:00,71.82,-56.33
2024-12-21 03:00:00,84.41,-45.03
2024-12-21 04:00:00,94.15,-33.48
2024-12-21 05:00:00,104.79,-19.49
2024-12-21 06:00:00,113.81,-8.09
2024-12-21 07:00:00,122.76,1.97
2024-12-21 08:00:00,131.53,9.66
2024-12-21 09:00:00,144.42,18.13
2024-12-21 10:00:00,157.87,23.7
2024-12-21 11:00:00,172.7,26.63
2024-12-21 12:00:00,188.12,26.55
2024-12-21 13:00:00,202.88,23.46
2024-12-21 14:00:00,216.25,17.77
2024-12-21 15:00:00,228.65,9.52
2024-12-21 16:00:00,237.28,1.93
2024-12-21 17:00:00,246.15,-8.04
2024-12-21 18:00:00,255.08,-19.31
2024-12-21 19:00:00,265.61,-33.17
2024-12-21 20:00:00,275.3,-44.72
2024-12-21 21:00:00,287.78,-56.04
2024-12-21 22:00:00,307.38,-66.29
2024-12-21 23:00:00,335.16,-72.48
2024-12-22 00:00:00,15.86,-73.06
2024-12-22 01:00:00,51.92,-66.53
2024-12-22 02:00:00,71.82,-56.33
2024-12-22 03:00:00,84.41,-45.03
2024-12-22 04:00:00,94.15,-33.48
2024-12-22 05:00:00,104.79,-19.49
2024-12-22 06:00:00,113.37,-8.61
2024-12-22 07:00:00,122.55,1.75
2024-12-22 08:00:00,131.53,9.66
2024-12-22 09:00:00,144.42,18.13
2024-12-22 10:00:00,157.87,23.7
2024-12-22 11:00:00,172.18,26.6
2024-12-22 12:00:00,187.1,26.66
2024-12-22 13:00:00,201.94,23.76
2024-12-22 14:00:00,215.41,18.22
2024-12-22 15:00:00,228.36,9.74
2024-12-22 16:00:00,237.29,1.93
2024-12-22 17:00:00,246.16,-8.04
2024-12-22 18:00:00,255.09,-19.31
2024-12-22 19:00:00,265.62,-33.17
2024-12-22 20:00:00,275.32,-44.72
2024-12-22 21:00:00,287.8,-56.04
2024-12-22 22:00:00,307.4,-66.28
2024-12-22 23:00:00,335.19,-72.48
2024-12-23 00:00:00,15.85,-73.05
2024-12-23 01:00:00,51.91,-66.52
2024-12-23 02:00:00,71.8,-56.32
2024-12-23 03:00:00,84.4,-45.02
2024-12-23 04:00:00,94.14,-33.48
2024-12-23 05:00:00,104.78,-19.48
2024-12-23 06:00:00,113.35,-8.61
2024-12-23 07:00:00,122.53,1.75
2024-12-23 08:00:00,131.22,9.44
2024-12-23 09:00:00,143.56,17.68
2024-12-23 10:00:00,156.9,23.41
2024-12-23 11:00:00,171.66,26.54
2024-12-23 12:00:00,187.1,26.67
2024-12-23 13:00:00,201.94,23.77
2024-12-23 14:00:00,215.42,18.23
2024-12-23 15:00:00,228.38,9.74
2024-12-23 16:00:00,237.24,1.99
2024-12-23 17:00:00,246.18,-8.04
2024-12-23 18:00:00,255.11,-19.31
2024-12-23 19:00:00,265.64,-33.17
2024-12-23 20:00:00,275.34,-44.72
2024-12-23 21:00:00,287.83,-56.04
2024-12-23 22:00:00,307.44,-66.28
2024-12-23 23:00:00,335.24,-72.47
2024-12-24 00:00:00,15.85,-73.04
2024-12-24 01:00:00,51.88,-66.51
2024-12-24 02:00:00,71.78,-56.31
2024-12-24 03:00:00,84.37,-45.01
2024-12-24 04:00:00,94.12,-33.47
2024-12-24 05:00:00,104.76,-19.48
2024-12-24 06:00:00,113.33,-8.61
2024-12-24 07:00:00,122.34,1.59
2024-12-24 08:00:00,131.0,9.29
2024-12-24 09:00:00,143.53,17.69
2024-12-24 10:00:00,156.87,23.42
2024-12-24 11:00:00,171.63,26.56
2024-12-24 12:00:00,187.11,26.69
2024-12-24 13:00:00,201.95,23.79
2024-12-24 14:00:00,215.43,18.25
2024-12-24 15:00:00,228.2,9.91
2024-12-24 16:00:00,237.18,2.08
2024-12-24 17:00:00,246.21,-8.04
2024-12-24 18:00:00,253.96,-17.76
2024-12-24 19:00:00,262.72,-29.34
2024-12-24 20:00:00,271.95,-40.88
2024-12-24 21:00:00,283.22,-52.33
2024-12-24 22:00:00,299.71,-63.08
2024-12-24 23:00:00,329.0,-71.39
2024-12-25 00:00:00,15.82,-73.01
2024-12-25 01:00:00,51.84,-66.49
2024-12-25 02:00:00,71.81,-56.24
2024-12-25 03:00:00,84.43,-44.91
2024-12-25 04:00:00,94.16,-33.36
2024-12-25 05:00:00,104.75,-19.44
2024-12-25 06:00:00,113.29,-8.61
2024-12-25 07:00:00,122.3,1.59
2024-12-25 08:00:00,130.96,9.29
2024-12-25 09:00:00,143.48,17.69
2024-12-25 10:00:00,156.82,23.44
2024-12-25 11:00:00,171.58,26.58
2024-12-25 12:00:00,187.11,26.72
2024-12-25 13:00:00,201.96,23.82
2024-12-25 14:00:00,215.44,18.28
2024-12-25 15:00:00,228.22,9.94
2024-12-25 16:00:00,237.22,2.08
2024-12-25 17:00:00,246.25,-8.04
2024-12-25 18:00:00,254.0,-17.76
2024-12-25 19:00:00,262.77,-29.34
2024-12-25 20:00:00,272.01,-40.89
2024-12-25 21:00:00,283.29,-52.33
2024-12-25 22:00:00,299.79,-63.07
2024-12-25 23:00:00,329.12,-71.37
2024-12-26 00:00:00,15.8,-72.98
2024-12-26 01:00:00,51.79,-66.47
2024-12-26 02:00:00,71.69,-56.28
2024-12-26 03:00:00,84.31,-44.98
2024-12-26 04:00:00,94.06,-33.43
2024-12-26 05:00:00,104.69,-19.46
2024-12-26 06:00:00,113.25,-8.61
2024-12-26 07:00:00,122.25,1.59
2024-12-26 08:00:00,130.88,9.26
2024-12-26 09:00:00,143.43,17.7
2024-12-26 10:00:00,156.77,23.46
2024-12-26 11:00:00,171.53,26.62
2024-12-26 12:00:00,187.12,26.76
2024-12-26 13:00:00,201.97,23.85
2024-12-26 14:00:00,215.46,18.31
2024-12-26 15:00:00,228.27,9.95
2024-12-26 16:00:00,236.97,2.39
2024-12-26 17:00:00,245.9,-7.57
2024-12-26 18:00:00,254.05,-17.76
2024-12-26 19:00:00,262.82,-29.34
2024-12-26 20:00:00,272.07,-40.89
2024-12-26 21:00:00,283.37,-52.33
2024-12-26 22:00:00,299.9,-63.06
2024-12-26 23:00:00,329.24,-71.35
2024-12-27 00:00:00,15.76,-72.94
2024-12-27 01:00:00,51.72,-66.44
2024-12-27 02:00:00,71.63,-56.26
2024-12-27 03:00:00,84.26,-44.96
2024-12-27 04:00:00,94.01,-33.41
2024-12-27 05:00:00,103.8,-20.56
2024-12-27 06:00:00,112.62,-9.32
2024-12-27 07:00:00,122.19,1.59
2024-12-27 08:00:00,130.82,9.27
2024-12-27 09:00:00,143.36,17.71
2024-12-27 10:00:00,156.7,23.48
2024-12-27 11:00:00,171.47,26.65
2024-12-27 12:00:00,186.65,26.83
2024-12-27 13:00:00,201.99,23.9
2024-12-27 14:00:00,215.48,18.35
2024-12-27 15:00:00,228.12,10.13
2024-12-27 16:00:00,236.88,2.54
2024-12-27 17:00:00,245.97,-7.58
2024-12-27 18:00:00,254.11,-17.76
2024-12-27 19:00:00,262.89,-29.35
2024-12-27 20:00:00,272.15,-40.89
2024-12-27 21:00:00,283.47,-52.33
2024-12-27 22:00:00,300.03,-63.06
2024-12-27 23:00:00,329.4,-71.32
2024-12-28 00:00:00,15.72,-72.9
2024-12-28 01:00:00,51.63,-66.4
2024-12-28 02:00:00,71.56,-56.23
2024-12-28 03:00:00,84.19,-44.94
2024-12-28 04:00:00,93.96,-33.39
2024-12-28 05:00:00,103.74,-20.54
2024-12-28 06:00:00,112.55,-9.32
2024-12-28 07:00:00,122.13,1.59
2024-12-28 08:00:00,130.75,9.28
2024-12-28 09:00:00,143.27,17.73
2024-12-28 10:00:00,156.62,23.51
2024-12-28 11:00:00,171.39,26.7
2024-12-28 12:00:00,186.66,26.88
2024-12-28 13:00:00,202.01,23.95
2024-12-28 14:00:00,215.51,18.39
2024-12-28 15:00:00,228.18,10.15
2024-12-28 16:00:00,236.96,2.53
2024-12-28 17:00:00,246.04,-7.58
2024-12-28 18:00:00,254.18,-17.76
2024-12-28 19:00:00,262.97,-29.35
2024-12-28 20:00:00,272.23,-40.89
2024-12-28 21:00:00,283.58,-52.33
2024-12-28 22:00:00,300.18,-63.04
2024-12-28 23:00:00,329.58,-71.29
2024-12-29 00:00:00,15.68,-72.84
2024-12-29 01:00:00,51.54,-66.36
2024-12-29 02:00:00,71.48,-56.19
2024-12-29 03:00:00,84.13,-44.91
2024-12-29 04:00:00,93.91,-33.36
2024-12-29 05:00:00,103.68,-20.53
2024-12-29 06:00:00,112.48,-9.32
2024-12-29 07:00:00,122.05,1.6
2024-12-29 08:00:00,130.66,9.28
2024-12-29 09:00:00,143.18,17.74
2024-12-29 10:00:00,156.52,23.54
2024-12-29 11:00:00,171.3,26.75
2024-12-29 12:00:00,186.66,26.94
2024-12-29 13:00:00,202.03,24.0
2024-12-29 14:00:00,215.55,18.45
2024-12-29 15:00:00,228.25,10.17
2024-12-29 16:00:00,237.05,2.53
2024-12-29 17:00:00,246.12,-7.58
2024-12-29 18:00:00,254.26,-17.76
2024-12-29 19:00:00,263.05,-29.36
2024-12-29 20:00:00,272.34,-40.9
2024-12-29 21:00:00,283.7,-52.33
2024-12-29 22:00:00,300.35,-63.04
2024-12-29 23:00:00,329.79,-71.25
2024-12-30 00:00:00,15.64,-72.78
2024-12-30 01:00:00,51.44,-66.31
2024-12-30 02:00:00,71.38,-56.15
2024-12-30 03:00:00,84.05,-44.87
2024-12-30 04:00:00,93.84,-33.32
2024-12-30 05:00:00,103.61,-20.51
2024-12-30 06:00:00,112.39,-9.32
2024-12-30 07:00:00,121.79,1.44
2024-12-30 08:00:00,130.37,9.13
2024-12-30 09:00:00,143.07,17.76
2024-12-30 10:00:00,156.41,23.58
2024-12-30 11:00:00,171.21,26.8
2024-12-30 12:00:00,186.15,27.06
2024-12-30 13:00:00,201.1,24.35
2024-12-30 14:00:00,214.73,18.95
2024-12-30 15:00:00,227.8,10.59
2024-12-30 16:00:00,236.99,2.67
2024-12-30 17:00:00,246.22,-7.58
2024-12-30 18:00:00,254.36,-17.76
2024-12-30 19:00:00,263.15,-29.36
2024-12-30 20:00:00,272.45,-40.9
2024-12-30 21:00:00,283.84,-52.33
2024-12-30 22:00:00,300.54,-63.02
2024-12-30 23:00:00,330.03,-71.21
2024-12-31 00:00:00,15.59,-72.71
2024-12-31 01:00:00,51.33,-66.26
2024-12-31 02:00:00,71.29,-56.11
2024-12-31 03:00:00,83.97,-44.83
2024-12-31 04:00:00,93.77,-33.28
2024-12-31 05:00:00,103.53,-20.49
2024-12-31 06:00:00,112.3,-9.32
2024-12-31 07:00:00,121.69,1.44
2024-12-31 08:00:00,130.26,9.13
2024-12-31 09:00:00,142.94,17.77
2024-12-31 10:00:00,156.29,23.61
2024-12-31 11:00:00,171.09,26.86
2024-12-31 12:00:00,186.15,27.14
2024-12-31 13:00:00,201.12,24.42
2024-12-31 14:00:00,214.77,19.01
2024-12-31 15:00:00,227.89,10.62
2024-12-31 16:00:00,237.11,2.67
2024-12-31 17:00:00,245.78,-6.93
2024-12-31 18:00:00,253.79,-16.91
2024-12-31 19:00:00,263.26,-29.36
2024-12-31 20:00:00,272.58,-40.9
2024-12-31 21:00:00,284.0,-52.33
2024-12-31 22:00:00,300.75,-63.01
2024-12-31 23:00:00,330.28,-71.16
2025-01-01 00:00:00,15.52,-72.64
2025-01-01 01:00:00,51.19,-66.2
2025-01-01 02:00:00,71.17,-56.06
2025-01-01 03:00:00,83.87,-44.79
2025-01-01 04:00:00,93.69,-33.24
2025-01-01 05:00:00,103.44,-20.46
2025-01-01 06:00:00,112.19,-9.32
2025-01-01 07:00:00,121.57,1.44
2025-01-01 08:00:00,130.14,9.14
2025-01-01 09:00:00,142.81,17.79
2025-01-01 10:00:00,156.16,23.66
2025-01-01 11:00:00,170.97,26.93
2025-01-01 12:00:00,186.16,27.22
2025-01-01 13:00:00,201.15,24.5
2025-01-01 14:00:00,214.81,19.08
2025-01-01 15:00:00,227.76,10.83
2025-01-01 16:00:00,236.88,3.02
2025-01-01 17:00:00,245.54,-6.51
2025-01-01 18:00:00,253.9,-16.91
2025-01-01 19:00:00,263.38,-29.37
2025-01-01 20:00:00,272.72,-40.91
2025-01-01 21:00:00,284.17,-52.33
2025-01-01 22:00:00,300.98,-62.99
2025-01-01 23:00:00,330.56,-71.11
2025-01-02 00:00:00,15.46,-72.56
2025-01-02 01:00:00,51.05,-66.13
2025-01-02 02:00:00,71.05,-56.01
2025-01-02 03:00:00,83.77,-44.74
2025-01-02 04:00:00,93.6,-33.19
2025-01-02 05:00:00,103.34,-20.44
2025-01-02 06:00:00,112.08,-9.32
2025-01-02 07:00:00,121.46,1.45
2025-01-02 08:00:00,130.01,9.15
2025-01-02 09:00:00,142.66,17.82
2025-01-02 10:00:00,156.01,23.7
2025-01-02 11:00:00,170.83,27.01
2025-01-02 12:00:00,186.16,27.31
2025-01-02 13:00:00,201.18,24.59
2025-01-02 14:00:00,214.86,19.16
2025-01-02 15:00:00,227.86,10.86
2025-01-02 16:00:00,237.02,3.01
2025-01-02 17:00:00,245.66,-6.51
2025-01-02 18:00:00,254.02,-16.91
2025-01-02 19:00:00,263.52,-29.37
2025-01-02 20:00:00,272.87,-40.91
2025-01-02 21:00:00,284.36,-52.33
2025-01-02 22:00:00,301.23,-62.98
2025-01-02 23:00:00,330.86,-71.05
2025-01-03 00:00:00,15.39,-72.46
2025-01-03 01:00:00,50.9,-66.07
2025-01-03 02:00:00,70.91,-55.95
2025-01-03 03:00:00,83.65,-44.69
2025-01-03 04:00:00,93.5,-33.14
2025-01-03 05:00:00,103.24,-20.41
2025-01-03 06:00:00,111.95,-9.31
2025-01-03 07:00:00,121.32,1.45
2025-01-03 08:00:00,129.87,9.16
2025-01-03 09:00:00,142.51,17.84
2025-01-03 10:00:00,155.86,23.76
2025-01-03 11:00:00,170.69,27.09
2025-01-03 12:00:00,186.16,27.41
2025-01-03 13:00:00,201.22,24.68
2025-01-03 14:00:00,214.91,19.25
2025-01-03 15:00:00,227.73,11.09
2025-01-03 16:00:00,237.0,3.15
2025-01-03 17:00:00,245.79,-6.52
2025-01-03 18:00:00,254.16,-16.91
2025-01-03 19:00:00,263.66,-29.37
2025-01-03 20:00:00,273.04,-40.92
2025-01-03 21:00:00,284.57,-52.33
2025-01-03 22:00:00,301.51,-62.96
2025-01-03 23:00:00,331.2,-70.99
2025-01-04 00:00:00,15.33,-72.37
2025-01-04 01:00:00,50.74,-65.98
2025-01-04 02:00:00,70.76,-55.89
2025-01-04 03:00:00,83.54,-44.63
2025-01-04 04:00:00,93.4,-33.08
2025-01-04 05:00:00,103.12,-20.38
2025-01-04 06:00:00,111.82,-9.31
2025-01-04 07:00:00,121.18,1.46
2025-01-04 08:00:00,129.72,9.17
2025-01-04 09:00:00,142.34,17.86
2025-01-04 10:00:00,155.69,23.81
2025-01-04 11:00:00,170.53,27.17
2025-01-04 12:00:00,186.16,27.51
2025-01-04 13:00:00,201.25,24.78
2025-01-04 14:00:00,214.96,19.34
2025-01-04 15:00:00,227.91,11.08
2025-01-04 16:00:00,237.17,3.14
2025-01-04 17:00:00,245.94,-6.52
2025-01-04 18:00:00,254.3,-16.91
2025-01-04 19:00:00,263.81,-29.38
2025-01-04 20:00:00,273.21,-40.92
2025-01-04 21:00:00,284.79,-52.33
2025-01-04 22:00:00,301.8,-62.94
2025-01-04 23:00:00,331.54,-70.92
2025-01-05 00:00:00,15.24,-72.26
2025-01-05 01:00:00,50.56,-65.9
2025-01-05 02:00:00,70.6,-55.82
2025-01-05 03:00:00,83.41,-44.57
2025-01-05 04:00:00,93.29,-33.02
2025-01-05 05:00:00,103.0,-20.35
2025-01-05 06:00:00,111.68,-9.31
2025-01-05 07:00:00,121.03,1.46
2025-01-05 08:00:00,129.56,9.18
2025-01-05 09:00:00,142.15,17.89
2025-01-05 10:00:00,155.51,23.87
2025-01-05 11:00:00,170.44,27.27
2025-01-05 12:00:00,186.17,27.62
2025-01-05 13:00:00,201.29,24.88
2025-01-05 14:00:00,215.02,19.44
2025-01-05 15:00:00,227.8,11.32
2025-01-05 16:00:00,237.0,3.47
2025-01-05 17:00:00,245.74,-6.11
2025-01-05 18:00:00,254.45,-16.92
2025-01-05 19:00:00,263.97,-29.38
2025-01-05 20:00:00,273.4,-40.93
2025-01-05 21:00:00,285.03,-52.33
2025-01-05 22:00:00,302.12,-62.92
2025-01-05 23:00:00,331.92,-70.85
2025-01-06 00:00:00,15.16,-72.15
2025-01-06 01:00:00,50.38,-65.82
2025-01-06 02:00:00,70.44,-55.75
2025-01-06 03:00:00,83.27,-44.5
2025-01-06 04:00:00,93.17,-32.95
2025-01-06 05:00:00,102.87,-20.32
2025-01-06 06:00:00,111.52,-9.31
2025-01-06 07:00:00,120.87,1.47
2025-01-06 08:00:00,129.38,9.2
2025-01-06 09:00:00,141.96,17.92
2025-01-06 10:00:00,155.32,23.93
2025-01-06 11:00:00,170.18,27.36
2025-01-06 12:00:00,185.75,27.77
2025-01-06 13:00:00,201.33,25.0
2025-01-06 14:00:00,215.08,19.55
2025-01-06 15:00:00,227.93,11.37
2025-01-06 16:00:00,237.19,3.46
2025-01-06 17:00:00,245.91,-6.11
2025-01-06 18:00:00,254.61,-16.92
2025-01-06 19:00:00,264.15,-29.39
2025-01-06 20:00:00,273.6,-40.94
2025-01-06 21:00:00,285.28,-52.32
2025-01-06 22:00:00,302.45,-62.89
2025-01-06 23:00:00,332.31,-70.77
2025-01-07 00:00:00,15.08,-72.03
2025-01-07 01:00:00,50.19,-65.72
2025-01-07 02:00:00,70.27,-55.67
2025-01-07 03:00:00,83.12,-44.43
2025-01-07 04:00:00,93.05,-32.88
2025-01-07 05:00:00,102.74,-20.28
2025-01-07 06:00:00,111.36,-9.31
2025-01-07 07:00:00,120.7,1.47
2025-01-07 08:00:00,129.2,9.21
2025-01-07 09:00:00,141.75,17.95
2025-01-07 10:00:00,155.11,24.0
2025-01-07 11:00:00,169.99,27.47
2025-01-07 12:00:00,185.75,27.89
2025-01-07 13:00:00,201.39,25.12
2025-01-07 14:00:00,215.16,19.65
2025-01-07 15:00:00,227.82,11.62
2025-01-07 16:00:00,237.22,3.6
2025-01-07 17:00:00,246.08,-6.12
2025-01-07 18:00:00,254.78,-16.92
2025-01-07 19:00:00,264.34,-29.4
2025-01-07 20:00:00,273.82,-40.94
2025-01-07 21:00:00,285.54,-52.32
2025-01-07 22:00:00,302.8,-62.86
2025-01-07 23:00:00,332.72,-70.68
2025-01-08 00:00:00,14.99,-71.9
2025-01-08 01:00:00,49.98,-65.62
2025-01-08 02:00:00,70.08,-55.59
2025-01-08 03:00:00,82.97,-44.36
2025-01-08 04:00:00,92.91,-32.81
2025-01-08 05:00:00,102.59,-20.24
2025-01-08 06:00:00,111.19,-9.3
2025-01-08 07:00:00,120.52,1.48
2025-01-08 08:00:00,129.0,9.22
2025-01-08 09:00:00,141.53,17.98
2025-01-08 10:00:00,154.89,24.06
2025-01-08 11:00:00,169.8,27.58
2025-01-08 12:00:00,185.21,28.08
2025-01-08 13:00:00,200.44,25.52
2025-01-08 14:00:00,214.35,20.22
2025-01-08 15:00:00,227.59,11.94
2025-01-08 16:00:00,237.43,3.58
2025-01-08 17:00:00,246.27,-6.12
2025-01-08 18:00:00,254.96,-16.92
2025-01-08 19:00:00,264.53,-29.4
2025-01-08 20:00:00,274.04,-40.95
2025-01-08 21:00:00,285.82,-52.32
2025-01-08 22:00:00,303.17,-62.83
2025-01-08 23:00:00,333.15,-70.59
2025-01-09 00:00:00,14.89,-71.77
2025-01-09 01:00:00,49.77,-65.51
2025-01-09 02:00:00,69.89,-55.51
2025-01-09 03:00:00,82.81,-44.28
2025-01-09 04:00:00,92.77,-32.73
2025-01-09 05:00:00,102.44,-20.2
2025-01-09 06:00:00,111.0,-9.3
2025-01-09 07:00:00,120.33,1.48
2025-01-09 08:00:00,128.8,9.24
2025-01-09 09:00:00,141.31,18.01
2025-01-09 10:00:00,154.67,24.14
2025-01-09 11:00:00,169.58,27.69
2025-01-09 12:00:00,185.2,28.22
2025-01-09 13:00:00,200.49,25.66
2025-01-09 14:00:00,214.43,20.34
2025-01-09 15:00:00,227.46,12.23
2025-01-09 16:00:00,237.48,3.72
2025-01-09 17:00:00,246.46,-6.13
2025-01-09 18:00:00,255.15,-16.92
2025-01-09 19:00:00,264.73,-29.41
2025-01-09 20:00:00,274.28,-40.96
2025-01-09 21:00:00,286.11,-52.32
2025-01-09 22:00:00,303.56,-62.8
2025-01-09 23:00:00,333.6,-70.5
2025-01-10 00:00:00,14.79,-71.63
2025-01-10 01:00:00,49.54,-65.4
2025-01-10 02:00:00,69.69,-55.42
2025-01-10 03:00:00,82.64,-44.2
2025-01-10 04:00:00,92.63,-32.65
2025-01-10 05:00:00,102.28,-20.16
2025-01-10 06:00:00,110.81,-9.3
2025-01-10 07:00:00,120.29,1.65
2025-01-10 08:00:00,128.78,9.42
2025-01-10 09:00:00,141.07,18.05
2025-01-10 10:00:00,154.42,24.21
2025-01-10 11:00:00,169.36,27.81
2025-01-10 12:00:00,185.19,28.37
2025-01-10 13:00:00,200.54,25.8
2025-01-10 14:00:00,214.5,20.47
2025-01-10 15:00:00,227.49,12.4
2025-01-10 16:00:00,237.38,4.03
2025-01-10 17:00:00,245.85,-5.15
2025-01-10 18:00:00,254.71,-16.1
2025-01-10 19:00:00,264.95,-29.41
2025-01-10 20:00:00,274.53,-40.96
2025-01-10 21:00:00,286.42,-52.31
2025-01-10 22:00:00,303.97,-62.77
2025-01-10 23:00:00,334.07,-70.4
2025-01-11 00:00:00,14.69,-71.48
2025-01-11 01:00:00,49.31,-65.28
2025-01-11 02:00:00,69.47,-55.32
2025-01-11 03:00:00,82.46,-44.11
2025-01-11 04:00:00,92.47,-32.57
2025-01-11 05:00:00,102.11,-20.11
2025-01-11 06:00:00,110.61,-9.3
2025-01-11 07:00:00,119.98,1.55
2025-01-11 08:00:00,128.4,9.3
2025-01-11 09:00:00,140.81,18.08
2025-01-11 10:00:00,154.17,24.29
2025-01-11 11:00:00,169.12,27.94
2025-01-11 12:00:00,184.83,28.55
2025-01-11 13:00:00,200.59,25.95
2025-01-11 14:00:00,214.58,20.61
2025-01-11 15:00:00,227.63,12.48
2025-01-11 16:00:00,237.62,4.01
2025-01-11 17:00:00,246.06,-5.16
2025-01-11 18:00:00,254.92,-16.1
2025-01-11 19:00:00,265.18,-29.42
2025-01-11 20:00:00,274.79,-40.97
2025-01-11 21:00:00,286.75,-52.31
2025-01-11 22:00:00,304.4,-62.73
2025-01-11 23:00:00,334.57,-70.29
2025-01-12 00:00:00,14.59,-71.33
2025-01-12 01:00:00,49.07,-65.15
2025-01-12 02:00:00,69.25,-55.22
2025-01-12 03:00:00,82.27,-44.02
2025-01-12 04:00:00,92.31,-32.48
2025-01-12 05:00:00,101.93,-20.07
2025-01-12 06:00:00,110.4,-9.29
2025-01-12 07:00:00,119.87,1.67
2025-01-12 08:00:00,128.59,9.66
2025-01-12 09:00:00,141.39,18.6
2025-01-12 10:00:00,154.87,24.71
2025-01-12 11:00:00,169.92,28.21
2025-01-12 12:00:00,185.3,28.69
2025-01-12 13:00:00,200.64,26.11
2025-01-12 14:00:00,214.66,20.75
2025-01-12 15:00:00,227.49,12.8
2025-01-12 16:00:00,237.55,4.3
2025-01-12 17:00:00,246.28,-5.16
2025-01-12 18:00:00,255.13,-16.11
2025-01-12 19:00:00,265.41,-29.43
2025-01-12 20:00:00,275.07,-40.97
2025-01-12 21:00:00,287.09,-52.3
2025-01-12 22:00:00,304.84,-62.69
2025-01-12 23:00:00,335.07,-70.18
2025-01-13 00:00:00,14.48,-71.17
2025-01-13 01:00:00,48.81,-65.03
2025-01-13 02:00:00,69.02,-55.12
2025-01-13 03:00:00,82.08,-43.93
2025-01-13 04:00:00,92.15,-32.38
2025-01-13 05:00:00,101.74,-20.02
2025-01-13 06:00:00,110.18,-9.29
2025-01-13 07:00:00,119.64,1.67
2025-01-13 08:00:00,128.34,9.68
2025-01-13 09:00:00,141.12,18.65
2025-01-13 10:00:00,154.6,24.8
2025-01-13 11:00:00,169.67,28.35
2025-01-13 12:00:00,185.29,28.86
2025-01-13 13:00:00,200.7,26.27
2025-01-13 14:00:00,214.75,20.9
2025-01-13 15:00:00,227.63,12.91
2025-01-13 16:00:00,237.66,4.44
2025-01-13 17:00:00,246.19,-4.76
2025-01-13 18:00:00,255.36,-16.11
2025-01-13 19:00:00,265.66,-29.43
2025-01-13 20:00:00,275.35,-40.98
2025-01-13 21:00:00,287.44,-52.3
2025-01-13 22:00:00,305.3,-62.65
2025-01-13 23:00:00,335.59,-70.06
2025-01-14 00:00:00,14.37,-71.0
2025-01-14 01:00:00,48.56,-64.89
2025-01-14 02:00:00,68.78,-55.01
2025-01-14 03:00:00,81.88,-43.83
2025-01-14 04:00:00,91.98,-32.29
2025-01-14 05:00:00,101.55,-19.97
2025-01-14 06:00:00,109.96,-9.29
2025-01-14 07:00:00,119.4,1.68
2025-01-14 08:00:00,128.09,9.69
2025-01-14 09:00:00,140.83,18.69
2025-01-14 10:00:00,154.32,24.89
2025-01-14 11:00:00,169.41,28.49
2025-01-14 12:00:00,185.27,29.04
2025-01-14 13:00:00,200.76,26.44
2025-01-14 14:00:00,214.84,21.06
2025-01-14 15:00:00,227.47,13.26
2025-01-14 16:00:00,237.76,4.58
2025-01-14 17:00:00,246.43,-4.77
2025-01-14 18:00:00,255.59,-16.11
2025-01-14 19:00:00,265.91,-29.44
2025-01-14 20:00:00,275.65,-40.99
2025-01-14 21:00:00,287.81,-52.29
2025-01-14 22:00:00,305.77,-62.6
2025-01-14 23:00:00,336.12,-69.94
2025-01-15 00:00:00,14.26,-70.83
2025-01-15 01:00:00,48.3,-64.75
2025-01-15 02:00:00,68.54,-54.89
2025-01-15 03:00:00,81.67,-43.72
2025-01-15 04:00:00,91.8,-32.18
2025-01-15 05:00:00,101.35,-19.92
2025-01-15 06:00:00,109.72,-9.29
2025-01-15 07:00:00,119.15,1.69
2025-01-15 08:00:00,127.83,9.71
2025-01-15 09:00:00,140.54,18.73
2025-01-15 10:00:00,154.02,24.98
2025-01-15 11:00:00,169.14,28.64
2025-01-15 12:00:00,185.26,29.22
2025-01-15 13:00:00,200.82,26.62
2025-01-15 14:00:00,214.94,21.22
2025-01-15 15:00:00,227.56,13.43
2025-01-15 16:00:00,237.71,4.87
2025-01-15 17:00:00,246.38,-4.4
2025-01-15 18:00:00,255.84,-16.12
2025-01-15 19:00:00,266.18,-29.45
2025-01-15 20:00:00,275.96,-41.0
2025-01-15 21:00:00,288.19,-52.29
2025-01-15 22:00:00,306.27,-62.56
2025-01-15 23:00:00,336.67,-69.8
2025-01-16 00:00:00,14.15,-70.65
2025-01-16 01:00:00,48.03,-64.6
2025-01-16 02:00:00,68.29,-54.77
2025-01-16 03:00:00,81.45,-43.61
2025-01-16 04:00:00,91.61,-32.08
2025-01-16 05:00:00,101.14,-19.86
2025-01-16 06:00:00,109.48,-9.28
2025-01-16 07:00:00,118.9,1.7
2025-01-16 08:00:00,127.55,9.73
2025-01-16 09:00:00,140.24,18.78
2025-01-16 10:00:00,153.72,25.08
2025-01-16 11:00:00,168.86,28.79
2025-01-16 12:00:00,184.88,29.43
2025-01-16 13:00:00,200.89,26.8
2025-01-16 14:00:00,215.04,21.39
2025-01-16 15:00:00,227.7,13.56
2025-01-16 16:00:00,238.01,4.85
2025-01-16 17:00:00,246.64,-4.41
2025-01-16 18:00:00,256.09,-16.12
2025-01-16 19:00:00,266.45,-29.46
2025-01-16 20:00:00,276.27,-41.0
2025-01-16 21:00:00,288.58,-52.27
2025-01-16 22:00:00,306.78,-62.5
2025-01-16 23:00:00,337.22,-69.67
2025-01-17 00:00:00,14.03,-70.46
2025-01-17 01:00:00,47.75,-64.45
2025-01-17 02:00:00,68.03,-54.64
2025-01-17 03:00:00,81.24,-43.5
2025-01-17 04:00:00,91.42,-31.97
2025-01-17 05:00:00,100.93,-19.81
2025-01-17 06:00:00,109.22,-9.28
2025-01-17 07:00:00,118.8,1.87
2025-01-17 08:00:00,127.47,9.92
2025-01-17 09:00:00,139.93,18.83
2025-01-17 10:00:00,153.41,25.18
2025-01-17 11:00:00,168.57,28.95
2025-01-17 12:00:00,184.85,29.62
2025-01-17 13:00:00,200.96,26.98
2025-01-17 14:00:00,215.14,21.56
2025-01-17 15:00:00,227.51,13.96
2025-01-17 16:00:00,237.97,5.15
2025-01-17 17:00:00,246.64,-4.08
2025-01-17 18:00:00,256.35,-16.12
2025-01-17 19:00:00,266.74,-29.46
2025-01-17 20:00:00,276.6,-41.0
2025-01-17 21:00:00,288.99,-52.26
2025-01-17 22:00:00,307.31,-62.45
2025-01-17 23:00:00,337.8,-69.52
2025-01-18 00:00:00,13.91,-70.26
2025-01-18 01:00:00,47.47,-64.29
2025-01-18 02:00:00,67.76,-54.51
2025-01-18 03:00:00,81.01,-43.39
2025-01-18 04:00:00,91.22,-31.86
2025-01-18 05:00:00,100.71,-19.75
2025-01-18 06:00:00,108.96,-9.28
2025-01-18 07:00:00,118.53,1.88
2025-01-18 08:00:00,127.17,9.94
2025-01-18 09:00:00,139.6,18.87
2025-01-18 10:00:00,153.08,25.28
2025-01-18 11:00:00,168.26,29.11
2025-01-18 12:00:00,184.28,29.87
2025-01-18 13:00:00,200.02,27.45
2025-01-18 14:00:00,214.36,22.18
2025-01-18 15:00:00,226.87,14.68
2025-01-18 16:00:00,237.95,5.45
2025-01-18 17:00:00,246.66,-3.78
2025-01-18 18:00:00,255.74,-14.99
2025-01-18 19:00:00,264.0,-25.62
2025-01-18 20:00:00,273.46,-37.17
2025-01-18 21:00:00,284.81,-48.57
2025-01-18 22:00:00,300.7,-59.22
2025-01-18 23:00:00,326.53,-67.61
2025-01-19 00:00:00,98.19,-70.22
2025-01-19 01:00:00,47.18,-64.13
2025-01-19 02:00:00,67.49,-54.38
2025-01-19 03:00:00,80.78,-43.27
2025-01-19 04:00:00,91.02,-31.74
2025-01-19 05:00:00,100.48,-19.69
2025-01-19 06:00:00,108.69,-9.27
2025-01-19 07:00:00,118.25,1.89
2025-01-19 08:00:00,127.18,10.2
2025-01-19 09:00:00,140.11,19.42
2025-01-19 10:00:00,153.72,25.73
2025-01-19 11:00:00,169.01,29.43
2025-01-19 12:00:00,184.8,30.07
2025-01-19 13:00:00,200.08,27.65
2025-01-19 14:00:00,214.46,22.36
2025-01-19 15:00:00,227.0,14.85
2025-01-19 16:00:00,238.1,5.59
2025-01-19 17:00:00,246.57,-3.32
2025-01-19 18:00:00,255.41,-14.22
2025-01-19 19:00:00,264.29,-25.63
2025-01-19 20:00:00,273.79,-37.18
2025-01-19 21:00:00,285.22,-48.56
2025-01-19 22:00:00,301.21,-59.18
2025-01-19 23:00:00,327.14,-67.5
2025-01-20 00:00:00,98.23,-70.01
2025-01-20 01:00:00,46.89,-63.96
2025-01-20 02:00:00,67.2,-54.24
2025-01-20 03:00:00,80.53,-43.14
2025-01-20 04:00:00,90.81,-31.62
2025-01-20 05:00:00,100.97,-18.7
2025-01-20 06:00:00,108.98,-8.56
2025-01-20 07:00:00,117.96,1.9
2025-01-20 08:00:00,126.86,10.22
2025-01-20 09:00:00,139.77,19.47
2025-01-20 10:00:00,153.38,25.84
2025-01-20 11:00:00,168.69,29.61
2025-01-20 12:00:00,184.42,30.3
2025-01-20 13:00:00,200.16,27.85
2025-01-20 14:00:00,214.57,22.55
2025-01-20 15:00:00,227.14,15.02
2025-01-20 16:00:00,238.26,5.73
2025-01-20 17:00:00,246.64,-3.05
2025-01-20 18:00:00,255.7,-14.23
2025-01-20 19:00:00,264.59,-25.64
2025-01-20 20:00:00,274.14,-37.19
2025-01-20 21:00:00,285.63,-48.56
2025-01-20 22:00:00,301.74,-59.13
2025-01-20 23:00:00,327.77,-67.37
2025-01-21 00:00:00,98.28,-69.8
2025-01-21 01:00:00,46.58,-63.78
2025-01-21 02:00:00,66.92,-54.1
2025-01-21 03:00:00,80.28,-43.01
2025-01-21 04:00:00,90.6,-31.49
2025-01-21 05:00:00,100.72,-18.64
2025-01-21 06:00:00,109.13,-8.03
2025-01-21 07:00:00,118.03,2.3
2025-01-21 08:00:00,126.75,10.42
2025-01-21 09:00:00,139.42,19.53
2025-01-21 10:00:00,153.03,25.95
2025-01-21 11:00:00,168.37,29.79
2025-01-21 12:00:00,184.38,30.52
2025-01-21 13:00:00,200.23,28.07
2025-01-21 14:00:00,214.69,22.75
2025-01-21 15:00:00,227.28,15.19
2025-01-21 16:00:00,238.45,5.87
2025-01-21 17:00:00,246.89,-3.01
2025-01-21 18:00:00,255.99,-14.23
2025-01-21 19:00:00,266.21,-27.26
2025-01-21 20:00:00,276.69,-39.61
2025-01-21 21:00:00,288.95,-50.86
2025-01-21 22:00:00,306.73,-61.08
2025-01-21 23:00:00,335.68,-68.36
2025-01-22 00:00:00,13.43,-69.42
2025-01-22 01:00:00,46.29,-63.6
2025-01-22 02:00:00,66.63,-53.95
2025-01-22 03:00:00,80.04,-42.88
2025-01-22 04:00:00,90.38,-31.36
2025-01-22 05:00:00,100.46,-18.59
2025-01-22 06:00:00,108.84,-8.02
2025-01-22 07:00:00,117.73,2.31
2025-01-22 08:00:00,126.45,10.47
2025-01-22 09:00:00,139.06,19.58
2025-01-22 10:00:00,152.67,26.07
2025-01-22 11:00:00,168.03,29.97
2025-01-22 12:00:00,184.34,30.75
2025-01-22 13:00:00,200.3,28.29
2025-01-22 14:00:00,214.81,22.95
2025-01-22 15:00:00,227.43,15.38
2025-01-22 16:00:00,238.77,5.87
2025-01-22 17:00:00,247.18,-2.99
2025-01-22 18:00:00,256.3,-14.23
2025-01-22 19:00:00,265.95,-26.55
2025-01-22 20:00:00,275.66,-38.1
2025-01-22 21:00:00,287.56,-49.41
2025-01-22 22:00:00,304.45,-59.79
2025-01-22 23:00:00,331.7,-67.54
2025-01-23 00:00:00,13.31,-69.2
2025-01-23 01:00:00,45.98,-63.42
2025-01-23 02:00:00,66.33,-53.8
2025-01-23 03:00:00,79.78,-42.74
2025-01-23 04:00:00,90.16,-31.23
2025-01-23 05:00:00,100.2,-18.53
2025-01-23 06:00:00,108.53,-8.02
2025-01-23 07:00:00,117.41,2.32
2025-01-23 08:00:00,126.11,10.49
2025-01-23 09:00:00,138.69,19.64
2025-01-23 10:00:00,152.3,26.19
2025-01-23 11:00:00,167.69,30.15
2025-01-23 12:00:00,184.01,30.99
2025-01-23 13:00:00,200.38,28.51
2025-01-23 14:00:00,214.93,23.16
2025-01-23 15:00:00,227.58,15.56
2025-01-23 16:00:00,238.8,6.17
2025-01-23 17:00:00,247.28,-2.73
2025-01-23 18:00:00,256.61,-14.24
2025-01-23 19:00:00,265.55,-25.65
2025-01-23 20:00:00,275.22,-37.2
2025-01-23 21:00:00,286.94,-48.53
2025-01-23 22:00:00,303.4,-58.98
2025-01-23 23:00:00,329.71,-66.96
2025-01-24 00:00:00,98.43,-69.13
2025-01-24 01:00:00,45.67,-63.22
2025-01-24 02:00:00,66.03,-53.64
2025-01-24 03:00:00,79.51,-42.6
2025-01-24 04:00:00,89.93,-31.09
2025-01-24 05:00:00,99.93,-18.48
2025-01-24 06:00:00,108.22,-8.02
2025-01-24 07:00:00,117.26,2.5
2025-01-24 08:00:00,126.32,10.97
2025-01-24 09:00:00,139.16,20.2
2025-01-24 10:00:00,152.9,26.66
2025-01-24 11:00:00,168.41,30.5
2025-01-24 12:00:00,184.47,31.22
2025-01-24 13:00:00,200.46,28.74
2025-01-24 14:00:00,215.05,23.37
2025-01-24 15:00:00,227.73,15.75
2025-01-24 16:00:00,238.98,6.33
2025-01-24 17:00:00,247.39,-2.49
2025-01-24 18:00:00,256.92,-14.24
2025-01-24 19:00:00,265.89,-25.66
2025-01-24 20:00:00,275.6,-37.2
2025-01-24 21:00:00,287.4,-48.52
2025-01-24 22:00:00,303.98,-58.93
2025-01-24 23:00:00,330.38,-66.81
2025-01-25 00:00:00,98.47,-68.9
2025-01-25 01:00:00,45.35,-63.03
2025-01-25 02:00:00,65.71,-53.48
2025-01-25 03:00:00,79.24,-42.46
2025-01-25 04:00:00,89.69,-30.95
2025-01-25 05:00:00,99.65,-18.42
2025-01-25 06:00:00,107.91,-8.01
2025-01-25 07:00:00,116.93,2.51
2025-01-25 08:00:00,125.96,10.99
2025-01-25 09:00:00,138.77,20.26
2025-01-25 10:00:00,152.51,26.79
2025-01-25 11:00:00,168.06,30.7
2025-01-25 12:00:00,184.43,31.47
2025-01-25 13:00:00,200.54,28.98
2025-01-25 14:00:00,215.18,23.59
2025-01-25 15:00:00,227.89,15.95
2025-01-25 16:00:00,239.34,6.33
2025-01-25 17:00:00,247.74,-2.5
2025-01-25 18:00:00,257.25,-14.24
2025-01-25 19:00:00,266.23,-25.66
2025-01-25 20:00:00,275.99,-37.21
2025-01-25 21:00:00,287.87,-48.51
2025-01-25 22:00:00,304.58,-58.87
2025-01-25 23:00:00,331.06,-66.66
2025-01-26 00:00:00,98.52,-68.66
2025-01-26 01:00:00,45.04,-62.82
2025-01-26 02:00:00,65.4,-53.31
2025-01-26 03:00:00,78.98,-42.3
2025-01-26 04:00:00,89.45,-30.8
2025-01-26 05:00:00,99.37,-18.36
2025-01-26 06:00:00,107.58,-8.01
2025-01-26 07:00:00,116.59,2.52
2025-01-26 08:00:00,125.6,11.01
2025-01-26 09:00:00,138.38,20.33
2025-01-26 10:00:00,152.12,26.92
2025-01-26 11:00:00,167.69,30.9
2025-01-26 12:00:00,184.38,31.72
2025-01-26 13:00:00,200.62,29.22
2025-01-26 14:00:00,215.31,23.81
2025-01-26 15:00:00,228.05,16.15
2025-01-26 16:00:00,239.4,6.62
2025-01-26 17:00:00,247.55,-1.88
2025-01-26 18:00:00,256.98,-13.49
2025-01-26 19:00:00,266.58,-25.67
2025-01-26 20:00:00,276.39,-37.21
2025-01-26 21:00:00,288.35,-48.49
2025-01-26 22:00:00,305.17,-58.8
2025-01-26 23:00:00,331.75,-66.49
2025-01-27 00:00:00,98.58,-68.41
2025-01-27 01:00:00,45.02,-62.51
2025-01-27 02:00:00,65.28,-53.01
2025-01-27 03:00:00,78.84,-42.01
2025-01-27 04:00:00,89.32,-30.52
2025-01-27 05:00:00,99.12,-18.24
2025-01-27 06:00:00,107.25,-8.01
2025-01-27 07:00:00,116.42,2.7
2025-01-27 08:00:00,125.45,11.24
2025-01-27 09:00:00,137.98,20.39
2025-01-27 10:00:00,151.72,27.05
2025-01-27 11:00:00,167.31,31.11
2025-01-27 12:00:00,184.04,31.99
2025-01-27 13:00:00,200.71,29.47
2025-01-27 14:00:00,215.45,24.04
2025-01-27 15:00:00,228.21,16.35
2025-01-27 16:00:00,239.59,6.79
2025-01-27 17:00:00,247.72,-1.67
2025-01-27 18:00:00,257.32,-13.49
2025-01-27 19:00:00,266.95,-25.67
2025-01-27 20:00:00,276.8,-37.22
2025-01-27 21:00:00,288.86,-48.49
2025-01-27 22:00:00,305.82,-58.75
2025-01-27 23:00:00,332.73,-66.38
2025-01-28 00:00:00,12.68,-67.98
2025-01-28 01:00:00,44.39,-62.4
2025-01-28 02:00:00,64.76,-52.96
2025-01-28 03:00:00,78.41,-41.99
2025-01-28 04:00:00,88.96,-30.5
2025-01-28 05:00:00,98.92,-18.06
2025-01-28 06:00:00,107.32,-7.51
2025-01-28 07:00:00,116.26,2.92
2025-01-28 08:00:00,125.41,11.53
2025-01-28 09:00:00,138.44,20.98
2025-01-28 10:00:00,152.32,27.55
2025-01-28 11:00:00,168.05,31.49
2025-01-28 12:00:00,184.53,32.24
2025-01-28 13:00:00,200.8,29.72
2025-01-28 14:00:00,215.59,24.27
2025-01-28 15:00:00,228.38,16.56
2025-01-28 16:00:00,239.79,6.97
2025-01-28 17:00:00,247.89,-1.47
2025-01-28 18:00:00,257.67,-13.5
2025-01-28 19:00:00,267.31,-25.68
2025-01-28 20:00:00,277.22,-37.21
2025-01-28 21:00:00,289.34,-48.45
2025-01-28 22:00:00,306.42,-58.66
2025-01-28 23:00:00,333.13,-66.15
2025-01-29 00:00:00,12.56,-67.72
2025-01-29 01:00:00,44.07,-62.18
2025-01-29 02:00:00,64.44,-52.78
2025-01-29 03:00:00,78.13,-41.83
2025-01-29 04:00:00,88.71,-30.35
2025-01-29 05:00:00,98.6,-18.02
2025-01-29 06:00:00,106.97,-7.5
2025-01-29 07:00:00,116.07,3.1
2025-01-29 08:00:00,125.25,11.76
2025-01-29 09:00:00,138.0,21.04
2025-01-29 10:00:00,151.87,27.68
2025-01-29 11:00:00,167.63,31.69
2025-01-29 12:00:00,184.47,32.5
2025-01-29 13:00:00,200.89,29.97
2025-01-29 14:00:00,215.73,24.5
2025-01-29 15:00:00,228.56,16.77
2025-01-29 16:00:00,240.16,6.98
2025-01-29 17:00:00,248.27,-1.49
2025-01-29 18:00:00,258.03,-13.5
2025-01-29 19:00:00,267.69,-25.68
2025-01-29 20:00:00,277.64,-37.22
2025-01-29 21:00:00,289.86,-48.43
2025-01-29 22:00:00,307.06,-58.59
2025-01-29 23:00:00,333.84,-65.98
2025-01-30 00:00:00,12.44,-67.46
2025-01-30 01:00:00,43.74,-61.96
2025-01-30 02:00:00,64.11,-52.59
2025-01-30 03:00:00,77.84,-41.66
2025-01-30 04:00:00,88.45,-30.19
2025-01-30 05:00:00,98.28,-17.97
2025-01-30 06:00:00,106.62,-7.5
2025-01-30 07:00:00,115.7,3.11
2025-01-30 08:00:00,124.85,11.78
2025-01-30 09:00:00,137.58,21.11
2025-01-30 10:00:00,151.45,27.82
2025-01-30 11:00:00,167.24,31.91
2025-01-30 12:00:00,184.12,32.79
2025-01-30 13:00:00,200.99,30.24
2025-01-30 14:00:00,215.87,24.75
2025-01-30 15:00:00,228.73,16.99
2025-01-30 16:00:00,240.25,7.28
2025-01-30 17:00:00,248.46,-1.3
2025-01-30 18:00:00,258.39,-13.5
2025-01-30 19:00:00,268.07,-25.68
2025-01-30 20:00:00,278.08,-37.22
2025-01-30 21:00:00,290.37,-48.4
2025-01-30 22:00:00,307.7,-58.51
2025-01-30 23:00:00,334.54,-65.79
2025-01-31 00:00:00,12.31,-67.19
2025-01-31 01:00:00,43.42,-61.73
2025-01-31 02:00:00,63.77,-52.4
2025-01-31 03:00:00,77.54,-41.49
2025-01-31 04:00:00,88.19,-30.02
2025-01-31 05:00:00,97.94,-17.93
2025-01-31 06:00:00,106.26,-7.5
2025-01-31 07:00:00,115.46,3.26
2025-01-31 08:00:00,124.57,11.91
2025-01-31 09:00:00,137.15,21.18
2025-01-31 10:00:00,151.02,27.96
2025-01-31 11:00:00,166.83,32.13
2025-01-31 12:00:00,184.05,33.07
2025-01-31 13:00:00,201.08,30.5
2025-01-31 14:00:00,216.02,24.99
2025-01-31 15:00:00,228.91,17.21
2025-01-31 16:00:00,240.45,7.47
2025-01-31 17:00:00,248.49,-0.91
2025-01-31 18:00:00,258.76,-13.51
2025-01-31 19:00:00,268.46,-25.69
2025-01-31 20:00:00,278.52,-37.22
2025-01-31 21:00:00,290.91,-48.38
2025-01-31 22:00:00,308.36,-58.42
2025-01-31 23:00:00,335.25,-65.6
2025-02-01 00:00:00,12.19,-66.91
2025-02-01 01:00:00,43.09,-61.49
2025-02-01 02:00:00,63.44,-52.21
2025-02-01 03:00:00,77.24,-41.32
2025-02-01 04:00:00,87.92,-29.86
2025-02-01 05:00:00,97.6,-17.89
2025-02-01 06:00:00,105.89,-7.5
2025-02-01 07:00:00,115.25,3.44
2025-02-01 08:00:00,124.78,12.45
2025-02-01 09:00:00,137.57,21.77
2025-02-01 10:00:00,151.57,28.48
2025-02-01 11:00:00,167.53,32.53
2025-02-01 12:00:00,184.55,33.34
2025-02-01 13:00:00,201.18,30.77
2025-02-01 14:00:00,216.17,25.24
2025-02-01 15:00:00,229.09,17.43
2025-02-01 16:00:00,240.84,7.49
2025-02-01 17:00:00,248.89,-0.92
2025-02-01 18:00:00,259.13,-13.51
2025-02-01 19:00:00,268.86,-25.69
2025-02-01 20:00:00,278.97,-37.22
2025-02-01 21:00:00,291.45,-48.35
2025-02-01 22:00:00,309.03,-58.33
2025-02-01 23:00:00,335.97,-65.4
2025-02-02 00:00:00,12.06,-66.64
2025-02-02 01:00:00,42.76,-61.25
2025-02-02 02:00:00,63.1,-52.01
2025-02-02 03:00:00,76.94,-41.14
2025-02-02 04:00:00,87.65,-29.69
2025-02-02 05:00:00,97.26,-17.84
2025-02-02 06:00:00,105.9,-7.01
2025-02-02 07:00:00,115.05,3.67
2025-02-02 08:00:00,124.36,12.47
2025-02-02 09:00:00,137.12,21.85
2025-02-02 10:00:00,151.13,28.62
2025-02-02 11:00:00,167.12,32.76
2025-02-02 12:00:00,184.2,33.64
2025-02-02 13:00:00,201.28,31.05
2025-02-02 14:00:00,216.32,25.49
2025-02-02 15:00:00,229.28,17.66
2025-02-02 16:00:00,240.95,7.79
2025-02-02 17:00:00,249.11,-0.73
2025-02-02 18:00:00,259.52,-13.52
2025-02-02 19:00:00,269.27,-25.7
2025-02-02 20:00:00,279.43,-37.21
2025-02-02 21:00:00,292.0,-48.32
2025-02-02 22:00:00,309.7,-58.24
2025-02-02 23:00:00,336.68,-65.2
2025-02-03 00:00:00,11.94,-66.35
2025-02-03 01:00:00,42.43,-61.01
2025-02-03 02:00:00,62.76,-51.8
2025-02-03 03:00:00,76.63,-40.96
2025-02-03 04:00:00,87.38,-29.51
2025-02-03 05:00:00,97.61,-16.92
2025-02-03 06:00:00,106.04,-6.37
2025-02-03 07:00:00,114.83,3.85
2025-02-03 08:00:00,124.2,12.74
2025-02-03 09:00:00,136.67,21.92
2025-02-03 10:00:00,150.67,28.77
2025-02-03 11:00:00,166.69,32.99
2025-02-03 12:00:00,184.12,33.93
2025-02-03 13:00:00,201.38,31.33
2025-02-03 14:00:00,216.48,25.75
2025-02-03 15:00:00,229.47,17.89
2025-02-03 16:00:00,241.15,8.0
2025-02-03 17:00:00,249.04,-0.19
2025-02-03 18:00:00,259.3,-12.77
2025-02-03 19:00:00,269.68,-25.7
2025-02-03 20:00:00,279.9,-37.21
2025-02-03 21:00:00,292.55,-48.29
2025-02-03 22:00:00,310.38,-58.15
2025-02-03 23:00:00,337.4,-64.98
2025-02-04 00:00:00,11.82,-66.06
2025-02-04 01:00:00,42.1,-60.76
2025-02-04 02:00:00,62.41,-51.6
2025-02-04 03:00:00,76.32,-40.78
2025-02-04 04:00:00,87.1,-29.34
2025-02-04 05:00:00,97.24,-16.89
2025-02-04 06:00:00,105.66,-6.36
2025-02-04 07:00:00,114.43,3.86
2025-02-04 08:00:00,124.13,13.06
2025-02-04 09:00:00,137.08,22.52
2025-02-04 10:00:00,151.22,29.3
2025-02-04 11:00:00,167.39,33.4
2025-02-04 12:00:00,184.63,34.22
2025-02-04 13:00:00,201.49,31.61
2025-02-04 14:00:00,216.64,26.01
2025-02-04 15:00:00,229.67,18.13
2025-02-04 16:00:00,241.55,8.04
2025-02-04 17:00:00,249.46,-0.21
2025-02-04 18:00:00,259.69,-12.77
2025-02-04 19:00:00,270.1,-25.7
2025-02-04 20:00:00,280.38,-37.2
2025-02-04 21:00:00,293.12,-48.26
2025-02-04 22:00:00,311.07,-58.04
2025-02-04 23:00:00,338.12,-64.77
2025-02-05 00:00:00,11.7,-65.76
2025-02-05 01:00:00,41.77,-60.51
2025-02-05 02:00:00,62.06,-51.39
2025-02-05 03:00:00,76.01,-40.59
2025-02-05 04:00:00,86.82,-29.16
2025-02-05 05:00:00,96.87,-16.85
2025-02-05 06:00:00,105.27,-6.36
2025-02-05 07:00:00,114.2,4.05
2025-02-05 08:00:00,123.97,13.33
2025-02-05 09:00:00,136.61,22.6
2025-02-05 10:00:00,150.75,29.46
2025-02-05 11:00:00,166.95,33.64
2025-02-05 12:00:00,184.27,34.53
2025-02-05 13:00:00,201.6,31.91
2025-02-05 14:00:00,216.81,26.28
2025-02-05 15:00:00,229.87,18.37
2025-02-05 16:00:00,241.67,8.34
2025-02-05 17:00:00,249.71,-0.03
2025-02-05 18:00:00,260.1,-12.77
2025-02-05 19:00:00,270.53,-25.71
2025-02-05 20:00:00,280.86,-37.19
2025-02-05 21:00:00,293.7,-48.22
2025-02-05 22:00:00,311.76,-57.94
2025-02-05 23:00:00,338.84,-64.54
2025-02-06 00:00:00,11.58,-65.47
2025-02-06 01:00:00,41.44,-60.25
2025-02-06 02:00:00,61.71,-51.17
2025-02-06 03:00:00,75.7,-40.4
2025-02-06 04:00:00,86.54,-28.98
2025-02-06 05:00:00,96.5,-16.81
2025-02-06 06:00:00,105.23,-5.91
2025-02-06 07:00:00,113.97,4.26
2025-02-06 08:00:00,123.52,13.36
2025-02-06 09:00:00,136.14,22.69
2025-02-06 10:00:00,150.28,29.61
2025-02-06 11:00:00,166.51,33.88
2025-02-06 12:00:00,184.2,34.84
2025-02-06 13:00:00,201.7,32.2
2025-02-06 14:00:00,216.97,26.55
2025-02-06 15:00:00,230.07,18.61
2025-02-06 16:00:00,241.88,8.56
2025-02-06 17:00:00,249.96,0.14
2025-02-06 18:00:00,260.5,-12.77
2025-02-06 19:00:00,270.96,-25.71
2025-02-06 20:00:00,281.35,-37.19
2025-02-06 21:00:00,294.28,-48.18
2025-02-06 22:00:00,312.47,-57.83
2025-02-06 23:00:00,339.55,-64.31
2025-02-07 00:00:00,11.46,-65.16
2025-02-07 01:00:00,41.12,-59.99
2025-02-07 02:00:00,61.37,-50.95
2025-02-07 03:00:00,75.38,-40.2
2025-02-07 04:00:00,86.26,-28.79
2025-02-07 05:00:00,96.12,-16.77
2025-02-07 06:00:00,104.83,-5.91
2025-02-07 07:00:00,113.72,4.44
2025-02-07 08:00:00,123.36,13.65
2025-02-07 09:00:00,135.67,22.77
2025-02-07 10:00:00,149.8,29.77
2025-02-07 11:00:00,166.06,34.13
2025-02-07 12:00:00,184.13,35.15
2025-02-07 13:00:00,201.82,32.49
2025-02-07 14:00:00,217.14,26.82
2025-02-07 15:00:00,230.27,18.85
2025-02-07 16:00:00,242.09,8.8
2025-02-07 17:00:00,250.22,0.32
2025-02-07 18:00:00,260.32,-12.04
2025-02-07 19:00:00,268.21,-21.85
2025-02-07 20:00:00,278.16,-33.38
2025-02-07 21:00:00,290.11,-44.58
2025-02-07 22:00:00,306.26,-54.76
2025-02-07 23:00:00,330.15,-62.47
2025-02-08 00:00:00,96.28,-64.96
2025-02-08 01:00:00,40.78,-59.72
2025-02-08 02:00:00,61.02,-50.73
2025-02-08 03:00:00,75.06,-40.0
2025-02-08 04:00:00,85.97,-28.6
2025-02-08 05:00:00,95.74,-16.73
2025-02-08 06:00:00,104.42,-5.9
2025-02-08 07:00:00,113.3,4.45
2025-02-08 08:00:00,123.28,13.98
2025-02-08 09:00:00,136.06,23.38
2025-02-08 10:00:00,150.33,30.32
2025-02-08 11:00:00,166.75,34.56
2025-02-08 12:00:00,184.35,35.47
2025-02-08 13:00:00,201.93,32.8
2025-02-08 14:00:00,217.32,27.1
2025-02-08 15:00:00,230.48,19.11
2025-02-08 16:00:00,242.42,8.92
2025-02-08 17:00:00,250.66,0.3
2025-02-08 18:00:00,260.73,-12.04
2025-02-08 19:00:00,268.64,-21.85
2025-02-08 20:00:00,278.65,-33.38
2025-02-08 21:00:00,290.67,-44.55
2025-02-08 22:00:00,306.94,-54.67
2025-02-08 23:00:00,330.9,-62.28
2025-02-09 00:00:00,96.36,-64.65
2025-02-09 01:00:00,40.46,-59.45
2025-02-09 02:00:00,60.67,-50.5
2025-02-09 03:00:00,74.74,-39.8
2025-02-09 04:00:00,85.68,-28.4
2025-02-09 05:00:00,95.35,-16.69
2025-02-09 06:00:00,104.01,-5.9
2025-02-09 07:00:00,113.05,4.64
2025-02-09 08:00:00,123.44,14.56
2025-02-09 09:00:00,135.57,23.47
2025-02-09 10:00:00,149.84,30.48
2025-02-09 11:00:00,166.29,34.82
2025-02-09 12:00:00,184.27,35.78
2025-02-09 13:00:00,202.05,33.1
2025-02-09 14:00:00,217.49,27.37
2025-02-09 15:00:00,230.69,19.35
2025-02-09 16:00:00,242.63,9.17
2025-02-09 17:00:00,250.9,0.5
2025-02-09 18:00:00,261.16,-12.04
2025-02-09 19:00:00,269.08,-21.85
2025-02-09 20:00:00,279.13,-33.37
2025-02-09 21:00:00,291.24,-44.51
2025-02-09 22:00:00,307.62,-54.57
2025-02-09 23:00:00,331.65,-62.08
2025-02-10 00:00:00,186.43,-64.34
2025-02-10 01:00:00,40.13,-59.17
2025-02-10 02:00:00,60.31,-50.27
2025-02-10 03:00:00,74.41,-39.59
2025-02-10 04:00:00,85.39,-28.21
2025-02-10 05:00:00,94.95,-16.65
2025-02-10 06:00:00,103.95,-5.43
2025-02-10 07:00:00,112.78,4.83
2025-02-10 08:00:00,122.96,14.59
2025-02-10 09:00:00,135.07,23.56
2025-02-10 10:00:00,149.34,30.65
2025-02-10 11:00:00,165.82,35.07
2025-02-10 12:00:00,184.2,36.1
2025-02-10 13:00:00,202.16,33.41
2025-02-10 14:00:00,217.67,27.66
2025-02-10 15:00:00,230.9,19.61
2025-02-10 16:00:00,242.83,9.43
2025-02-10 17:00:00,250.93,0.97
2025-02-10 18:00:00,260.98,-11.29
2025-02-10 19:00:00,269.52,-21.86
2025-02-10 20:00:00,279.63,-33.37
2025-02-10 21:00:00,291.82,-44.48
2025-02-10 22:00:00,308.31,-54.48
2025-02-10 23:00:00,332.41,-61.87
2025-02-11 00:00:00,186.52,-64.02
2025-02-11 01:00:00,39.81,-58.89
2025-02-11 02:00:00,59.96,-50.03
2025-02-11 03:00:00,74.09,-39.38
2025-02-11 04:00:00,85.09,-28.01
2025-02-11 05:00:00,95.17,-15.84
2025-02-11 06:00:00,104.0,-4.83
2025-02-11 07:00:00,112.51,5.01
2025-02-11 08:00:00,123.23,15.26
2025-02-11 09:00:00,135.45,24.18
2025-02-11 10:00:00,149.87,31.2
2025-02-11 11:00:00,166.52,35.51
2025-02-11 12:00:00,184.42,36.44
2025-02-11 13:00:00,202.28,33.72
2025-02-11 14:00:00,217.86,27.94
2025-02-11 15:00:00,231.12,19.87
2025-02-11 16:00:00,243.18,9.54
2025-02-11 17:00:00,251.39,0.95
2025-02-11 18:00:00,261.41,-11.29
2025-02-11 19:00:00,269.97,-21.86
2025-02-11 20:00:00,280.13,-33.36
2025-02-11 21:00:00,292.4,-44.44
2025-02-11 22:00:00,309.01,-54.37
2025-02-11 23:00:00,333.15,-61.65
2025-02-12 00:00:00,186.59,-63.7
2025-02-12 01:00:00,39.48,-58.61
2025-02-12 02:00:00,59.6,-49.79
2025-02-12 03:00:00,73.76,-39.17
2025-02-12 04:00:00,84.79,-27.81
2025-02-12 05:00:00,94.76,-15.81
2025-02-12 06:00:00,103.89,-4.42
2025-02-12 07:00:00,112.23,5.2
2025-02-12 08:00:00,122.74,15.28
2025-02-12 09:00:00,134.95,24.27
2025-02-12 10:00:00,149.36,31.38
2025-02-12 11:00:00,166.04,35.78
2025-02-12 12:00:00,184.34,36.76
2025-02-12 13:00:00,202.4,34.04
2025-02-12 14:00:00,218.04,28.23
2025-02-12 15:00:00,231.34,20.13
2025-02-12 16:00:00,243.38,9.81
2025-02-12 17:00:00,251.68,1.12
2025-02-12 18:00:00,261.84,-11.29
2025-02-12 19:00:00,270.43,-21.86
2025-02-12 20:00:00,280.63,-33.35
2025-02-12 21:00:00,292.99,-44.4
2025-02-12 22:00:00,309.71,-54.26
2025-02-12 23:00:00,333.9,-61.43
2025-02-13 00:00:00,186.67,-63.38
2025-02-13 01:00:00,39.16,-58.32
2025-02-13 02:00:00,59.25,-49.54
2025-02-13 03:00:00,73.43,-38.95
2025-02-13 04:00:00,84.49,-27.6
2025-02-13 05:00:00,94.35,-15.78
2025-02-13 06:00:00,103.45,-4.41
2025-02-13 07:00:00,111.97,5.4
2025-02-13 08:00:00,123.01,15.96
2025-02-13 09:00:00,135.32,24.91
2025-02-13 10:00:00,149.89,31.94
2025-02-13 11:00:00,166.74,36.23
2025-02-13 12:00:00,184.87,37.09
2025-02-13 13:00:00,202.53,34.36
2025-02-13 14:00:00,218.23,28.53
2025-02-13 15:00:00,231.57,20.39
2025-02-13 16:00:00,243.56,10.1
2025-02-13 17:00:00,251.97,1.29
2025-02-13 18:00:00,262.29,-11.3
2025-02-13 19:00:00,270.89,-21.86
2025-02-13 20:00:00,281.15,-33.34
2025-02-13 21:00:00,293.59,-44.36
2025-02-13 22:00:00,310.41,-54.15
2025-02-13 23:00:00,334.65,-61.21
2025-02-14 00:00:00,186.74,-63.05
2025-02-14 01:00:00,38.84,-58.03
2025-02-14 02:00:00,58.89,-49.3
2025-02-14 03:00:00,73.09,-38.73
2025-02-14 04:00:00,84.19,-27.39
2025-02-14 05:00:00,93.93,-15.74
2025-02-14 06:00:00,103.3,-4.03
2025-02-14 07:00:00,111.68,5.58
2025-02-14 08:00:00,122.51,15.99
2025-02-14 09:00:00,134.81,25.0
2025-02-14 10:00:00,149.36,32.12
2025-02-14 11:00:00,166.25,36.5
2025-02-14 12:00:00,184.49,37.44
2025-02-14 13:00:00,202.65,34.68
2025-02-14 14:00:00,218.42,28.82
2025-02-14 15:00:00,231.79,20.65
2025-02-14 16:00:00,243.95,10.2
2025-02-14 17:00:00,252.22,1.54
2025-02-14 18:00:00,261.58,-9.87
2025-02-14 19:00:00,270.27,-20.55
2025-02-14 20:00:00,281.67,-33.33
2025-02-14 21:00:00,294.19,-44.32
2025-02-14 22:00:00,311.12,-54.04
2025-02-14 23:00:00,335.4,-60.97
2025-02-15 00:00:00,186.82,-62.72
2025-02-15 01:00:00,38.52,-57.73
2025-02-15 02:00:00,58.54,-49.05
2025-02-15 03:00:00,72.76,-38.51
2025-02-15 04:00:00,83.89,-27.18
2025-02-15 05:00:00,93.51,-15.7
2025-02-15 06:00:00,103.13,-3.69
2025-02-15 07:00:00,111.39,5.77
2025-02-15 08:00:00,122.01,16.01
2025-02-15 09:00:00,134.28,25.1
2025-02-15 10:00:00,148.84,32.29
2025-02-15 11:00:00,165.76,36.77
2025-02-15 12:00:00,184.42,37.78
2025-02-15 13:00:00,202.79,35.01
2025-02-15 14:00:00,218.62,29.12
2025-02-15 15:00:00,232.02,20.92
2025-02-15 16:00:00,244.13,10.51
2025-02-15 17:00:00,252.53,1.71
2025-02-15 18:00:00,262.03,-9.88
2025-02-15 19:00:00,270.74,-20.55
2025-02-15 20:00:00,282.19,-33.32
2025-02-15 21:00:00,294.8,-44.26
2025-02-15 22:00:00,311.84,-53.92
2025-02-15 23:00:00,336.14,-60.73
2025-02-16 00:00:00,186.9,-62.38
2025-02-16 01:00:00,38.22,-57.43
2025-02-16 02:00:00,58.19,-48.79
2025-02-16 03:00:00,72.43,-38.28
2025-02-16 04:00:00,83.58,-26.96
2025-02-16 05:00:00,93.08,-15.66
2025-02-16 06:00:00,102.68,-3.69
2025-02-16 07:00:00,111.12,5.98
2025-02-16 08:00:00,122.27,16.7
2025-02-16 09:00:00,134.66,25.74
2025-02-16 10:00:00,149.37,32.87
2025-02-16 11:00:00,166.46,37.23
2025-02-16 12:00:00,184.96,38.11
2025-02-16 13:00:00,202.92,35.34
2025-02-16 14:00:00,218.82,29.42
2025-02-16 15:00:00,232.26,21.19
2025-02-16 16:00:00,244.29,10.84
2025-02-16 17:00:00,252.84,1.88
2025-02-16 18:00:00,262.49,-9.88
2025-02-16 19:00:00,271.21,-20.55
2025-02-16 20:00:00,282.72,-33.3
2025-02-16 21:00:00,295.41,-44.21
2025-02-16 22:00:00,312.56,-53.79
2025-02-16 23:00:00,336.88,-60.48
2025-02-17 00:00:00,186.98,-62.04
2025-02-17 01:00:00,37.9,-57.13
2025-02-17 02:00:00,57.83,-48.53
2025-02-17 03:00:00,72.09,-38.05
2025-02-17 04:00:00,83.27,-26.75
2025-02-17 05:00:00,92.65,-15.63
2025-02-17 06:00:00,102.48,-3.37
2025-02-17 07:00:00,110.82,6.17
2025-02-17 08:00:00,121.76,16.73
2025-02-17 09:00:00,134.13,25.84
2025-02-17 10:00:00,148.83,33.05
2025-02-17 11:00:00,165.96,37.51
2025-02-17 12:00:00,184.57,38.48
2025-02-17 13:00:00,203.05,35.67
2025-02-17 14:00:00,219.02,29.72
2025-02-17 15:00:00,232.5,21.46
2025-02-17 16:00:00,244.71,10.92
2025-02-17 17:00:00,253.11,2.11
2025-02-17 18:00:00,262.46,-9.28
2025-02-17 19:00:00,271.69,-20.55
2025-02-17 20:00:00,283.25,-33.29
2025-02-17 21:00:00,296.03,-44.16
2025-02-17 22:00:00,313.29,-53.67
2025-02-17 23:00:00,337.63,-60.23
2025-02-18 00:00:00,130.23,-61.55
2025-02-18 01:00:00,37.59,-56.82
2025-02-18 02:00:00,57.48,-48.27
2025-02-18 03:00:00,71.76,-37.82
2025-02-18 04:00:00,82.96,-26.53
2025-02-18 05:00:00,93.35,-14.2
2025-02-18 06:00:00,102.43,-2.86
2025-02-18 07:00:00,110.35,6.18
2025-02-18 08:00:00,121.25,16.77
2025-02-18 09:00:00,133.59,25.94
2025-02-18 10:00:00,148.29,33.23
2025-02-18 11:00:00,165.46,37.79
2025-02-18 12:00:00,184.49,38.82
2025-02-18 13:00:00,203.19,36.0
2025-02-18 14:00:00,219.22,30.03
2025-02-18 15:00:00,232.73,21.74
2025-02-18 16:00:00,244.87,11.26
2025-02-18 17:00:00,253.43,2.27
2025-02-18 18:00:00,262.92,-9.28
2025-02-18 19:00:00,272.17,-20.55
2025-02-18 20:00:00,283.79,-33.27
2025-02-18 21:00:00,296.65,-44.1
2025-02-18 22:00:00,314.01,-53.53
2025-02-18 23:00:00,338.36,-59.98
2025-02-19 00:00:00,130.13,-61.21
2025-02-19 01:00:00,37.29,-56.51
2025-02-19 02:00:00,57.13,-48.0
2025-02-19 03:00:00,71.42,-37.58
2025-02-19 04:00:00,82.65,-26.31
2025-02-19 05:00:00,92.88,-14.2
2025-02-19 06:00:00,102.2,-2.57
2025-02-19 07:00:00,110.24,6.58
2025-02-19 08:00:00,121.49,17.45
2025-02-19 09:00:00,133.95,26.59
2025-02-19 10:00:00,148.81,33.81
2025-02-19 11:00:00,166.16,38.26
2025-02-19 12:00:00,185.04,39.17
2025-02-19 13:00:00,203.32,36.34
2025-02-19 14:00:00,219.42,30.34
2025-02-19 15:00:00,232.97,22.02
2025-02-19 16:00:00,245.0,11.63
2025-02-19 17:00:00,253.76,2.44
2025-02-19 18:00:00,263.39,-9.29
2025-02-19 19:00:00,272.66,-20.55
2025-02-19 20:00:00,284.34,-33.26
2025-02-19 21:00:00,297.28,-44.05
2025-02-19 22:00:00,314.74,-53.39
2025-02-19 23:00:00,339.1,-59.71
2025-02-20 00:00:00,130.03,-60.85
2025-02-20 01:00:00,36.98,-56.2
2025-02-20 02:00:00,56.77,-47.73
2025-02-20 03:00:00,71.08,-37.34
2025-02-20 04:00:00,82.34,-26.09
2025-02-20 05:00:00,92.41,-14.2
2025-02-20 06:00:00,101.96,-2.29
2025-02-20 07:00:00,109.81,6.64
2025-02-20 08:00:00,120.97,17.49
2025-02-20 09:00:00,133.41,26.69
2025-02-20 10:00:00,148.25,34.0
2025-02-20 11:00:00,165.65,38.55
2025-02-20 12:00:00,184.64,39.54
2025-02-20 13:00:00,203.46,36.68
2025-02-20 14:00:00,219.63,30.65
2025-02-20 15:00:00,233.22,22.29
2025-02-20 16:00:00,245.45,11.7
2025-02-20 17:00:00,254.16,2.52
2025-02-20 18:00:00,263.86,-9.29
2025-02-20 19:00:00,273.15,-20.54
2025-02-20 20:00:00,284.89,-33.24
2025-02-20 21:00:00,297.92,-43.99
2025-02-20 22:00:00,315.47,-53.25
2025-02-20 23:00:00,339.83,-59.45
2025-02-21 00:00:00,129.93,-60.5
2025-02-21 01:00:00,36.68,-55.88
2025-02-21 02:00:00,56.42,-47.46
2025-02-21 03:00:00,70.75,-37.1
2025-02-21 04:00:00,82.03,-25.86
2025-02-21 05:00:00,91.93,-14.2
2025-02-21 06:00:00,101.49,-2.29
2025-02-21 07:00:00,109.33,6.66
2025-02-21 08:00:00,120.45,17.52
2025-02-21 09:00:00,132.86,26.79
2025-02-21 10:00:00,147.7,34.19
2025-02-21 11:00:00,165.12,38.83
2025-02-21 12:00:00,184.56,39.89
2025-02-21 13:00:00,203.61,37.02
2025-02-21 14:00:00,219.85,30.96
2025-02-21 15:00:00,233.47,22.57
2025-02-21 16:00:00,245.58,12.08
2025-02-21 17:00:00,254.28,2.94
2025-02-21 18:00:00,263.89,-8.74
2025-02-21 19:00:00,273.64,-20.54
2025-02-21 20:00:00,285.44,-33.22
2025-02-21 21:00:00,298.56,-43.92
2025-02-21 22:00:00,316.19,-53.1
2025-02-21 23:00:00,340.55,-59.17
2025-02-22 00:00:00,129.82,-60.14
2025-02-22 01:00:00,36.37,-55.56
2025-02-22 02:00:00,56.07,-47.19
2025-02-22 03:00:00,70.41,-36.86
2025-02-22 04:00:00,81.71,-25.63
2025-02-22 05:00:00,91.46,-14.2
2025-02-22 06:00:00,101.23,-2.03
2025-02-22 07:00:00,109.24,7.08
2025-02-22 08:00:00,120.69,18.22
2025-02-22 09:00:00,133.22,27.45
2025-02-22 10:00:00,148.22,34.78
2025-02-22 11:00:00,165.84,39.31
2025-02-22 12:00:00,185.13,40.24
2025-02-22 13:00:00,203.75,37.37
2025-02-22 14:00:00,220.06,31.27
2025-02-22 15:00:00,233.72,22.85
2025-02-22 16:00:00,245.68,12.5
2025-02-22 17:00:00,254.61,3.11
2025-02-22 18:00:00,263.79,-8.03
2025-02-22 19:00:00,273.22,-19.45
2025-02-22 20:00:00,286.0,-33.19
2025-02-22 21:00:00,299.2,-43.85
2025-02-22 22:00:00,316.93,-52.95
2025-02-22 23:00:00,341.28,-58.89
2025-02-23 00:00:00,129.73,-59.78
2025-02-23 01:00:00,36.08,-55.24
2025-02-23 02:00:00,55.72,-46.91
2025-02-23 03:00:00,70.07,-36.61
2025-02-23 04:00:00,81.4,-25.4
2025-02-23 05:00:00,90.97,-14.2
2025-02-23 06:00:00,100.96,-1.77
2025-02-23 07:00:00,108.92,7.28
2025-02-23 08:00:00,120.16,18.26
2025-02-23 09:00:00,132.66,27.56
2025-02-23 10:00:00,147.65,34.97
2025-02-23 11:00:00,165.31,39.61
2025-02-23 12:00:00,184.72,40.63
2025-02-23 13:00:00,203.9,37.72
2025-02-23 14:00:00,220.28,31.59
2025-02-23 15:00:00,233.97,23.14
2025-02-23 16:00:00,246.17,12.54
2025-02-23 17:00:00,255.11,3.09
2025-02-23 18:00:00,264.27,-8.03
2025-02-23 19:00:00,273.72,-19.45
2025-02-23 20:00:00,286.56,-33.17
2025-02-23 21:00:00,299.84,-43.78
2025-02-23 22:00:00,317.67,-52.79
2025-02-23 23:00:00,342.0,-58.61
2025-02-24 00:00:00,129.63,-59.42
2025-02-24 01:00:00,35.78,-54.91
2025-02-24 02:00:00,55.37,-46.63
2025-02-24 03:00:00,69.73,-36.36
2025-02-24 04:00:00,81.08,-25.16
2025-02-24 05:00:00,91.1,-13.44
2025-02-24 06:00:00,101.02,-1.12
2025-02-24 07:00:00,108.83,7.72
2025-02-24 08:00:00,120.4,18.96
2025-02-24 09:00:00,133.02,28.23
2025-02-24 10:00:00,148.18,35.58
2025-02-24 11:00:00,166.04,40.09
2025-02-24 12:00:00,185.29,40.98
2025-02-24 13:00:00,204.05,38.07
2025-02-24 14:00:00,220.5,31.9
2025-02-24 15:00:00,234.23,23.42
2025-02-24 16:00:00,246.26,12.98
2025-02-24 17:00:00,255.26,3.49
2025-02-24 18:00:00,264.34,-7.53
2025-02-24 19:00:00,274.23,-19.45
2025-02-24 20:00:00,287.13,-33.15
2025-02-24 21:00:00,300.5,-43.71
2025-02-24 22:00:00,318.41,-52.63
2025-02-24 23:00:00,342.71,-58.32
2025-02-25 00:00:00,129.54,-59.05
2025-02-25 01:00:00,35.5,-54.58
2025-02-25 02:00:00,55.03,-46.34
2025-02-25 03:00:00,69.4,-36.1
2025-02-25 04:00:00,80.77,-24.93
2025-02-25 05:00:00,90.61,-13.44
2025-02-25 06:00:00,100.53,-1.12
2025-02-25 07:00:00,108.34,7.74
2025-02-25 08:00:00,119.86,19.0
2025-02-25 09:00:00,132.46,28.33
2025-02-25 10:00:00,147.6,35.77
2025-02-25 11:00:00,165.5,40.39
2025-02-25 12:00:00,185.23,41.35
2025-02-25 13:00:00,204.2,38.42
2025-02-25 14:00:00,220.72,32.22
2025-02-25 15:00:00,234.49,23.71
2025-02-25 16:00:00,246.77,12.99
2025-02-25 17:00:00,255.77,3.48
2025-02-25 18:00:00,264.83,-7.53
2025-02-25 19:00:00,274.74,-19.44
2025-02-25 20:00:00,287.7,-33.12
2025-02-25 21:00:00,301.15,-43.63
2025-02-25 22:00:00,319.14,-52.46
2025-02-25 23:00:00,343.42,-58.03
2025-02-26 00:00:00,129.44,-58.68
2025-02-26 01:00:00,35.2,-54.25
2025-02-26 02:00:00,54.68,-46.06
2025-02-26 03:00:00,69.05,-35.85
2025-02-26 04:00:00,80.44,-24.69
2025-02-26 05:00:00,90.12,-13.44
2025-02-26 06:00:00,100.24,-0.89
2025-02-26 07:00:00,108.01,7.94
2025-02-26 08:00:00,119.33,19.04
2025-02-26 09:00:00,131.89,28.44
2025-02-26 10:00:00,147.02,35.96
2025-02-26 11:00:00,164.96,40.69
2025-02-26 12:00:00,184.81,41.73
2025-02-26 13:00:00,204.36,38.77
2025-02-26 14:00:00,220.96,32.54
2025-02-26 15:00:00,234.75,23.99
2025-02-26 16:00:00,246.84,13.45
2025-02-26 17:00:00,256.11,3.65
2025-02-26 18:00:00,265.32,-7.54
2025-02-26 19:00:00,273.88,-17.89
2025-02-26 20:00:00,284.42,-29.4
2025-02-26 21:00:00,296.9,-40.2
2025-02-26 22:00:00,313.21,-49.65
2025-02-26 23:00:00,335.38,-56.41
2025-02-27 00:00:00,185.33,-58.4
2025-02-27 01:00:00,34.92,-53.91
2025-02-27 02:00:00,54.34,-45.77
2025-02-27 03:00:00,68.72,-35.6
2025-02-27 04:00:00,80.13,-24.45
2025-02-27 05:00:00,89.62,-13.44
2025-02-27 06:00:00,99.94,-0.66
2025-02-27 07:00:00,107.93,8.4
2025-02-27 08:00:00,119.56,19.75
2025-02-27 09:00:00,132.24,29.11
2025-02-27 10:00:00,147.55,36.57
2025-02-27 11:00:00,165.69,41.18
2025-02-27 12:00:00,185.38,42.09
2025-02-27 13:00:00,204.51,39.12
2025-02-27 14:00:00,221.18,32.87
2025-02-27 15:00:00,235.01,24.28
2025-02-27 16:00:00,246.89,13.95
2025-02-27 17:00:00,256.46,3.81
2025-02-27 18:00:00,265.82,-7.54
2025-02-27 19:00:00,274.39,-17.89
2025-02-27 20:00:00,284.97,-29.38
2025-02-27 21:00:00,297.53,-40.14
2025-02-27 22:00:00,313.93,-49.51
2025-02-27 23:00:00,336.11,-56.15
2025-02-28 00:00:00,185.43,-58.04
2025-02-28 01:00:00,34.64,-53.58
2025-02-28 02:00:00,54.0,-45.47
2025-02-28 03:00:00,68.38,-35.33
2025-02-28 04:00:00,79.81,-24.21
2025-02-28 05:00:00,89.12,-13.44
2025-02-28 06:00:00,99.45,-0.66
2025-02-28 07:00:00,107.43,8.41
2025-02-28 08:00:00,119.01,19.79
2025-02-28 09:00:00,131.66,29.22
2025-02-28 10:00:00,146.96,36.77
2025-02-28 11:00:00,165.14,41.48
2025-02-28 12:00:00,185.33,42.47
2025-02-28 13:00:00,204.67,39.48
2025-02-28 14:00:00,221.42,33.19
2025-02-28 15:00:00,235.28,24.57
2025-02-28 16:00:00,247.44,13.94
2025-02-28 17:00:00,256.79,4.02
2025-02-28 18:00:00,265.92,-7.05
2025-02-28 19:00:00,274.9,-17.89
2025-02-28 20:00:00,285.53,-29.36
2025-02-28 21:00:00,298.17,-40.07
2025-02-28 22:00:00,314.65,-49.37
2025-02-28 23:00:00,336.84,-55.88
2025-03-01 00:00:00,185.52,-57.67
2025-03-01 01:00:00,34.36,-53.24
2025-03-01 02:00:00,53.66,-45.18
2025-03-01 03:00:00,68.05,-35.07
2025-03-01 04:00:00,79.49,-23.97
2025-03-01 05:00:00,88.62,-13.44
2025-03-01 06:00:00,99.15,-0.43
2025-03-01 07:00:00,107.35,8.88
2025-03-01 08:00:00,119.24,20.51
2025-03-01 09:00:00,132.02,29.9
2025-03-01 10:00:00,147.5,37.38
2025-03-01 11:00:00,165.9,41.98
2025-03-01 12:00:00,185.54,42.85
2025-03-01 13:00:00,204.83,39.84
2025-03-01 14:00:00,221.65,33.51
2025-03-01 15:00:00,235.55,24.86
2025-03-01 16:00:00,247.47,14.45
2025-03-01 17:00:00,257.15,4.18
2025-03-01 18:00:00,265.88,-6.41
2025-03-01 19:00:00,274.68,-17.02
2025-03-01 20:00:00,286.1,-29.34
2025-03-01 21:00:00,298.8,-40.01
2025-03-01 22:00:00,315.37,-49.22
2025-03-01 23:00:00,337.56,-55.62
2025-03-02 00:00:00,185.61,-57.3
2025-03-02 01:00:00,34.08,-52.9
2025-03-02 02:00:00,53.32,-44.89
2025-03-02 03:00:00,67.71,-34.81
2025-03-02 04:00:00,79.17,-23.72
2025-03-02 05:00:00,88.74,-12.68
2025-03-02 06:00:00,99.11,0.13
2025-03-02 07:00:00,107.03,9.09
2025-03-02 08:00:00,118.69,20.56
2025-03-02 09:00:00,131.44,30.01
2025-03-02 10:00:00,146.9,37.58
2025-03-02 11:00:00,165.34,42.28
2025-03-02 12:00:00,185.49,43.22
2025-03-02 13:00:00,205.0,40.2
2025-03-02 14:00:00,221.89,33.84
2025-03-02 15:00:00,235.82,25.16
2025-03-02 16:00:00,247.78,14.69
2025-03-02 17:00:00,257.66,4.17
2025-03-02 18:00:00,266.38,-6.41
2025-03-02 19:00:00,275.19,-17.02
2025-03-02 20:00:00,286.67,-29.32
2025-03-02 21:00:00,299.45,-39.94
2025-03-02 22:00:00,316.09,-49.07
2025-03-02 23:00:00,338.29,-55.34
2025-03-03 00:00:00,185.7,-56.92
2025-03-03 01:00:00,33.81,-52.55
2025-03-03 02:00:00,52.99,-44.58
2025-03-03 03:00:00,67.38,-34.54
2025-03-03 04:00:00,78.85,-23.47
2025-03-03 05:00:00,88.24,-12.68
2025-03-03 06:00:00,98.79,0.34
2025-03-03 07:00:00,106.69,9.31
2025-03-03 08:00:00,118.14,20.6
2025-03-03 09:00:00,130.85,30.12
2025-03-03 10:00:00,146.29,37.78
2025-03-03 11:00:00,164.77,42.59
2025-03-03 12:00:00,185.07,43.62
2025-03-03 13:00:00,205.16,40.56
2025-03-03 14:00:00,222.13,34.17
2025-03-03 15:00:00,236.09,25.45
2025-03-03 16:00:00,248.06,14.96
2025-03-03 17:00:00,258.02,4.34
2025-03-03 18:00:00,266.88,-6.41
2025-03-03 19:00:00,275.72,-17.02
2025-03-03 20:00:00,287.24,-29.29
2025-03-03 21:00:00,300.09,-39.86
2025-03-03 22:00:00,316.81,-48.91
2025-03-03 23:00:00,339.0,-55.06
2025-03-04 00:00:00,185.8,-56.55
2025-03-04 01:00:00,33.54,-52.21
2025-03-04 02:00:00,52.65,-44.28
2025-03-04 03:00:00,67.04,-34.27
2025-03-04 04:00:00,78.53,-23.22
2025-03-04 05:00:00,87.72,-12.68
2025-03-04 06:00:00,98.29,0.34
2025-03-04 07:00:00,106.45,9.6
2025-03-04 08:00:00,118.37,21.32
2025-03-04 09:00:00,131.2,30.81
2025-03-04 10:00:00,146.83,38.41
2025-03-04 11:00:00,165.54,43.09
2025-03-04 12:00:00,185.65,43.99
2025-03-04 13:00:00,205.33,40.92
2025-03-04 14:00:00,222.37,34.49
2025-03-04 15:00:00,236.37,25.74
2025-03-04 16:00:00,248.03,15.56
2025-03-04 17:00:00,258.21,4.71
2025-03-04 18:00:00,267.01,-5.95
2025-03-04 19:00:00,276.24,-17.01
2025-03-04 20:00:00,287.81,-29.27
2025-03-04 21:00:00,300.73,-39.79
2025-03-04 22:00:00,317.53,-48.75
2025-03-04 23:00:00,339.72,-54.78
2025-03-05 00:00:00,185.88,-56.17
2025-03-05 01:00:00,33.27,-51.86
2025-03-05 02:00:00,52.32,-43.98
2025-03-05 03:00:00,66.71,-34.0
2025-03-05 04:00:00,79.34,-21.73
2025-03-05 05:00:00,87.85,-11.93
2025-03-05 06:00:00,97.97,0.55
2025-03-05 07:00:00,106.12,9.82
2025-03-05 08:00:00,117.81,21.36
2025-03-05 09:00:00,130.61,30.92
2025-03-05 10:00:00,146.22,38.61
2025-03-05 11:00:00,164.97,43.4
2025-03-05 12:00:00,185.6,44.37
2025-03-05 13:00:00,205.5,41.28
2025-03-05 14:00:00,222.62,34.82
2025-03-05 15:00:00,236.65,26.04
2025-03-05 16:00:00,248.32,15.82
2025-03-05 17:00:00,258.73,4.7
2025-03-05 18:00:00,267.52,-5.95
2025-03-05 19:00:00,276.76,-17.01
2025-03-05 20:00:00,288.39,-29.24
2025-03-05 21:00:00,301.38,-39.72
2025-03-05 22:00:00,318.25,-48.59
2025-03-05 23:00:00,340.43,-54.49
2025-03-06 00:00:00,185.98,-55.78
2025-03-06 01:00:00,33.0,-51.51
2025-03-06 02:00:00,51.99,-43.67
2025-03-06 03:00:00,66.38,-33.73
2025-03-06 04:00:00,78.16,-22.41
2025-03-06 05:00:00,87.95,-11.18
2025-03-06 06:00:00,97.87,1.05
2025-03-06 07:00:00,106.07,10.33
2025-03-06 08:00:00,118.04,22.09
2025-03-06 09:00:00,130.96,31.61
2025-03-06 10:00:00,146.76,39.23
2025-03-06 11:00:00,165.74,43.91
2025-03-06 12:00:00,185.82,44.76
2025-03-06 13:00:00,205.67,41.65
2025-03-06 14:00:00,222.87,35.15
2025-03-06 15:00:00,236.93,26.33
2025-03-06 16:00:00,248.61,16.09
2025-03-06 17:00:00,259.09,4.87
2025-03-06 18:00:00,268.03,-5.95
2025-03-06 19:00:00,277.29,-17.01
2025-03-06 20:00:00,288.97,-29.21
2025-03-06 21:00:00,302.03,-39.63
2025-03-06 22:00:00,318.96,-48.42
2025-03-06 23:00:00,341.13,-54.2
2025-03-07 00:00:00,128.67,-55.29
2025-03-07 01:00:00,32.75,-51.16
2025-03-07 02:00:00,51.67,-43.37
2025-03-07 03:00:00,66.05,-33.46
2025-03-07 04:00:00,77.77,-22.24
2025-03-07 05:00:00,87.44,-11.19
2025-03-07 06:00:00,96.85,0.45
2025-03-07 07:00:00,,
2025-03-07 08:00:00,123.18,26.92
2025-03-07 09:00:00,130.47,31.79
2025-03-07 10:00:00,146.28,39.48
2025-03-07 11:00:00,165.32,44.24
2025-03-07 12:00:00,185.8,45.15
2025-03-07 13:00:00,205.85,42.01
2025-03-07 14:00:00,223.12,35.48
2025-03-07 15:00:00,237.21,26.62
2025-03-07 16:00:00,248.9,16.36
2025-03-07 17:00:00,259.29,5.23
2025-03-07 18:00:00,268.18,-5.49
2025-03-07 19:00:00,277.82,-17.01
2025-03-07 20:00:00,289.55,-29.19
2025-03-07 21:00:00,302.69,-39.56
2025-03-07 22:00:00,319.69,-48.25
2025-03-07 23:00:00,341.84,-53.9
2025-03-08 00:00:00,128.59,-54.9
2025-03-08 01:00:00,32.49,-50.81
2025-03-08 02:00:00,51.34,-43.06
2025-03-08 03:00:00,65.71,-33.18
2025-03-08 04:00:00,77.38,-22.07
2025-03-08 05:00:00,86.92,-11.19
2025-03-08 06:00:00,97.04,1.25
2025-03-08 07:00:00,105.25,10.6
2025-03-08 08:00:00,116.92,22.18
2025-03-08 09:00:00,129.77,31.84
2025-03-08 10:00:00,145.53,39.64
2025-03-08 11:00:00,164.59,44.53
2025-03-08 12:00:00,185.71,45.53
2025-03-08 13:00:00,206.03,42.38
2025-03-08 14:00:00,223.38,35.81
2025-03-08 15:00:00,237.5,26.92
2025-03-08 16:00:00,249.2,16.62
2025-03-08 17:00:00,259.81,5.22
2025-03-08 18:00:00,268.68,-5.49
2025-03-08 19:00:00,278.35,-17.0
2025-03-08 20:00:00,290.14,-29.16
2025-03-08 21:00:00,303.34,-39.47
2025-03-08 22:00:00,320.41,-48.07
2025-03-08 23:00:00,342.53,-53.6
2025-03-09 00:00:00,128.51,-54.51
2025-03-09 01:00:00,32.24,-50.45
2025-03-09 02:00:00,51.02,-42.74
2025-03-09 03:00:00,65.39,-32.9
2025-03-09 04:00:00,76.99,-21.89
2025-03-09 05:00:00,86.95,-10.53
2025-03-09 06:00:00,96.92,1.74
2025-03-09 07:00:00,105.24,11.17
2025-03-09 08:00:00,117.14,22.91
2025-03-09 09:00:00,130.11,32.54
2025-03-09 10:00:00,146.07,40.27
2025-03-09 11:00:00,165.38,45.05
2025-03-09 12:00:00,185.95,45.92
2025-03-09 13:00:00,206.21,42.75
2025-03-09 14:00:00,223.63,36.14
2025-03-09 15:00:00,237.79,27.21
2025-03-09 16:00:00,249.5,16.89
2025-03-09 17:00:00,260.01,5.58
2025-03-09 18:00:00,268.39,-4.47
2025-03-09 19:00:00,278.16,-16.17
2025-03-09 20:00:00,290.72,-29.13
2025-03-09 21:00:00,303.99,-39.39
2025-03-09 22:00:00,321.12,-47.9
2025-03-09 23:00:00,343.21,-53.3
2025-03-10 00:00:00,128.44,-54.12
2025-03-10 01:00:00,31.98,-50.1
2025-03-10 02:00:00,50.7,-42.43
2025-03-10 03:00:00,65.06,-32.63
2025-03-10 04:00:00,77.8,-20.41
2025-03-10 05:00:00,87.06,-9.79
2025-03-10 06:00:00,96.58,1.93
2025-03-10 07:00:00,104.93,11.42
2025-03-10 08:00:00,116.58,22.96
2025-03-10 09:00:00,129.51,32.65
2025-03-10 10:00:00,145.44,40.48
2025-03-10 11:00:00,164.79,45.36
2025-03-10 12:00:00,186.6,46.24
2025-03-10 13:00:00,207.66,42.76
2025-03-10 14:00:00,224.93,35.93
2025-03-10 15:00:00,238.92,26.85
2025-03-10 16:00:00,250.51,16.44
2025-03-10 17:00:00,260.7,5.38
2025-03-10 18:00:00,268.9,-4.47
2025-03-10 19:00:00,278.7,-16.16
2025-03-10 20:00:00,291.32,-29.1
2025-03-10 21:00:00,304.65,-39.29
2025-03-10 22:00:00,321.84,-47.71
2025-03-10 23:00:00,343.9,-52.99
2025-03-11 00:00:00,128.36,-53.74
2025-03-11 01:00:00,31.74,-49.74
2025-03-11 02:00:00,50.39,-42.12
2025-03-11 03:00:00,64.73,-32.35
2025-03-11 04:00:00,77.37,-20.28
2025-03-11 05:00:00,86.54,-9.79
2025-03-11 06:00:00,96.24,2.13
2025-03-11 07:00:00,104.95,12.01
2025-03-11 08:00:00,116.8,23.7
2025-03-11 09:00:00,129.86,33.35
2025-03-11 10:00:00,146.0,41.11
2025-03-11 11:00:00,165.6,45.87
2025-03-11 12:00:00,187.29,46.61
2025-03-11 13:00:00,207.86,43.13
2025-03-11 14:00:00,225.2,36.26
2025-03-11 15:00:00,239.22,27.15
2025-03-11 16:00:00,250.81,16.71
2025-03-11 17:00:00,261.05,5.56
2025-03-11 18:00:00,269.09,-4.06
2025-03-11 19:00:00,279.23,-16.16
2025-03-11 20:00:00,291.91,-29.07
2025-03-11 21:00:00,305.31,-39.21
2025-03-11 22:00:00,322.56,-47.52
2025-03-11 23:00:00,344.57,-52.68
2025-03-12 00:00:00,128.29,-53.35
2025-03-12 01:00:00,31.49,-49.38
2025-03-12 02:00:00,50.07,-41.8
2025-03-12 03:00:00,64.41,-32.06
2025-03-12 04:00:00,76.94,-20.14
2025-03-12 05:00:00,86.51,-9.2
2025-03-12 06:00:00,96.11,2.59
2025-03-12 07:00:00,104.65,12.28
2025-03-12 08:00:00,116.23,23.74
2025-03-12 09:00:00,129.25,33.46
2025-03-12 10:00:00,145.36,41.31
2025-03-12 11:00:00,165.0,46.19
2025-03-12 12:00:00,186.79,47.03
2025-03-12 13:00:00,208.05,43.49
2025-03-12 14:00:00,225.47,36.59
2025-03-12 15:00:00,239.51,27.44
2025-03-12 16:00:00,251.11,16.97
2025-03-12 17:00:00,261.42,5.74
2025-03-12 18:00:00,269.63,-4.09
2025-03-12 19:00:00,279.76,-16.16
2025-03-12 20:00:00,292.5,-29.03
2025-03-12 21:00:00,305.97,-39.11
2025-03-12 22:00:00,323.27,-47.33
2025-03-12 23:00:00,345.25,-52.36
2025-03-13 00:00:00,128.21,-52.96
2025-03-13 01:00:00,31.25,-49.02
2025-03-13 02:00:00,49.76,-41.49
2025-03-13 03:00:00,64.08,-31.78
2025-03-13 04:00:00,76.51,-20.02
2025-03-13 05:00:00,85.99,-9.2
2025-03-13 06:00:00,95.6,2.59
2025-03-13 07:00:00,104.12,12.29
2025-03-13 08:00:00,115.66,23.79
2025-03-13 09:00:00,128.64,33.57
2025-03-13 10:00:00,144.73,41.52
2025-03-13 11:00:00,164.41,46.51
2025-03-13 12:00:00,186.74,47.41
2025-03-13 13:00:00,208.25,43.86
2025-03-13 14:00:00,225.74,36.92
2025-03-13 15:00:00,239.81,27.73
2025-03-13 16:00:00,251.41,17.24
2025-03-13 17:00:00,261.77,5.93
2025-03-13 18:00:00,269.87,-3.75
2025-03-13 19:00:00,280.3,-16.15
2025-03-13 20:00:00,293.1,-29.0
2025-03-13 21:00:00,306.63,-39.01
2025-03-13 22:00:00,323.98,-47.14
2025-03-13 23:00:00,345.92,-52.04
2025-03-14 00:00:00,128.15,-52.57
2025-03-14 01:00:00,31.02,-48.66
2025-03-14 02:00:00,49.45,-41.16
2025-03-14 03:00:00,63.76,-31.5
2025-03-14 04:00:00,76.07,-19.88
2025-03-14 05:00:00,85.93,-8.64
2025-03-14 06:00:00,95.45,3.03
2025-03-14 07:00:00,104.16,12.92
2025-03-14 08:00:00,115.88,24.53
2025-03-14 09:00:00,128.99,34.28
2025-03-14 10:00:00,145.28,42.16
2025-03-14 11:00:00,165.23,47.02
2025-03-14 12:00:00,187.45,47.78
2025-03-14 13:00:00,208.45,44.23
2025-03-14 14:00:00,226.02,37.24
2025-03-14 15:00:00,240.11,28.02
2025-03-14 16:00:00,251.72,17.51
2025-03-14 17:00:00,262.28,5.94
2025-03-14 18:00:00,270.39,-3.75
2025-03-14 19:00:00,280.85,-16.15
2025-03-14 20:00:00,293.7,-28.96
2025-03-14 21:00:00,307.29,-38.91
2025-03-14 22:00:00,324.69,-46.94
2025-03-14 23:00:00,346.57,-51.71
2025-03-15 00:00:00,128.08,-52.18
2025-03-15 01:00:00,30.78,-48.3
2025-03-15 02:00:00,49.15,-40.84
2025-03-15 03:00:00,63.44,-31.21
2025-03-15 04:00:00,76.52,-18.8
2025-03-15 05:00:00,86.0,-7.94
2025-03-15 06:00:00,95.1,3.23
2025-03-15 07:00:00,103.88,13.21
2025-03-15 08:00:00,115.31,24.57
2025-03-15 09:00:00,128.37,34.39
2025-03-15 10:00:00,144.64,42.36
2025-03-15 11:00:00,164.63,47.34
2025-03-15 12:00:00,186.94,48.2
2025-03-15 13:00:00,208.65,44.59
2025-03-15 14:00:00,226.29,37.57
2025-03-15 15:00:00,240.41,28.32
2025-03-15 16:00:00,252.02,17.78
2025-03-15 17:00:00,262.49,6.3
2025-03-15 18:00:00,270.65,-3.43
2025-03-15 19:00:00,281.38,-16.15
2025-03-15 20:00:00,294.3,-28.92
2025-03-15 21:00:00,307.95,-38.81
2025-03-15 22:00:00,325.4,-46.74
2025-03-15 23:00:00,347.23,-51.39
2025-03-16 00:00:00,128.01,-51.78
2025-03-16 01:00:00,30.55,-47.94
2025-03-16 02:00:00,48.84,-40.52
2025-03-16 03:00:00,63.12,-30.93
2025-03-16 04:00:00,76.07,-18.69
2025-03-16 05:00:00,85.48,-7.95
2025-03-16 06:00:00,94.75,3.42
2025-03-16 07:00:00,103.95,13.87
2025-03-16 08:00:00,115.53,25.32
2025-03-16 09:00:00,128.73,35.11
2025-03-16 10:00:00,145.21,43.01
2025-03-16 11:00:00,165.47,47.86
2025-03-16 12:00:00,187.64,48.57
2025-03-16 13:00:00,208.86,44.96
2025-03-16 14:00:00,226.57,37.9
2025-03-16 15:00:00,240.71,28.61
2025-03-16 16:00:00,252.33,18.04
2025-03-16 17:00:00,262.99,6.32
2025-03-16 18:00:00,270.74,-2.92
2025-03-16 19:00:00,281.23,-15.36
2025-03-16 20:00:00,294.89,-28.88
2025-03-16 21:00:00,308.61,-38.71
2025-03-16 22:00:00,326.1,-46.53
2025-03-16 23:00:00,347.87,-51.05
2025-03-17 00:00:00,127.94,-51.39
2025-03-17 01:00:00,30.32,-47.57
2025-03-17 02:00:00,48.54,-40.2
2025-03-17 03:00:00,62.8,-30.64
2025-03-17 04:00:00,75.61,-18.59
2025-03-17 05:00:00,85.38,-7.44
2025-03-17 06:00:00,94.59,3.84
2025-03-17 07:00:00,103.69,14.19
2025-03-17 08:00:00,114.95,25.37
2025-03-17 09:00:00,128.1,35.22
2025-03-17 10:00:00,144.55,43.21
2025-03-17 11:00:00,164.86,48.18
2025-03-17 12:00:00,187.63,48.96
2025-03-17 13:00:00,209.07,45.32
2025-03-17 14:00:00,226.85,38.22
2025-03-17 15:00:00,241.01,28.9
2025-03-17 16:00:00,252.63,18.31
2025-03-17 17:00:00,263.32,6.54
2025-03-17 18:00:00,271.03,-2.63
2025-03-17 19:00:00,280.78,-14.29
2025-03-17 20:00:00,291.51,-25.31
2025-03-17 21:00:00,304.33,-35.52
2025-03-17 22:00:00,320.48,-44.05
2025-03-17 23:00:00,340.89,-49.71
2025-03-18 00:00:00,185.0,-51.1
2025-03-18 01:00:00,30.09,-47.21
2025-03-18 02:00:00,48.24,-39.88
2025-03-18 03:00:00,62.49,-30.35
2025-03-18 04:00:00,75.16,-18.48
2025-03-18 05:00:00,84.85,-7.44
2025-03-18 06:00:00,94.07,3.84
2025-03-18 07:00:00,103.16,14.2
2025-03-18 08:00:00,114.38,25.41
2025-03-18 09:00:00,127.48,35.32
2025-03-18 10:00:00,143.89,43.41
2025-03-18 11:00:00,164.25,48.49
2025-03-18 12:00:00,187.11,49.37
2025-03-18 13:00:00,209.28,45.69
2025-03-18 14:00:00,227.14,38.55
2025-03-18 15:00:00,241.32,29.19
2025-03-18 16:00:00,252.94,18.58
2025-03-18 17:00:00,263.7,6.7
2025-03-18 18:00:00,271.54,-2.63
2025-03-18 19:00:00,281.32,-14.29
2025-03-18 20:00:00,292.1,-25.29
2025-03-18 21:00:00,304.97,-35.44
2025-03-18 22:00:00,321.18,-43.88
2025-03-18 23:00:00,341.56,-49.41
2025-03-19 00:00:00,185.09,-50.71
2025-03-19 01:00:00,29.87,-46.85
2025-03-19 02:00:00,47.95,-39.56
2025-03-19 03:00:00,62.18,-30.06
2025-03-19 04:00:00,74.7,-18.38
2025-03-19 05:00:00,84.74,-6.95
2025-03-19 06:00:00,93.9,4.25
2025-03-19 07:00:00,103.26,14.91
2025-03-19 08:00:00,114.6,26.16
2025-03-19 09:00:00,127.83,36.04
2025-03-19 10:00:00,144.47,44.06
2025-03-19 11:00:00,165.11,49.02
2025-03-19 12:00:00,187.82,49.74
2025-03-19 13:00:00,209.49,46.05
2025-03-19 14:00:00,227.42,38.88
2025-03-19 15:00:00,241.63,29.48
2025-03-19 16:00:00,253.25,18.84
2025-03-19 17:00:00,264.02,6.93
2025-03-19 18:00:00,271.84,-2.35
2025-03-19 19:00:00,281.86,-14.28
2025-03-19 20:00:00,292.68,-25.26
2025-03-19 21:00:00,305.62,-35.35
2025-03-19 22:00:00,321.87,-43.69
2025-03-19 23:00:00,342.23,-49.12
2025-03-20 00:00:00,185.19,-50.32
2025-03-20 01:00:00,29.65,-46.48
2025-03-20 02:00:00,47.66,-39.23
2025-03-20 03:00:00,61.87,-29.77
2025-03-20 04:00:00,74.98,-17.48
2025-03-20 05:00:00,84.77,-6.3
2025-03-20 06:00:00,93.54,4.44
2025-03-20 07:00:00,103.03,15.27
2025-03-20 08:00:00,114.03,26.2
2025-03-20 09:00:00,127.21,36.15
2025-03-20 10:00:00,143.81,44.27
2025-03-20 11:00:00,164.49,49.33
2025-03-20 12:00:00,187.82,50.13
2025-03-20 13:00:00,209.71,46.42
2025-03-20 14:00:00,227.71,39.2
2025-03-20 15:00:00,241.94,29.77
2025-03-20 16:00:00,253.56,19.11
2025-03-20 17:00:00,264.51,6.96
2025-03-20 18:00:00,272.35,-2.36
2025-03-20 19:00:00,282.4,-14.28
2025-03-20 20:00:00,293.27,-25.24
2025-03-20 21:00:00,306.26,-35.26
2025-03-20 22:00:00,322.56,-43.52
2025-03-20 23:00:00,342.89,-48.81
2025-03-21 00:00:00,127.68,-49.83
2025-03-21 01:00:00,29.44,-46.12
2025-03-21 02:00:00,47.37,-38.91
2025-03-21 03:00:00,61.56,-29.48
2025-03-21 04:00:00,74.77,-17.1
2025-03-21 05:00:00,84.25,-6.31
2025-03-21 06:00:00,93.19,4.62
2025-03-21 07:00:00,103.18,16.02
2025-03-21 08:00:00,114.24,26.95
2025-03-21 09:00:00,127.56,36.87
2025-03-21 10:00:00,144.39,44.92
2025-03-21 11:00:00,165.37,49.85
2025-03-21 12:00:00,188.02,50.52
2025-03-21 13:00:00,209.93,46.78
2025-03-21 14:00:00,228.01,39.52
2025-03-21 15:00:00,242.25,30.06
2025-03-21 16:00:00,253.87,19.37
2025-03-21 17:00:00,264.72,7.32
2025-03-21 18:00:00,272.65,-2.09
2025-03-21 19:00:00,282.94,-14.28
2025-03-21 20:00:00,293.86,-25.21
2025-03-21 21:00:00,306.9,-35.17
2025-03-21 22:00:00,323.24,-43.33
2025-03-21 23:00:00,343.55,-48.51
2025-03-22 00:00:00,127.62,-49.44
2025-03-22 01:00:00,29.22,-45.75
2025-03-22 02:00:00,47.08,-38.58
2025-03-22 03:00:00,61.26,-29.19
2025-03-22 04:00:00,74.27,-17.05
2025-03-22 05:00:00,84.1,-5.85
2025-03-22 06:00:00,92.84,4.83
2025-03-22 07:00:00,102.65,16.04
2025-03-22 08:00:00,113.67,27.0
2025-03-22 09:00:00,126.93,36.98
2025-03-22 10:00:00,143.73,45.12
2025-03-22 11:00:00,164.75,50.17
2025-03-22 12:00:00,188.02,50.91
2025-03-22 13:00:00,210.15,47.14
2025-03-22 14:00:00,228.3,39.84
2025-03-22 15:00:00,242.56,30.35
2025-03-22 16:00:00,254.18,19.64
2025-03-22 17:00:00,265.2,7.36
2025-03-22 18:00:00,273.17,-2.09
2025-03-22 19:00:00,283.48,-14.27
2025-03-22 20:00:00,294.45,-25.18
2025-03-22 21:00:00,307.55,-35.08
2025-03-22 22:00:00,323.94,-43.15
2025-03-22 23:00:00,344.2,-48.2
2025-03-23 00:00:00,127.56,-49.04
2025-03-23 01:00:00,29.01,-45.39
2025-03-23 02:00:00,46.8,-38.26
2025-03-23 03:00:00,60.95,-28.9
2025-03-23 04:00:00,73.76,-17.0
2025-03-23 05:00:00,83.58,-5.85
2025-03-23 06:00:00,92.5,5.03
2025-03-23 07:00:00,102.8,16.8
2025-03-23 08:00:00,113.89,27.75
2025-03-23 09:00:00,127.3,37.7
2025-03-23 10:00:00,144.33,45.78
2025-03-23 11:00:00,165.66,50.69
2025-03-23 12:00:00,188.82,51.27
2025-03-23 13:00:00,210.38,47.51
2025-03-23 14:00:00,228.59,40.17
2025-03-23 15:00:00,242.87,30.63
2025-03-23 16:00:00,254.49,19.9
2025-03-23 17:00:00,265.51,7.61
2025-03-23 18:00:00,273.47,-1.84
2025-03-23 19:00:00,284.02,-14.27
2025-03-23 20:00:00,295.04,-25.15
2025-03-23 21:00:00,308.19,-34.99
2025-03-23 22:00:00,324.61,-42.96
2025-03-23 23:00:00,344.85,-47.89
2025-03-24 00:00:00,127.5,-48.65
2025-03-24 01:00:00,28.81,-45.02
2025-03-24 02:00:00,46.52,-37.93
2025-03-24 03:00:00,60.65,-28.61
2025-03-24 04:00:00,73.25,-16.95
2025-03-24 05:00:00,83.42,-5.39
2025-03-24 06:00:00,92.15,5.21
2025-03-24 07:00:00,102.26,16.81
2025-03-24 08:00:00,113.31,27.8
2025-03-24 09:00:00,126.66,37.81
2025-03-24 10:00:00,143.65,45.98
2025-03-24 11:00:00,165.03,51.01
2025-03-24 12:00:00,188.23,51.69
2025-03-24 13:00:00,210.6,47.87
2025-03-24 14:00:00,228.89,40.48
2025-03-24 15:00:00,243.19,30.92
2025-03-24 16:00:00,254.8,20.16
2025-03-24 17:00:00,265.73,7.96
2025-03-24 18:00:00,273.44,-1.18
2025-03-24 19:00:00,283.89,-13.52
2025-03-24 20:00:00,295.64,-25.12
2025-03-24 21:00:00,308.84,-34.89
2025-03-24 22:00:00,325.3,-42.77
2025-03-24 23:00:00,,
2025-03-25 00:00:00,,
2025-03-25 01:00:00,,
2025-03-25 02:00:00,,
2025-03-25 03:00:00,,
2025-03-25 04:00:00,,
2025-03-25 05:00:00,,
2025-03-25 06:00:00,,
2025-03-25 07:00:00,,
2025-03-25 08:00:00,,
2025-03-25 09:00:00,,
2025-03-25 10:00:00,,
2025-03-25 11:00:00,,
2025-03-25 12:00:00,,
2025-03-25 13:00:00,,
2025-03-25 14:00:00,,
2025-03-25 15:00:00,,
2025-03-25 16:00:00,,
2025-03-25 17:00:00,,
2025-03-25 18:00:00,273.53,-0.55
